date,cbbtcusd,nikkei225
2014-12-01,370.0,17590.1
2014-12-02,378.0,17663.22
2014-12-03,378.0,17720.43
2014-12-04,377.1,17887.21
2014-12-08,375.0,17935.64
2014-12-10,360.5,17412.58
2014-12-12,350.0,17371.58
2014-12-18,340.0,17210.05
2015-01-08,288.99,17167.1
2015-01-13,260.0,17087.71
2015-01-14,120.0,16795.96
2015-01-15,204.22,17108.7
2015-01-16,199.46,16864.16
2015-01-19,225.51,17014.29
2015-01-20,218.0,17366.3
2015-01-21,225.51,17280.48
2015-01-22,226.32,17329.02
2015-01-23,235.0,17511.75
2015-01-26,274.48,17468.52
2015-01-27,263.65,17768.3
2015-01-28,236.09,17795.73
2015-01-29,235.03,17606.22
2015-01-30,229.07,17674.39
2015-02-02,237.83,17558.04
2015-02-03,228.58,17335.85
2015-02-04,227.11,17678.74
2015-02-05,216.76,17504.62
2015-02-06,223.2,17648.5
2015-02-09,221.1,17711.93
2015-02-10,220.87,17652.68
2015-02-12,223.21,17979.72
2015-02-13,236.49,17913.36
2015-02-16,234.68,18004.77
2015-02-17,244.82,17987.09
2015-02-18,237.49,18199.17
2015-02-19,240.9,18264.79
2015-02-20,245.34,18332.3
2015-02-23,239.49,18466.92
2015-02-24,239.87,18603.48
2015-02-25,238.19,18585.2
2015-02-26,237.11,18785.79
2015-02-27,254.42,18797.94
2015-03-02,276.7,18826.88
2015-03-03,283.27,18815.16
2015-03-04,273.37,18703.6
2015-03-05,276.86,18751.84
2015-03-06,273.23,18971.0
2015-03-09,290.19,18790.55
2015-03-10,293.47,18665.11
2015-03-11,296.99,18723.52
2015-03-12,296.05,18991.11
2015-03-13,284.0,19254.25
2015-03-16,292.37,19246.06
2015-03-17,286.74,19437.0
2015-03-18,258.5,19544.48
2015-03-19,263.05,19476.56
2015-03-20,263.31,19560.22
2015-03-23,267.53,19754.36
2015-03-24,246.15,19713.45
2015-03-25,246.88,19746.2
2015-03-26,249.88,19471.12
2015-03-27,247.81,19285.63
2015-03-30,248.78,19411.4
2015-03-31,245.5,19206.99
2015-04-01,247.87,19034.84
2015-04-02,254.39,19312.79
2015-04-03,254.84,19435.08
2015-04-06,256.85,19397.98
2015-04-07,254.27,19640.54
2015-04-08,246.58,19789.81
2015-04-09,244.74,19937.72
2015-04-10,236.78,19907.63
2015-04-13,225.73,19905.46
2015-04-14,221.05,19908.68
2015-04-15,224.35,19869.76
2015-04-16,229.45,19885.77
2015-04-17,223.62,19652.88
2015-04-20,225.37,19634.49
2015-04-21,235.89,19909.09
2015-04-22,233.98,20133.9
2015-04-23,235.99,20187.65
2015-04-24,231.51,20020.04
2015-04-27,227.58,19983.32
2015-04-28,225.64,20058.95
2015-04-30,236.81,19520.01
2015-05-01,233.14,19531.63
2015-05-07,237.99,19291.99
2015-05-08,244.54,19379.19
2015-05-11,242.86,19620.91
2015-05-12,242.03,19624.84
2015-05-13,236.32,19764.72
2015-05-14,237.46,19570.24
2015-05-15,237.82,19732.92
2015-05-18,234.04,19890.27
2015-05-19,232.59,20026.38
2015-05-20,234.54,20196.56
2015-05-21,235.77,20202.87
2015-05-22,240.45,20264.41
2015-05-25,237.43,20413.77
2015-05-26,236.79,20437.48
2015-05-27,237.35,20472.58
2015-05-28,237.34,20551.46
2015-05-29,236.89,20563.15
2015-06-01,223.56,20569.87
2015-06-02,225.85,20543.19
2015-06-03,225.86,20473.51
2015-06-04,224.57,20488.19
2015-06-05,224.97,20460.9
2015-06-08,229.1,20457.19
2015-06-09,229.18,20096.3
2015-06-10,228.73,20046.36
2015-06-11,229.69,20382.97
2015-06-12,229.47,20407.08
2015-06-15,236.99,20387.79
2015-06-16,251.91,20257.94
2015-06-17,250.25,20219.27
2015-06-18,249.27,19990.82
2015-06-19,246.33,20174.24
2015-06-22,247.5,20428.19
2015-06-23,244.52,20809.42
2015-06-24,240.04,20868.03
2015-06-25,242.44,20771.4
2015-06-26,243.0,20706.15
2015-06-29,257.54,20109.95
2015-06-30,263.82,20235.73
2015-07-01,259.02,20329.32
2015-07-02,254.85,20522.5
2015-07-03,256.95,20539.79
2015-07-06,269.94,20112.12
2015-07-07,266.18,20376.59
2015-07-08,270.97,19737.64
2015-07-09,269.75,19855.5
2015-07-10,286.67,19779.83
2015-07-13,293.08,20089.77
2015-07-14,287.51,20385.33
2015-07-15,285.7,20463.33
2015-07-16,279.38,20600.12
2015-07-17,280.58,20650.92
2015-07-21,277.32,20841.97
2015-07-22,277.89,20593.67
2015-07-23,277.39,20683.95
2015-07-24,289.12,20544.53
2015-07-27,294.21,20350.1
2015-07-28,295.76,20328.89
2015-07-29,290.19,20302.91
2015-07-30,288.49,20522.83
2015-07-31,285.19,20585.24
2015-08-03,280.95,20548.11
2015-08-04,285.51,20520.36
2015-08-05,282.77,20614.06
2015-08-06,279.65,20664.44
2015-08-07,279.94,20724.56
2015-08-10,265.15,20808.69
2015-08-11,271.99,20720.75
2015-08-12,266.94,20392.77
2015-08-13,264.67,20595.55
2015-08-14,266.17,20519.45
2015-08-17,257.31,20620.26
2015-08-18,221.99,20554.47
2015-08-19,227.34,20222.63
2015-08-20,235.56,20033.52
2015-08-21,232.85,19435.83
2015-08-24,211.16,18540.68
2015-08-25,223.73,17806.7
2015-08-26,226.81,18376.83
2015-08-27,225.8,18574.44
2015-08-28,231.55,19136.32
2015-08-31,230.75,18890.48
2015-09-01,228.22,18165.69
2015-09-02,229.97,18095.4
2015-09-03,227.25,18182.39
2015-09-04,231.39,17792.16
2015-09-07,241.31,17860.47
2015-09-08,244.14,17427.08
2015-09-09,238.75,18770.51
2015-09-10,238.52,18299.62
2015-09-11,240.9,18264.22
2015-09-14,231.01,17965.7
2015-09-15,230.6,18026.48
2015-09-16,229.73,18171.6
2015-09-17,233.34,18432.27
2015-09-18,233.78,18070.21
2015-09-24,235.27,17571.83
2015-09-25,235.89,17880.51
2015-09-28,239.99,17645.11
2015-09-29,236.89,16930.84
2015-09-30,237.14,17388.15
2015-10-01,238.34,17722.42
2015-10-02,238.28,17725.13
2015-10-05,240.95,18005.49
2015-10-06,246.64,18186.1
2015-10-07,244.0,18322.98
2015-10-08,242.94,18141.17
2015-10-09,244.35,18438.67
2015-10-13,250.99,18234.74
2015-10-14,253.27,17891.0
2015-10-15,254.99,18096.9
2015-10-16,263.43,18291.8
2015-10-19,265.17,18131.23
2015-10-20,271.14,18207.15
2015-10-21,268.77,18554.28
2015-10-22,275.84,18435.87
2015-10-23,278.76,18825.3
2015-10-26,287.1,18947.12
2015-10-27,295.61,18777.04
2015-10-28,304.09,18903.02
2015-10-29,316.08,18935.71
2015-10-30,329.11,19083.1
2015-11-02,365.21,18683.24
2015-11-04,410.0,18926.91
2015-11-05,387.21,19116.41
2015-11-06,374.09,19265.6
2015-11-09,379.53,19642.74
2015-11-10,337.14,19671.26
2015-11-11,313.2,19691.39
2015-11-12,336.49,19697.77
2015-11-13,338.07,19596.91
2015-11-16,332.89,19393.69
2015-11-17,336.49,19630.63
2015-11-18,335.49,19649.18
2015-11-19,326.41,19859.81
2015-11-20,322.39,19879.81
2015-11-24,321.0,19924.89
2015-11-25,328.98,19847.58
2015-11-26,352.57,19944.41
2015-11-27,358.19,19883.94
2015-11-30,376.86,19747.47
2015-12-01,362.68,20012.4
2015-12-02,360.0,19938.13
2015-12-03,361.77,19939.9
2015-12-04,363.98,19504.48
2015-12-07,394.73,19698.15
2015-12-08,418.94,19492.6
2015-12-09,418.39,19301.07
2015-12-10,415.68,19046.55
2015-12-11,452.95,19230.48
2015-12-14,444.01,18883.42
2015-12-15,464.27,18565.9
2015-12-16,453.97,19049.91
2015-12-17,455.5,19353.56
2015-12-18,463.17,18986.8
2015-12-21,436.81,18916.02
2015-12-22,433.92,18886.7
2015-12-24,455.74,18789.69
2015-12-25,455.84,18769.06
2015-12-28,421.94,18873.35
2015-12-29,433.89,18982.23
2015-12-30,427.95,19033.71
2016-01-04,433.85,18450.98
2016-01-05,433.34,18374.0
2016-01-06,430.87,18191.32
2016-01-07,459.07,17767.34
2016-01-08,454.44,17697.96
2016-01-12,434.01,17218.96
2016-01-13,432.77,17715.63
2016-01-14,430.03,17240.95
2016-01-15,357.53,17147.11
2016-01-18,384.89,16955.57
2016-01-19,375.27,17048.37
2016-01-20,418.54,16416.19
2016-01-21,409.38,16017.26
2016-01-22,382.9,16958.53
2016-01-25,391.4,17110.91
2016-01-26,391.54,16708.9
2016-01-27,394.79,17163.92
2016-01-28,379.61,17041.45
2016-01-29,378.68,17518.3
2016-02-01,371.33,17865.23
2016-02-02,372.93,17750.68
2016-02-03,368.87,17191.25
2016-02-04,387.99,17044.99
2016-02-05,384.5,16819.59
2016-02-08,371.14,17004.3
2016-02-09,372.68,16085.44
2016-02-10,378.44,15713.39
2016-02-12,382.05,14952.61
2016-02-15,398.95,16022.58
2016-02-16,407.42,16054.43
2016-02-17,415.2,15836.36
2016-02-18,421.19,16196.8
2016-02-19,420.72,15967.17
2016-02-22,437.55,16111.05
2016-02-23,419.97,16052.05
2016-02-24,423.94,15915.79
2016-02-25,423.54,16140.34
2016-02-26,430.85,16188.41
2016-02-29,436.44,16026.76
2016-03-01,433.08,16085.51
2016-03-02,420.39,16746.55
2016-03-03,418.8,16960.16
2016-03-04,407.35,17014.78
2016-03-07,412.21,16911.32
2016-03-08,411.18,16783.15
2016-03-09,412.8,16642.2
2016-03-10,415.98,16852.35
2016-03-11,419.39,16938.87
2016-03-14,415.02,17233.75
2016-03-15,415.41,17117.07
2016-03-16,416.07,16974.45
2016-03-17,418.41,16936.38
2016-03-18,409.65,16724.81
2016-03-22,416.66,17048.55
2016-03-23,417.53,17000.98
2016-03-24,412.95,16892.33
2016-03-25,416.41,17002.75
2016-03-28,423.0,17134.37
2016-03-29,416.39,17103.53
2016-03-30,412.79,16878.96
2016-03-31,416.03,16758.67
2016-04-01,417.68,16164.16
2016-04-04,419.47,16123.27
2016-04-05,422.36,15732.82
2016-04-06,421.46,15715.36
2016-04-07,421.99,15749.84
2016-04-08,419.48,15821.52
2016-04-11,423.94,15751.13
2016-04-12,427.8,15928.79
2016-04-13,425.58,16381.22
2016-04-14,426.32,16911.05
2016-04-15,430.93,16848.03
2016-04-18,430.97,16275.95
2016-04-19,437.06,16874.44
2016-04-20,442.96,16906.54
2016-04-21,452.25,17363.62
2016-04-22,448.41,17572.49
2016-04-25,466.17,17439.3
2016-04-26,470.59,17353.28
2016-04-27,445.31,17290.49
2016-04-28,451.68,16666.05
2016-05-02,446.42,16147.38
2016-05-06,462.31,16106.72
2016-05-09,464.16,16216.03
2016-05-10,452.78,16565.19
2016-05-11,454.37,16579.01
2016-05-12,456.48,16646.34
2016-05-13,457.98,16412.21
2016-05-16,455.66,16466.4
2016-05-17,454.19,16652.8
2016-05-18,455.56,16644.69
2016-05-19,438.38,16646.66
2016-05-20,445.65,16736.35
2016-05-23,445.67,16654.6
2016-05-24,446.99,16498.76
2016-05-25,451.49,16757.35
2016-05-26,454.97,16772.46
2016-05-27,471.27,16834.84
2016-05-30,532.55,17068.02
2016-05-31,531.34,17234.98
2016-06-01,534.84,16955.73
2016-06-02,537.87,16562.55
2016-06-03,571.25,16642.23
2016-06-06,586.77,16580.03
2016-06-07,579.71,16675.45
2016-06-08,583.21,16830.92
2016-06-09,577.46,16668.41
2016-06-10,580.31,16601.36
2016-06-13,706.01,16019.18
2016-06-14,684.95,15859.0
2016-06-15,698.78,15919.58
2016-06-16,769.76,15434.14
2016-06-17,752.26,15599.66
2016-06-20,703.12,15965.3
2016-06-21,667.66,16169.11
2016-06-22,604.5,16065.72
2016-06-23,631.1,16238.35
2016-06-24,669.98,14952.02
2016-06-27,657.87,15309.21
2016-06-28,648.43,15323.14
2016-06-29,639.42,15566.83
2016-06-30,673.49,15575.92
2016-07-01,678.19,15682.48
2016-07-04,681.98,15775.8
2016-07-05,669.87,15669.33
2016-07-06,678.79,15378.99
2016-07-07,641.97,15276.24
2016-07-08,667.33,15106.98
2016-07-11,650.97,15708.82
2016-07-12,666.56,16095.65
2016-07-13,655.34,16231.43
2016-07-14,661.65,16385.89
2016-07-15,667.48,16497.85
2016-07-19,673.98,16723.31
2016-07-20,666.92,16681.89
2016-07-21,667.28,16810.22
2016-07-22,654.67,16627.25
2016-07-25,657.79,16620.29
2016-07-26,654.06,16383.04
2016-07-27,657.35,16664.82
2016-07-28,657.4,16476.84
2016-07-29,657.0,16569.27
2016-08-01,605.2,16635.77
2016-08-02,537.47,16391.45
2016-08-03,573.36,16083.11
2016-08-04,587.5,16254.89
2016-08-05,583.0,16254.45
2016-08-08,591.48,16650.57
2016-08-09,586.45,16764.97
2016-08-10,594.94,16735.12
2016-08-12,587.74,16919.92
2016-08-15,567.79,16869.56
2016-08-16,579.02,16596.51
2016-08-17,574.45,16745.64
2016-08-18,574.09,16486.01
2016-08-19,573.67,16545.82
2016-08-22,585.2,16598.19
2016-08-23,582.39,16497.36
2016-08-24,578.47,16597.3
2016-08-25,575.58,16555.95
2016-08-26,579.29,16360.71
2016-08-29,573.21,16737.49
2016-08-30,574.95,16725.36
2016-08-31,572.89,16887.4
2016-09-01,573.02,16926.84
2016-09-02,576.21,16925.68
2016-09-05,605.69,17037.63
2016-09-06,612.99,17081.98
2016-09-07,615.21,17012.44
2016-09-08,627.97,16958.77
2016-09-09,622.07,16965.76
2016-09-12,606.74,16672.92
2016-09-13,608.63,16729.04
2016-09-14,608.43,16614.24
2016-09-15,605.44,16405.01
2016-09-16,607.93,16519.29
2016-09-20,605.6,16492.15
2016-09-21,597.0,16807.62
2016-09-23,602.96,16754.02
2016-09-26,607.08,16544.56
2016-09-27,605.71,16683.93
2016-09-28,605.04,16465.4
2016-09-29,605.99,16693.71
2016-09-30,608.99,16449.84
2016-10-03,612.99,16598.67
2016-10-04,610.34,16735.65
2016-10-05,613.16,16819.24
2016-10-06,611.88,16899.1
2016-10-07,617.98,16860.09
2016-10-11,642.12,17024.76
2016-10-12,635.79,16840.0
2016-10-13,635.66,16774.24
2016-10-14,638.03,16856.37
2016-10-17,639.56,16900.12
2016-10-18,635.11,16963.61
2016-10-19,629.79,16998.91
2016-10-20,628.05,17235.5
2016-10-21,630.83,17184.59
2016-10-24,649.98,17234.42
2016-10-25,654.3,17365.25
2016-10-26,674.0,17391.84
2016-10-27,691.21,17336.42
2016-10-28,689.95,17446.41
2016-10-31,696.9,17425.02
2016-11-01,730.7,17442.4
2016-11-02,744.6,17134.68
2016-11-04,706.32,16905.36
2016-11-07,706.42,17177.21
2016-11-08,711.15,17171.38
2016-11-09,720.97,16251.54
2016-11-10,712.91,17344.42
2016-11-11,716.9,17374.79
2016-11-14,708.32,17672.62
2016-11-15,712.29,17668.15
2016-11-16,739.85,17862.21
2016-11-17,730.71,17862.63
2016-11-18,748.54,17967.41
2016-11-21,736.4,18106.02
2016-11-22,746.66,18162.94
2016-11-24,737.99,18333.41
2016-11-25,739.74,18381.22
2016-11-28,729.77,18356.89
2016-11-29,732.37,18307.04
2016-11-30,742.69,18308.48
2016-12-01,754.0,18513.12
2016-12-02,769.25,18426.08
2016-12-05,752.0,18274.99
2016-12-06,759.8,18360.54
2016-12-07,764.34,18496.69
2016-12-08,767.89,18765.47
2016-12-09,773.22,18996.37
2016-12-12,778.94,19155.03
2016-12-13,776.18,19250.52
2016-12-14,777.66,19253.61
2016-12-15,776.16,19273.79
2016-12-16,780.98,19401.15
2016-12-19,790.81,19391.6
2016-12-20,798.99,19494.53
2016-12-21,834.5,19444.49
2016-12-22,856.02,19427.67
2016-12-26,902.09,19396.64
2016-12-27,925.2,19403.06
2016-12-28,982.17,19401.72
2016-12-29,970.72,19145.14
2016-12-30,960.81,19114.37
2017-01-04,1130.3,19594.16
2017-01-05,1007.0,19520.69
2017-01-06,895.71,19454.33
2017-01-10,907.0,19301.44
2017-01-11,795.77,19364.67
2017-01-12,812.25,19134.7
2017-01-13,831.42,19287.28
2017-01-16,834.41,19095.24
2017-01-17,906.0,18813.53
2017-01-18,887.99,18894.37
2017-01-19,902.92,19072.25
2017-01-20,894.31,19137.91
2017-01-23,910.7,18891.03
2017-01-24,887.0,18787.99
2017-01-25,896.0,19057.5
2017-01-26,917.02,19402.39
2017-01-27,922.63,19467.4
2017-01-30,923.23,19368.85
2017-01-31,970.01,19041.34
2017-02-01,992.75,19148.08
2017-02-02,1008.38,18914.58
2017-02-03,1018.0,18918.2
2017-02-06,1022.58,18976.71
2017-02-07,1053.96,18910.78
2017-02-08,1056.7,19007.6
2017-02-09,994.24,18907.67
2017-02-10,1001.99,19378.93
2017-02-13,1002.82,19459.15
2017-02-14,1013.92,19238.98
2017-02-15,1014.53,19437.98
2017-02-16,1038.94,19347.53
2017-02-17,1057.3,19234.62
2017-02-20,1089.82,19251.08
2017-02-21,1128.29,19381.44
2017-02-22,1128.71,19379.87
2017-02-23,1186.9,19371.46
2017-02-24,1186.91,19283.54
2017-02-27,1195.81,19107.47
2017-02-28,1195.08,19118.99
2017-03-01,1230.0,19393.54
2017-03-02,1269.17,19564.8
2017-03-03,1292.86,19469.17
2017-03-06,1284.99,19379.14
2017-03-07,1237.36,19344.15
2017-03-08,1150.22,19254.03
2017-03-09,1197.3,19318.58
2017-03-10,1109.01,19604.61
2017-03-13,1245.49,19633.75
2017-03-14,1247.42,19609.5
2017-03-15,1263.0,19577.38
2017-03-16,1175.11,19590.14
2017-03-17,1069.57,19521.59
2017-03-21,1114.42,19455.88
2017-03-22,1034.57,19041.38
2017-03-23,1025.14,19085.31
2017-03-24,934.87,19262.53
2017-03-27,1042.08,18985.59
2017-03-28,1045.4,19202.87
2017-03-29,1043.27,19217.48
2017-03-30,1042.34,19063.22
2017-03-31,1088.99,18909.26
2017-04-03,1152.6,18983.23
2017-04-04,1143.99,18810.25
2017-04-05,1132.99,18861.27
2017-04-06,1192.3,18597.06
2017-04-07,1194.0,18664.63
2017-04-10,1210.0,18797.88
2017-04-11,1223.99,18747.87
2017-04-12,1214.17,18552.61
2017-04-13,1177.05,18426.84
2017-04-14,1173.74,18335.63
2017-04-17,1189.91,18355.26
2017-04-18,1201.94,18418.59
2017-04-19,1214.21,18432.2
2017-04-20,1236.15,18430.49
2017-04-21,1249.99,18620.75
2017-04-24,1257.29,18875.88
2017-04-25,1281.16,19079.33
2017-04-26,1298.44,19289.43
2017-04-27,1349.26,19251.87
2017-04-28,1353.34,19196.74
2017-05-01,1436.5,19310.52
2017-05-02,1471.99,19445.7
2017-05-08,1713.0,19895.7
2017-05-09,1720.43,19843.0
2017-05-10,1794.99,19900.09
2017-05-11,1837.93,19961.55
2017-05-12,1695.61,19883.9
2017-05-15,1747.81,19869.85
2017-05-16,1777.48,19919.82
2017-05-17,1813.23,19814.88
2017-05-18,1899.16,19553.86
2017-05-19,1976.23,19590.76
2017-05-22,2123.29,19678.28
2017-05-23,2272.75,19613.28
2017-05-24,2432.97,19742.98
2017-05-25,2355.0,19813.13
2017-05-26,2272.7,19686.84
2017-05-29,2279.48,19682.57
2017-05-30,2191.58,19677.85
2017-05-31,2303.29,19650.57
2017-06-01,2419.99,19860.03
2017-06-02,2478.99,20177.28
2017-06-05,2698.0,20170.82
2017-06-06,2871.29,19979.9
2017-06-07,2685.64,19984.62
2017-06-08,2799.73,19909.26
2017-06-09,2811.39,20013.26
2017-06-12,2655.71,19908.58
2017-06-13,2709.01,19898.75
2017-06-14,2432.21,19883.52
2017-06-15,2409.98,19831.82
2017-06-16,2480.43,19943.26
2017-06-19,2596.98,20067.75
2017-06-20,2725.08,20230.41
2017-06-21,2643.35,20138.79
2017-06-22,2679.99,20110.51
2017-06-23,2690.76,20132.67
2017-06-26,2407.91,20153.35
2017-06-27,2575.75,20225.09
2017-06-28,2553.12,20130.41
2017-06-29,2530.0,20220.3
2017-06-30,2455.19,20033.43
2017-07-03,2542.41,20055.8
2017-07-04,2602.0,20032.35
2017-07-05,2616.96,20081.63
2017-07-06,2604.84,19994.06
2017-07-07,2501.15,19929.09
2017-07-10,2331.05,20080.98
2017-07-11,2310.01,20195.48
2017-07-12,2383.42,20098.38
2017-07-13,2340.0,20099.81
2017-07-14,2217.24,20118.86
2017-07-18,2308.15,19999.91
2017-07-19,2258.99,20020.86
2017-07-20,2873.48,20144.59
2017-07-21,2657.45,20099.75
2017-07-24,2762.26,19975.67
2017-07-25,2564.0,19955.2
2017-07-26,2525.99,20050.16
2017-07-27,2664.99,20079.64
2017-07-28,2786.07,19959.84
2017-07-31,2856.88,19925.18
2017-08-01,2732.59,19985.79
2017-08-02,2699.9,20080.04
2017-08-03,2787.02,20029.26
2017-08-04,2857.34,19952.33
2017-08-07,3398.23,20055.89
2017-08-08,3422.43,19996.01
2017-08-09,3342.8,19738.71
2017-08-10,3444.98,19729.74
2017-08-14,4320.6,19537.1
2017-08-15,4159.93,19753.31
2017-08-16,4370.01,19729.28
2017-08-17,4280.01,19702.63
2017-08-18,4101.72,19470.41
2017-08-21,4002.0,19393.13
2017-08-22,4092.0,19383.84
2017-08-23,4143.49,19434.64
2017-08-24,4312.03,19353.77
2017-08-25,4360.0,19452.61
2017-08-28,4384.99,19449.9
2017-08-29,4599.0,19362.55
2017-08-30,4581.98,19506.54
2017-08-31,4743.94,19646.24
2017-09-01,4947.99,19691.47
2017-09-04,4498.25,19508.25
2017-09-05,4432.51,19385.81
2017-09-06,4616.18,19357.97
2017-09-07,4624.18,19396.52
2017-09-08,4350.0,19274.82
2017-09-11,4210.72,19545.77
2017-09-12,4164.52,19776.62
2017-09-13,3855.32,19865.82
2017-09-14,3250.4,19807.44
2017-09-15,3740.02,19909.5
2017-09-19,3910.11,20299.38
2017-09-20,3872.06,20310.46
2017-09-21,3617.47,20347.48
2017-09-22,3619.01,20296.45
2017-09-25,3919.78,20397.58
2017-09-26,3885.09,20330.19
2017-09-27,4200.0,20267.05
2017-09-28,4189.42,20363.11
2017-09-29,4156.99,20356.28
2017-10-02,4392.71,20400.78
2017-10-03,4307.99,20614.07
2017-10-04,4214.84,20626.66
2017-10-05,4320.04,20628.56
2017-10-06,4362.99,20690.71
2017-10-10,4750.0,20823.51
2017-10-11,4814.99,20881.27
2017-10-12,5440.0,20954.72
2017-10-13,5624.8,21155.18
2017-10-16,5754.9,21255.56
2017-10-17,5594.0,21336.12
2017-10-18,5574.44,21363.05
2017-10-19,5704.01,21448.52
2017-10-20,5989.1,21457.64
2017-10-23,5905.99,21696.65
2017-10-24,5525.43,21805.17
2017-10-25,5739.97,21707.62
2017-10-26,5891.61,21739.78
2017-10-27,5780.0,22008.45
2017-10-30,6124.16,22011.67
2017-10-31,6445.01,22011.61
2017-11-01,6783.69,22420.08
2017-11-02,7039.98,22539.12
2017-11-06,6969.76,22548.35
2017-11-07,7126.63,22937.6
2017-11-08,7467.96,22913.82
2017-11-09,7156.0,22868.71
2017-11-10,6577.62,22681.42
2017-11-13,6535.87,22380.99
2017-11-14,6605.0,22380.01
2017-11-15,7294.0,22028.32
2017-11-16,7838.53,22351.12
2017-11-17,7714.71,22396.8
2017-11-20,8256.01,22261.76
2017-11-21,8109.0,22416.48
2017-11-22,8250.0,22523.15
2017-11-24,8215.01,22550.85
2017-11-27,9768.71,22495.99
2017-11-28,9949.0,22486.24
2017-11-29,9935.98,22597.2
2017-11-30,9903.0,22724.96
2017-12-01,10869.84,22819.03
2017-12-04,11643.98,22707.16
2017-12-05,11718.35,22622.38
2017-12-06,14090.0,22177.04
2017-12-07,17390.01,22498.03
2017-12-08,16367.03,22811.08
2017-12-11,16885.76,22938.73
2017-12-12,17730.12,22866.17
2017-12-13,16689.61,22758.07
2017-12-14,16749.78,22694.45
2017-12-15,17738.67,22553.22
2017-12-18,19039.01,22901.77
2017-12-19,17838.73,22868.0
2017-12-20,16496.89,22891.72
2017-12-21,15758.8,22866.1
2017-12-22,14210.57,22902.76
2017-12-25,14171.98,22939.18
2017-12-26,15790.88,22892.69
2017-12-27,15367.08,22911.21
2017-12-28,14450.01,22783.98
2017-12-29,14565.05,22764.94
2018-01-04,15144.99,23506.33
2018-01-05,16960.01,23714.53
2018-01-09,14480.99,23849.99
2018-01-10,14875.18,23788.2
2018-01-11,13308.06,23710.43
2018-01-12,13820.0,23653.82
2018-01-15,13590.0,23714.88
2018-01-16,11570.01,23951.81
2018-01-17,11200.01,23868.34
2018-01-18,11305.53,23763.37
2018-01-19,11498.99,23808.06
2018-01-22,10766.7,23816.33
2018-01-23,10824.94,24124.15
2018-01-24,11356.79,23940.78
2018-01-25,11118.0,23669.49
2018-01-26,11086.89,23631.88
2018-01-29,11123.01,23629.34
2018-01-30,9995.0,23291.97
2018-01-31,10099.99,23098.29
2018-02-01,9014.23,23486.11
2018-02-02,8787.52,23274.53
2018-02-05,6905.19,22682.08
2018-02-06,7688.46,21610.24
2018-02-07,7575.75,21645.37
2018-02-08,8218.1,21890.86
2018-02-09,8671.01,21382.62
2018-02-13,8520.01,21244.68
2018-02-14,9472.98,21154.17
2018-02-15,10031.23,21464.98
2018-02-16,10167.49,21720.25
2018-02-19,11140.0,22149.21
2018-02-20,11235.57,21925.1
2018-02-21,10454.27,21970.81
2018-02-22,9830.0,21736.44
2018-02-23,10144.99,21892.78
2018-02-26,10300.0,22153.63
2018-02-27,10566.57,22389.86
2018-02-28,10307.27,22068.24
2018-03-01,10895.92,21724.47
2018-03-02,11000.0,21181.64
2018-03-05,11377.54,21042.09
2018-03-06,10700.0,21417.76
2018-03-07,9920.0,21252.72
2018-03-08,9304.9,21368.07
2018-03-09,9255.0,21469.2
2018-03-12,9120.0,21824.03
2018-03-13,9145.41,21968.1
2018-03-14,8207.03,21777.29
2018-03-15,8259.99,21803.95
2018-03-16,8275.0,21676.51
2018-03-19,8589.0,21480.9
2018-03-20,8900.0,21380.97
2018-03-22,8715.09,21591.99
2018-03-23,8927.1,20617.86
2018-03-26,8145.0,20766.1
2018-03-27,7793.61,21317.32
2018-03-28,7942.72,21031.31
2018-03-29,7079.99,21159.08
2018-03-30,6848.01,21454.3
2018-04-02,7045.01,21388.58
2018-04-03,7424.9,21292.29
2018-04-04,6791.68,21319.55
2018-04-05,6785.85,21645.42
2018-04-06,6619.01,21567.52
2018-04-09,6771.13,21678.26
2018-04-10,6824.99,21794.32
2018-04-11,6942.99,21687.1
2018-04-12,7916.0,21660.28
2018-04-13,7893.19,21778.74
2018-04-16,8048.93,21835.53
2018-04-17,7892.1,21847.59
2018-04-18,8152.05,22158.2
2018-04-19,8274.0,22191.18
2018-04-20,8866.27,22162.24
2018-04-23,8931.3,22088.04
2018-04-24,9650.0,22278.12
2018-04-25,8865.98,22215.32
2018-04-26,9272.11,22319.61
2018-04-27,8922.55,22467.87
2018-05-01,9072.29,22508.03
2018-05-02,9190.48,22472.78
2018-05-07,9356.25,22467.16
2018-05-08,9177.81,22508.69
2018-05-09,9300.08,22408.88
2018-05-10,9010.51,22497.18
2018-05-11,8403.33,22758.48
2018-05-14,8670.0,22865.86
2018-05-15,8477.46,22818.02
2018-05-16,8344.0,22717.23
2018-05-17,8059.0,22838.37
2018-05-18,8238.51,22930.36
2018-05-21,8393.44,23002.37
2018-05-22,7987.7,22960.34
2018-05-23,7505.0,22689.74
2018-05-24,7584.15,22437.01
2018-05-25,7459.11,22450.79
2018-05-28,7107.94,22481.09
2018-05-29,7460.0,22358.43
2018-05-30,7380.01,22018.52
2018-05-31,7485.0,22201.82
2018-06-01,7514.32,22171.35
2018-06-04,7487.37,22475.94
2018-06-05,7612.51,22539.54
2018-06-06,7655.0,22625.73
2018-06-07,7684.93,22823.26
2018-06-08,7618.83,22694.5
2018-06-11,6881.0,22804.04
2018-06-12,6544.99,22878.35
2018-06-13,6302.32,22966.38
2018-06-14,6638.49,22738.61
2018-06-15,6391.22,22851.75
2018-06-18,6709.02,22680.33
2018-06-19,6736.41,22278.48
2018-06-20,6756.1,22555.43
2018-06-21,6719.01,22693.04
2018-06-22,6059.82,22516.83
2018-06-25,6246.01,22338.15
2018-06-26,6074.0,22342.0
2018-06-27,6132.17,22271.77
2018-06-28,5851.66,22270.39
2018-06-29,6202.36,22304.51
2018-07-02,6611.79,21811.93
2018-07-03,6502.62,21785.54
2018-07-04,6587.47,21717.04
2018-07-05,6532.95,21546.99
2018-07-06,6600.0,21788.14
2018-07-09,6664.01,22052.18
2018-07-10,6303.7,22196.89
2018-07-11,6390.04,21932.21
2018-07-12,6249.75,22187.96
2018-07-13,6216.29,22597.35
2018-07-17,7315.01,22697.36
2018-07-18,7378.99,22794.19
2018-07-19,7470.01,22764.68
2018-07-20,7334.46,22697.88
2018-07-23,7720.09,22396.99
2018-07-24,8385.5,22510.48
2018-07-25,8157.15,22614.25
2018-07-26,7931.99,22586.87
2018-07-27,8184.21,22712.75
2018-07-30,8170.01,22544.84
2018-07-31,7727.27,22553.72
2018-08-01,7603.99,22746.7
2018-08-02,7533.92,22512.53
2018-08-03,7414.08,22525.18
2018-08-06,6938.0,22507.32
2018-08-07,6718.22,22662.74
2018-08-08,6282.5,22644.31
2018-08-09,6546.45,22598.39
2018-08-10,6146.01,22298.08
2018-08-13,6253.67,21857.43
2018-08-14,6195.01,22356.08
2018-08-15,6269.01,22204.22
2018-08-16,6315.9,22192.04
2018-08-17,6585.49,22270.38
2018-08-20,6258.74,22199.0
2018-08-21,6475.89,22219.73
2018-08-22,6359.99,22362.55
2018-08-23,6526.36,22410.82
2018-08-24,6690.88,22601.77
2018-08-27,6911.9,22799.64
2018-08-28,7071.01,22813.47
2018-08-29,7030.9,22848.22
2018-08-30,6983.0,22869.5
2018-08-31,7015.01,22865.15
2018-09-03,7256.98,22707.38
2018-09-04,7360.0,22696.9
2018-09-05,6687.96,22580.83
2018-09-06,6495.0,22487.94
2018-09-07,6395.01,22307.06
2018-09-10,6300.0,22373.09
2018-09-11,6282.53,22664.69
2018-09-12,6326.0,22604.61
2018-09-13,6485.99,22821.32
2018-09-14,6478.04,23094.67
2018-09-18,6335.7,23420.54
2018-09-19,6386.94,23672.52
2018-09-20,6493.11,23674.93
2018-09-21,6750.0,23869.93
2018-09-25,6436.89,23940.26
2018-09-26,6455.66,24033.79
2018-09-27,6680.01,23796.74
2018-09-28,6620.01,24120.04
2018-10-01,6572.83,24245.76
2018-10-02,6498.46,24270.62
2018-10-03,6466.03,24110.96
2018-10-04,6547.45,23975.62
2018-10-05,6593.94,23783.72
2018-10-09,6589.48,23469.39
2018-10-10,6524.56,23506.04
2018-10-11,6154.69,22590.86
2018-10-12,6188.01,22694.66
2018-10-15,6440.42,22271.3
2018-10-16,6457.11,22549.24
2018-10-17,6443.7,22841.12
2018-10-18,6394.96,22658.16
2018-10-19,6382.99,22532.08
2018-10-22,6407.65,22614.82
2018-10-23,6395.14,22010.78
2018-10-24,6415.98,22091.18
2018-10-25,6395.58,21268.73
2018-10-26,6404.87,21184.6
2018-10-29,6266.0,21149.8
2018-10-30,6267.63,21457.29
2018-10-31,6304.18,21920.46
2018-11-01,6344.0,21687.65
2018-11-02,6349.8,22243.66
2018-11-05,6404.0,21898.99
2018-11-06,6448.5,22147.75
2018-11-07,6503.12,22085.8
2018-11-08,6406.24,22486.92
2018-11-09,6334.89,22250.25
2018-11-12,6327.87,22269.88
2018-11-13,6259.34,21810.52
2018-11-14,5605.46,21846.48
2018-11-15,5579.52,21803.62
2018-11-16,5512.24,21680.34
2018-11-19,4733.5,21821.16
2018-11-20,4349.23,21583.12
2018-11-21,4545.11,21507.54
2018-11-22,4265.36,21646.55
2018-11-26,3731.32,21812.0
2018-11-27,3775.0,21952.4
2018-11-28,4225.03,22177.02
2018-11-29,4248.0,22262.6
2018-11-30,3976.0,22351.06
2018-12-03,3833.47,22574.76
2018-12-04,3901.84,22036.05
2018-12-05,3694.39,21919.33
2018-12-06,3433.26,21501.62
2018-12-07,3380.01,21678.68
2018-12-10,3410.15,21219.5
2018-12-11,3349.36,21148.02
2018-12-12,3430.24,21602.75
2018-12-13,3265.0,21816.19
2018-12-14,3195.71,21374.83
2018-12-17,3496.82,21506.88
2018-12-18,3667.77,21115.45
2018-12-19,3682.51,20987.92
2018-12-20,4075.34,20392.58
2018-12-21,3839.06,20166.19
2018-12-25,3780.0,19155.74
2018-12-26,3809.88,19327.06
2018-12-27,3589.89,20077.62
2018-12-28,3888.06,20014.77
2019-01-04,3820.25,19561.96
2019-01-07,4006.01,20038.97
2019-01-08,3993.86,20204.04
2019-01-09,4004.12,20427.06
2019-01-10,3626.12,20163.8
2019-01-11,3635.69,20359.7
2019-01-15,3580.76,20555.29
2019-01-16,3609.71,20442.75
2019-01-17,3640.65,20402.27
2019-01-18,3607.85,20666.07
2019-01-21,3531.76,20719.33
2019-01-22,3577.03,20622.91
2019-01-23,3553.01,20593.72
2019-01-24,3568.97,20574.63
2019-01-25,3562.17,20773.56
2019-01-28,3429.95,20649.0
2019-01-29,3397.42,20664.64
2019-01-30,3437.55,20556.54
2019-01-31,3411.5,20773.49
2019-02-01,3437.5,20788.39
2019-02-04,3409.57,20883.77
2019-02-05,3428.4,20844.45
2019-02-06,3367.36,20874.06
2019-02-07,3359.0,20751.28
2019-02-08,3621.99,20333.17
2019-02-12,3588.06,20864.21
2019-02-13,3576.68,21144.48
2019-02-14,3561.5,21139.71
2019-02-15,3566.59,20900.63
2019-02-18,3867.0,21281.85
2019-02-19,3888.01,21302.65
2019-02-20,3938.99,21431.49
2019-02-21,3897.71,21464.23
2019-02-22,3942.02,21425.51
2019-02-25,3818.79,21528.23
2019-02-26,3799.48,21449.39
2019-02-27,3799.91,21556.51
2019-02-28,3792.14,21385.16
2019-03-01,3806.17,21602.69
2019-03-04,3700.72,21822.04
2019-03-05,3844.59,21726.28
2019-03-06,3851.89,21596.81
2019-03-07,3857.05,21456.01
2019-03-08,3843.12,21025.56
2019-03-11,3849.68,21125.09
2019-03-12,3860.0,21503.69
2019-03-13,3851.02,21290.24
2019-03-14,3853.95,21287.02
2019-03-15,3902.8,21450.85
2019-03-18,3970.5,21584.5
2019-03-19,4000.85,21566.85
2019-03-20,4031.85,21608.92
2019-03-22,3983.78,21627.34
2019-03-25,3907.53,20977.11
2019-03-26,3921.45,21428.39
2019-03-27,4026.53,21378.73
2019-03-28,4011.17,21033.76
2019-03-29,4091.01,21205.81
2019-04-01,4137.0,21509.03
2019-04-02,4901.93,21505.31
2019-04-03,4975.97,21713.21
2019-04-04,4906.49,21724.95
2019-04-05,5040.66,21807.5
2019-04-08,5285.54,21761.65
2019-04-09,5187.21,21802.59
2019-04-10,5318.58,21687.57
2019-04-11,5041.3,21711.38
2019-04-12,5078.19,21870.56
2019-04-15,5029.99,22169.11
2019-04-16,5202.9,22221.66
2019-04-17,5227.0,22277.97
2019-04-18,5280.49,22090.12
2019-04-19,5290.36,22200.56
2019-04-22,5387.6,22217.9
2019-04-23,5532.75,22259.74
2019-04-24,5441.9,22200.0
2019-04-25,5134.81,22307.58
2019-04-26,5159.51,22258.73
2019-05-07,5748.45,21923.72
2019-05-08,5948.41,21602.59
2019-05-09,6153.09,21402.13
2019-05-10,6343.14,21344.92
2019-05-13,7824.93,21191.28
2019-05-14,7990.92,21067.23
2019-05-15,8203.32,21188.56
2019-05-16,7878.96,21062.98
2019-05-17,7363.69,21250.09
2019-05-20,7999.54,21301.73
2019-05-21,7951.7,21272.45
2019-05-22,7626.48,21283.37
2019-05-23,7881.98,21151.14
2019-05-24,7994.88,21117.22
2019-05-27,8783.25,21182.58
2019-05-28,8686.5,21260.14
2019-05-29,8660.5,21003.37
2019-05-30,8273.57,20942.53
2019-05-31,8550.18,20601.19
2019-06-03,8015.01,20410.88
2019-06-04,7688.26,20408.54
2019-06-05,7766.91,20776.1
2019-06-06,7812.15,20774.04
2019-06-07,7992.17,20884.71
2019-06-10,8046.13,21134.42
2019-06-11,7918.2,21204.28
2019-06-12,8169.01,21129.72
2019-06-13,8256.0,21032.0
2019-06-14,8693.98,21116.89
2019-06-17,9346.47,21124.0
2019-06-18,9089.99,20972.71
2019-06-19,9283.99,21333.87
2019-06-20,9542.6,21462.86
2019-06-21,10175.88,21258.64
2019-06-24,11040.03,21285.99
2019-06-25,11736.99,21193.81
2019-06-26,12902.52,21086.59
2019-06-27,11127.4,21338.17
2019-06-28,12317.73,21275.92
2019-07-01,10570.62,21729.97
2019-07-02,10885.01,21754.27
2019-07-03,12022.61,21638.16
2019-07-04,11130.95,21702.45
2019-07-05,11038.61,21746.38
2019-07-08,12298.31,21534.35
2019-07-09,12559.46,21565.15
2019-07-10,12083.13,21533.48
2019-07-11,11323.95,21643.53
2019-07-12,11811.99,21685.9
2019-07-16,9436.0,21535.25
2019-07-17,9708.55,21469.18
2019-07-18,10654.25,21046.24
2019-07-19,10548.04,21466.99
2019-07-22,10304.64,21416.79
2019-07-23,9833.19,21620.88
2019-07-24,9751.24,21709.57
2019-07-25,9880.67,21756.55
2019-07-26,9841.96,21658.15
2019-07-29,9503.32,21616.8
2019-07-30,9580.0,21709.31
2019-07-31,10099.0,21521.53
2019-08-01,10417.24,21540.99
2019-08-02,10533.07,21087.16
2019-08-05,11775.14,20720.29
2019-08-06,11440.08,20585.31
2019-08-07,12014.41,20516.56
2019-08-08,12017.89,20593.35
2019-08-09,11889.0,20684.82
2019-08-13,10855.58,20455.44
2019-08-14,10105.34,20655.13
2019-08-15,10280.96,20405.65
2019-08-16,10368.83,20418.81
2019-08-19,10935.67,20563.16
2019-08-20,10770.99,20677.22
2019-08-21,10137.75,20618.57
2019-08-22,10088.89,20628.01
2019-08-23,10415.01,20710.91
2019-08-26,10373.75,20261.04
2019-08-27,10170.16,20456.08
2019-08-28,9710.38,20479.42
2019-08-29,9525.0,20460.93
2019-08-30,9580.6,20704.37
2019-09-02,10405.05,20620.19
2019-09-03,10628.46,20625.16
2019-09-04,10585.67,20649.14
2019-09-05,10574.27,21085.94
2019-09-06,10318.8,21199.57
2019-09-09,10310.01,21318.42
2019-09-10,10090.01,21392.1
2019-09-11,10169.49,21597.76
2019-09-12,10437.19,21759.61
2019-09-13,10381.91,21988.29
2019-09-17,10185.14,22001.32
2019-09-18,10155.26,21960.71
2019-09-19,10304.94,22044.45
2019-09-20,10168.44,22079.09
2019-09-24,8556.43,22098.84
2019-09-25,8446.57,22020.15
2019-09-26,8063.0,22048.24
2019-09-27,8193.98,21878.9
2019-09-30,8305.14,21755.84
2019-10-01,8323.43,21885.24
2019-10-02,8396.0,21778.61
2019-10-03,8241.25,21341.74
2019-10-04,8159.71,21410.2
2019-10-07,8224.82,21375.25
2019-10-08,8186.73,21587.78
2019-10-09,8600.0,21456.38
2019-10-10,8589.01,21551.98
2019-10-11,8263.64,21798.87
2019-10-15,8156.52,22207.21
2019-10-16,7993.0,22472.92
2019-10-17,8077.0,22451.86
2019-10-18,7954.16,22492.68
2019-10-21,8214.58,22548.9
2019-10-23,7473.42,22625.38
2019-10-24,7439.29,22750.6
2019-10-25,8704.85,22799.81
2019-10-28,9221.96,22867.27
2019-10-29,9431.27,22974.13
2019-10-30,9175.77,22843.12
2019-10-31,9146.75,22927.04
2019-11-01,9268.0,22850.77
2019-11-05,9314.99,23251.99
2019-11-06,9343.11,23303.82
2019-11-07,9196.71,23330.32
2019-11-08,8758.69,23391.87
2019-11-11,8720.61,23331.84
2019-11-12,8823.65,23520.01
2019-11-13,8765.61,23319.87
2019-11-14,8630.01,23141.55
2019-11-15,8460.0,23303.32
2019-11-18,8160.73,23416.76
2019-11-19,8123.36,23292.65
2019-11-20,8082.96,23148.57
2019-11-21,7618.76,23038.58
2019-11-22,7296.45,23112.88
2019-11-25,7125.0,23292.81
2019-11-26,7155.0,23373.32
2019-11-27,7539.4,23437.77
2019-11-28,7413.05,23409.14
2019-11-29,7751.29,23293.91
2019-12-02,7315.09,23529.5
2019-12-03,7296.0,23379.81
2019-12-04,7185.57,23135.23
2019-12-05,7388.75,23300.09
2019-12-06,7560.76,23354.4
2019-12-09,7332.69,23430.7
2019-12-10,7215.69,23410.19
2019-12-11,7275.17,23391.86
2019-12-12,7194.19,23424.81
2019-12-13,7249.25,24023.1
2019-12-16,6877.04,23952.35
2019-12-17,6618.62,24066.12
2019-12-18,7309.12,23934.43
2019-12-19,7153.99,23864.85
2019-12-20,7189.87,23816.63
2019-12-23,7318.18,23821.11
2019-12-24,7259.87,23830.58
2019-12-25,7194.76,23782.87
2019-12-26,7195.0,23924.92
2019-12-27,7247.35,23837.72
2019-12-30,7191.0,23656.62
2020-01-06,7773.48,23204.86
2020-01-07,8169.95,23575.72
2020-01-08,8035.08,23204.76
2020-01-09,7813.78,23739.87
2020-01-10,8183.89,23850.57
2020-01-14,8757.18,24025.17
2020-01-15,8831.86,23916.58
2020-01-16,8727.22,23933.13
2020-01-17,8875.81,24041.26
2020-01-20,8633.67,24083.51
2020-01-21,8730.0,23864.56
2020-01-22,8665.0,24031.35
2020-01-23,8386.63,23795.44
2020-01-24,8424.96,23827.18
2020-01-27,8903.24,23343.51
2020-01-28,9417.64,23215.71
2020-01-29,9270.0,23379.4
2020-01-30,9493.61,22977.75
2020-01-31,9343.28,23205.18
2020-02-03,9282.29,22971.94
2020-02-04,9158.57,23084.59
2020-02-05,9623.44,23319.56
2020-02-06,9765.96,23873.59
2020-02-07,9804.98,23827.98
2020-02-10,9854.5,23685.98
2020-02-12,10344.01,23861.21
2020-02-13,10239.57,23827.73
2020-02-14,10380.0,23687.59
2020-02-17,9711.95,23523.24
2020-02-18,10191.51,23193.8
2020-02-19,9591.54,23400.7
2020-02-20,9610.05,23479.15
2020-02-21,9697.01,23386.74
2020-02-25,9301.01,22605.41
2020-02-26,8776.01,22426.19
2020-02-27,8816.71,21948.23
2020-02-28,8713.16,21142.96
2020-03-02,8923.52,21344.08
2020-03-03,8769.67,21082.73
2020-03-04,8765.0,21100.06
2020-03-05,9053.56,21329.12
2020-03-06,9162.98,20749.75
2020-03-09,7945.03,19698.76
2020-03-10,7887.01,19867.12
2020-03-11,7957.02,19416.06
2020-03-12,4980.0,18559.63
2020-03-13,5592.77,17431.05
2020-03-16,5074.2,17002.04
2020-03-17,5361.77,17011.53
2020-03-18,5426.71,16726.55
2020-03-19,6219.99,16552.83
2020-03-23,6583.38,16887.78
2020-03-24,6742.21,18092.35
2020-03-25,6752.83,19546.63
2020-03-26,6772.2,18664.6
2020-03-27,6320.46,19389.43
2020-03-30,6401.26,19084.97
2020-03-31,6434.73,18917.01
2020-04-01,6719.39,18065.41
2020-04-02,6789.84,17818.72
2020-04-03,6727.99,17820.19
2020-04-06,7320.07,18576.3
2020-04-07,7204.58,18950.18
2020-04-08,7343.65,19353.24
2020-04-09,7294.69,19345.77
2020-04-10,6892.54,19498.5
2020-04-13,6871.0,19043.4
2020-04-14,6865.72,19638.81
2020-04-15,6576.76,19550.09
2020-04-16,7123.29,19290.2
2020-04-17,7055.22,19897.26
2020-04-20,6832.57,19669.12
2020-04-21,6845.0,19280.78
2020-04-22,7143.99,19137.95
2020-04-23,7479.06,19429.44
2020-04-24,7514.64,19262.0
2020-04-27,7773.0,19783.22
2020-04-28,7774.39,19771.19
2020-04-30,8652.3,20193.69
2020-05-01,8813.9,19619.35
2020-05-07,10007.56,19674.77
2020-05-08,9790.23,20179.09
2020-05-11,8557.37,20390.66
2020-05-12,8809.14,20366.48
2020-05-13,9335.84,20267.05
2020-05-14,9815.22,19914.78
2020-05-15,9331.18,20037.47
2020-05-18,9733.21,20133.73
2020-05-19,9783.91,20433.45
2020-05-20,9497.76,20595.15
2020-05-21,9039.12,20552.31
2020-05-22,9173.23,20388.16
2020-05-25,8892.39,20741.65
2020-05-26,8836.77,21271.17
2020-05-27,9200.0,21419.23
2020-05-28,9593.72,21916.31
2020-05-29,9426.87,21877.89
2020-06-01,10212.38,22062.39
2020-06-02,9509.35,22325.61
2020-06-03,9672.67,22613.76
2020-06-04,9799.57,22695.74
2020-06-05,9568.95,22863.73
2020-06-08,9833.94,23178.1
2020-06-09,9778.6,23091.03
2020-06-10,9899.18,23124.95
2020-06-11,9258.7,22472.91
2020-06-12,9466.77,22305.48
2020-06-15,9437.23,21530.95
2020-06-16,9534.8,22582.21
2020-06-17,9460.53,22455.76
2020-06-18,9368.15,22355.46
2020-06-19,9285.54,22478.79
2020-06-22,9700.91,22437.27
2020-06-23,9623.74,22549.05
2020-06-24,9284.1,22534.32
2020-06-25,9232.84,22259.79
2020-06-26,9157.22,22512.08
2020-06-29,9191.05,21995.04
2020-06-30,9129.47,22288.14
2020-07-01,9239.09,22121.73
2020-07-02,9088.54,22145.96
2020-07-03,9050.05,22306.48
2020-07-06,9331.69,22714.44
2020-07-07,9263.56,22614.69
2020-07-08,9436.01,22438.65
2020-07-09,9230.48,22529.29
2020-07-10,9298.16,22290.81
2020-07-13,9230.14,22784.74
2020-07-14,9258.34,22587.01
2020-07-15,9194.51,22945.5
2020-07-16,9130.91,22770.36
2020-07-17,9147.65,22696.42
2020-07-20,9161.13,22717.48
2020-07-21,9396.65,22884.22
2020-07-22,9546.31,22751.61
2020-07-27,11108.44,22715.85
2020-07-28,10952.85,22657.38
2020-07-29,11100.39,22397.11
2020-07-30,11139.67,22339.23
2020-07-31,11372.76,21710.0
2020-08-03,11235.44,22195.38
2020-08-04,11198.04,22573.66
2020-08-05,11737.59,22514.85
2020-08-06,11766.62,22418.15
2020-08-07,11598.96,22329.94
2020-08-11,11387.01,22750.24
2020-08-12,11563.16,22843.96
2020-08-13,11824.99,23249.61
2020-08-14,11785.29,23289.36
2020-08-17,12325.1,23096.75
2020-08-18,11983.52,23051.08
2020-08-19,11764.8,23110.61
2020-08-20,11856.24,22880.62
2020-08-21,11526.32,22920.3
2020-08-24,11762.34,22985.51
2020-08-25,11324.86,23296.77
2020-08-26,11460.01,23290.86
2020-08-27,11341.73,23208.86
2020-08-28,11540.0,22882.65
2020-08-31,11665.93,23139.76
2020-09-01,11911.74,23138.07
2020-09-02,11390.12,23247.15
2020-09-03,10225.82,23465.53
2020-09-07,10389.85,23089.95
2020-09-08,10123.21,23274.13
2020-09-09,10235.0,23032.54
2020-09-10,10345.95,23235.47
2020-09-11,10399.99,23406.49
2020-09-14,10679.33,23559.3
2020-09-15,10789.8,23454.89
2020-09-16,10953.38,23475.53
2020-09-17,10947.83,23319.37
2020-09-18,10942.2,23360.3
2020-09-23,10230.11,23346.49
2020-09-24,10741.0,23087.82
2020-09-25,10693.3,23204.62
2020-09-28,10681.01,23511.62
2020-09-29,10845.9,23539.1
2020-09-30,10783.24,23185.12
2020-10-01,10598.64,23185.12
2020-10-02,10577.92,23029.9
2020-10-05,10800.0,23312.14
2020-10-06,10594.15,23433.73
2020-10-07,10671.23,23422.82
2020-10-08,10926.71,23647.07
2020-10-09,11059.3,23619.69
2020-10-12,11534.83,23558.69
2020-10-13,11434.36,23601.78
2020-10-14,11426.87,23626.73
2020-10-15,11509.25,23507.23
2020-10-16,11329.33,23410.63
2020-10-19,11765.09,23671.13
2020-10-20,11917.34,23567.04
2020-10-21,12836.37,23639.46
2020-10-22,12977.02,23474.27
2020-10-23,12943.03,23516.59
2020-10-26,13072.95,23494.34
2020-10-27,13698.18,23485.8
2020-10-28,13280.0,23418.51
2020-10-29,13460.0,23331.94
2020-10-30,13582.97,22977.13
2020-11-02,13573.93,23295.48
2020-11-04,14160.0,23695.23
2020-11-05,15636.6,24105.28
2020-11-06,15596.33,24325.23
2020-11-09,15334.37,24839.84
2020-11-10,15325.25,24905.59
2020-11-11,15723.81,25349.6
2020-11-12,16319.72,25520.88
2020-11-13,16339.59,25385.87
2020-11-16,16714.58,25906.93
2020-11-17,17660.9,26014.62
2020-11-18,17802.82,25728.14
2020-11-19,17804.44,25634.34
2020-11-20,18702.87,25527.37
2020-11-24,19185.07,26165.59
2020-11-25,18706.15,26296.86
2020-11-26,17173.0,26537.31
2020-11-27,17156.99,26644.71
2020-11-30,19727.0,26433.62
2020-12-01,18763.35,26787.54
2020-12-02,19245.61,26800.98
2020-12-03,19430.07,26809.37
2020-12-04,18692.32,26751.24
2020-12-07,19202.88,26547.44
2020-12-08,18311.76,26467.08
2020-12-09,18550.01,26817.94
2020-12-10,18286.8,26756.24
2020-12-11,18048.14,26652.52
2020-12-14,19288.43,26732.44
2020-12-15,19451.34,26687.84
2020-12-16,21384.63,26757.4
2020-12-17,22830.34,26806.67
2020-12-18,23169.26,26763.39
2020-12-21,22777.26,26714.42
2020-12-22,23839.99,26436.39
2020-12-23,23196.57,26524.79
2020-12-24,23740.01,26668.35
2020-12-25,24736.42,26656.61
2020-12-28,27044.14,26854.03
2020-12-29,27407.85,27568.15
2020-12-30,28934.56,27444.17
2021-01-04,32127.31,27258.38
2021-01-05,34131.23,27158.63
2021-01-06,36979.81,27055.94
2021-01-07,39573.39,27490.13
2021-01-08,40666.72,28139.03
2021-01-12,33968.43,28164.34
2021-01-13,37520.66,28456.59
2021-01-14,39171.12,28698.26
2021-01-15,36868.39,28519.18
2021-01-18,36765.97,28242.21
2021-01-19,35673.03,28633.46
2021-01-20,35570.44,28523.26
2021-01-21,30647.26,28756.86
2021-01-22,32885.51,28631.45
2021-01-25,31979.0,28822.29
2021-01-26,32579.82,28546.18
2021-01-27,30552.06,28635.21
2021-01-28,33484.8,28197.42
2021-01-29,34330.14,27663.39
2021-02-01,33457.6,28091.05
2021-02-02,35511.07,28362.17
2021-02-03,37769.41,28646.5
2021-02-04,37070.87,28341.95
2021-02-05,38376.86,28779.19
2021-02-08,46674.44,29388.5
2021-02-09,46595.44,29505.93
2021-02-10,44887.29,29562.93
2021-02-12,47524.18,29520.07
2021-02-15,47911.87,30084.15
2021-02-16,49257.23,30467.75
2021-02-17,52269.84,30292.19
2021-02-18,51644.16,30236.09
2021-02-19,56029.51,30017.92
2021-02-22,54130.33,30156.03
2021-02-24,49789.99,29671.7
2021-02-25,46927.73,30168.27
2021-02-26,46360.17,28966.01
2021-03-01,49652.19,29663.5
2021-03-02,48368.22,29408.17
2021-03-03,50164.67,29559.1
2021-03-04,48327.39,28930.11
2021-03-05,48908.09,28864.32
2021-03-08,52472.59,28743.25
2021-03-09,54999.99,29027.94
2021-03-10,56046.27,29036.56
2021-03-11,57911.02,29211.64
2021-03-12,57174.89,29717.83
2021-03-15,55430.19,29766.97
2021-03-16,57126.52,29921.09
2021-03-17,59221.23,29914.33
2021-03-18,57562.46,30216.75
2021-03-19,58001.29,29792.05
2021-03-22,54230.21,29174.15
2021-03-23,54268.81,28995.92
2021-03-24,52294.65,28405.52
2021-03-25,51386.2,28729.88
2021-03-26,55314.11,29176.7
2021-03-29,57630.72,29384.52
2021-03-30,58800.0,29432.7
2021-03-31,58837.71,29178.8
2021-04-01,58768.84,29388.87
2021-04-02,59019.55,29854.0
2021-04-05,59200.0,30089.25
2021-04-06,58018.31,29696.63
2021-04-07,55962.11,29730.79
2021-04-08,58108.65,29708.98
2021-04-09,58126.14,29768.06
2021-04-12,59903.04,29538.73
2021-04-13,63660.94,29751.61
2021-04-14,63283.43,29620.99
2021-04-15,63346.93,29642.69
2021-04-16,61486.08,29683.37
2021-04-19,55797.39,29685.37
2021-04-20,56514.9,29100.38
2021-04-21,53919.48,28508.55
2021-04-22,51653.27,29188.17
2021-04-23,51231.69,29020.63
2021-04-26,53969.71,29126.23
2021-04-27,55120.81,28991.89
2021-04-28,54964.11,29053.97
2021-04-30,57640.17,28812.63
2021-05-06,56485.77,29331.37
2021-05-07,57373.88,29357.82
2021-05-10,55936.77,29518.34
2021-05-11,56719.0,28608.59
2021-05-12,49095.57,28147.51
2021-05-13,49635.45,27448.01
2021-05-14,49923.92,28084.47
2021-05-17,43768.74,27824.83
2021-05-18,42989.8,28406.84
2021-05-19,37236.61,28044.45
2021-05-20,40749.78,28098.25
2021-05-21,37425.0,28317.83
2021-05-24,38725.06,28364.61
2021-05-25,38370.0,28553.98
2021-05-26,39213.41,28642.19
2021-05-27,38368.17,28549.01
2021-05-28,35770.0,29149.41
2021-05-31,37153.71,28860.08
2021-06-01,36764.58,28814.34
2021-06-02,37501.36,28946.14
2021-06-03,39215.09,29058.11
2021-06-04,36895.48,28941.52
2021-06-07,33816.09,29019.24
2021-06-08,33432.26,28963.56
2021-06-09,37357.02,28860.8
2021-06-10,36717.51,28958.56
2021-06-11,37282.15,28948.73
2021-06-14,40496.92,29161.8
2021-06-15,40093.93,29441.3
2021-06-16,38394.4,29291.01
2021-06-17,38027.63,29018.33
2021-06-18,35777.39,28964.08
2021-06-21,31686.69,28010.93
2021-06-22,32508.26,28884.13
2021-06-23,33688.35,28874.89
2021-06-24,34695.34,28875.23
2021-06-25,31704.87,29066.18
2021-06-28,34541.8,29048.02
2021-06-29,35928.75,28812.61
2021-06-30,34995.83,28791.53
2021-07-01,33538.49,28707.04
2021-07-02,33832.49,28783.28
2021-07-05,33673.22,28598.19
2021-07-06,34193.9,28643.21
2021-07-07,33791.0,28366.95
2021-07-08,32878.23,28118.03
2021-07-09,33766.87,27940.42
2021-07-12,33096.86,28569.02
2021-07-13,32768.54,28718.24
2021-07-14,32817.18,28608.49
2021-07-15,31891.09,28279.09
2021-07-16,31408.78,28003.08
2021-07-19,30849.9,27652.74
2021-07-20,29788.61,27388.16
2021-07-21,32086.04,27548.0
2021-07-26,37269.12,27833.29
2021-07-27,39381.82,27970.22
2021-07-28,40031.56,27581.66
2021-07-29,40024.94,27782.42
2021-07-30,42188.95,27283.59
2021-08-02,39146.69,27781.02
2021-08-03,38207.27,27641.83
2021-08-04,39730.0,27584.08
2021-08-05,40893.75,27728.12
2021-08-06,42827.76,27820.04
2021-08-10,45565.76,27888.15
2021-08-11,45482.95,28070.51
2021-08-12,44454.37,28015.02
2021-08-13,47765.41,27977.15
2021-08-16,45930.71,27523.19
2021-08-17,44718.51,27424.47
2021-08-18,44735.2,27585.91
2021-08-19,46736.74,27281.17
2021-08-20,49350.99,27013.25
2021-08-23,49464.66,27494.24
2021-08-24,47770.4,27732.1
2021-08-25,48985.05,27724.8
2021-08-26,46770.6,27742.29
2021-08-27,49082.04,27641.14
2021-08-30,46924.16,27789.29
2021-08-31,47065.73,28089.54
2021-09-01,48889.19,28451.02
2021-09-02,49273.33,28543.51
2021-09-03,49919.31,29128.11
2021-09-06,52691.2,29659.89
2021-09-07,46943.82,29916.14
2021-09-08,46022.48,30181.21
2021-09-09,46414.58,30008.19
2021-09-10,44897.75,30381.84
2021-09-13,44969.02,30447.37
2021-09-14,47096.48,30670.1
2021-09-15,48106.71,30511.71
2021-09-16,47772.7,30323.34
2021-09-17,47337.8,30500.05
2021-09-21,40656.13,29839.71
2021-09-22,43544.09,29639.4
2021-09-24,42816.65,30248.81
2021-09-27,42214.52,30240.06
2021-09-28,41006.19,30183.96
2021-09-29,41522.49,29544.29
2021-09-30,43834.03,29452.66
2021-10-01,48145.34,28771.07
2021-10-04,49248.68,28444.89
2021-10-05,51441.74,27822.12
2021-10-06,55278.64,27528.87
2021-10-07,53844.74,27678.21
2021-10-08,53983.21,28048.94
2021-10-11,57440.05,28498.2
2021-10-12,56019.29,28230.61
2021-10-13,57372.59,28140.28
2021-10-14,57327.09,28550.93
2021-10-15,61682.48,29068.63
2021-10-18,62036.95,29025.46
2021-10-19,64353.53,29215.52
2021-10-20,66005.17,29255.55
2021-10-21,62152.09,28708.58
2021-10-22,60671.75,28804.85
2021-10-25,63102.83,28600.41
2021-10-26,60341.21,29106.01
2021-10-27,58517.61,29098.24
2021-10-28,60577.62,28820.09
2021-10-29,62316.4,28892.69
2021-11-01,60950.0,29647.08
2021-11-02,63357.2,29520.9
2021-11-04,61499.24,29794.37
2021-11-05,61000.01,29611.57
2021-11-08,67510.06,29507.05
2021-11-09,66967.98,29285.46
2021-11-10,64896.86,29106.78
2021-11-11,64793.69,29277.86
2021-11-12,64158.51,29609.97
2021-11-15,63441.68,29776.8
2021-11-16,60147.32,29808.12
2021-11-17,60314.28,29688.33
2021-11-18,57017.38,29598.66
2021-11-19,58187.85,29745.87
2021-11-22,56254.57,29774.11
2021-11-24,57255.24,29302.66
2021-11-25,59022.44,29499.28
2021-11-26,53839.39,28751.62
2021-11-29,57828.33,28283.92
2021-11-30,56879.47,27821.76
2021-12-01,57228.47,27935.62
2021-12-02,56566.29,27753.37
2021-12-03,53681.96,28029.57
2021-12-06,50588.91,27927.37
2021-12-07,50676.09,28455.6
2021-12-08,50531.51,28860.62
2021-12-09,47639.07,28725.47
2021-12-10,47268.48,28437.77
2021-12-13,46639.86,28640.49
2021-12-14,48343.16,28432.64
2021-12-15,48885.97,28459.72
2021-12-16,47605.48,29066.32
2021-12-17,46240.15,28545.68
2021-12-20,46963.71,27937.81
2021-12-21,48954.47,28517.59
2021-12-22,48646.94,28562.21
2021-12-23,50840.46,28798.37
2021-12-24,50815.7,28782.59
2021-12-27,50663.26,28676.46
2021-12-28,47594.55,29069.16
2021-12-29,46518.8,28906.88
2021-12-30,47097.85,28791.71
2022-01-04,45889.4,29301.79
2022-01-05,43422.85,29332.16
2022-01-06,43133.33,28487.87
2022-01-07,41656.16,28478.56
2022-01-11,42771.24,28222.48
2022-01-12,43884.25,28765.66
2022-01-13,42617.64,28489.13
2022-01-14,43158.68,28124.28
2022-01-17,42285.47,28333.52
2022-01-18,42411.61,28257.25
2022-01-19,41723.49,27467.23
2022-01-20,40696.22,27772.93
2022-01-21,36513.29,27522.26
2022-01-24,36643.49,27588.37
2022-01-25,36976.64,27131.34
2022-01-26,36838.9,27011.33
2022-01-27,37139.68,26170.3
2022-01-28,37677.8,26717.34
2022-01-31,38430.3,27001.98
2022-02-01,38745.11,27078.48
2022-02-02,36905.98,27533.6
2022-02-03,37238.31,27241.31
2022-02-04,41545.39,27439.99
2022-02-07,43897.96,27248.87
2022-02-08,44147.59,27284.52
2022-02-09,44402.94,27579.87
2022-02-10,43477.29,27696.08
2022-02-14,42572.56,27079.59
2022-02-15,44469.73,26865.19
2022-02-16,43897.22,27460.4
2022-02-17,40553.82,27232.87
2022-02-18,39993.11,27122.07
2022-02-21,37075.4,26910.87
2022-02-22,38261.46,26449.61
2022-02-24,38367.61,25970.82
2022-02-25,39212.8,26476.5
2022-02-28,43206.02,26526.82
2022-03-01,44412.2,26844.72
2022-03-02,43862.75,26393.03
2022-03-03,42432.0,26577.27
2022-03-04,39205.77,25985.47
2022-03-07,38004.69,25221.41
2022-03-08,38724.21,24790.95
2022-03-09,41985.86,24717.53
2022-03-10,39454.87,25690.4
2022-03-11,38670.76,25162.78
2022-03-14,39644.88,25307.85
2022-03-15,39361.36,25346.48
2022-03-16,41109.85,25762.01
2022-03-17,40964.07,26652.89
2022-03-18,41806.03,26827.43
2022-03-22,42359.88,27224.11
2022-03-23,42940.28,28040.16
2022-03-24,43979.48,28110.39
2022-03-25,44355.11,28149.84
2022-03-28,47191.31,27943.89
2022-03-29,47430.74,28252.42
2022-03-30,47022.82,28027.25
2022-03-31,45475.83,27821.43
2022-04-01,46222.43,27665.98
2022-04-04,46568.89,27736.47
2022-04-05,45449.25,27787.98
2022-04-06,43206.04,27350.3
2022-04-07,43432.08,26888.57
2022-04-08,42281.5,26985.8
2022-04-11,39615.2,26821.52
2022-04-12,40105.2,26334.98
2022-04-13,41101.04,26843.49
2022-04-14,39910.05,27172.0
2022-04-15,40566.6,27093.19
2022-04-18,40817.48,26799.71
2022-04-19,41480.25,26985.09
2022-04-20,41350.25,27217.85
2022-04-21,40464.52,27553.06
2022-04-22,39708.2,27105.26
2022-04-25,40490.41,26590.78
2022-04-26,38102.78,26700.11
2022-04-27,39188.42,26386.63
2022-04-28,39737.71,26847.9
2022-05-02,38488.36,26818.53
2022-05-06,36013.22,27003.56
2022-05-09,30176.73,26319.34
2022-05-10,30961.83,26167.1
2022-05-11,29027.82,26213.64
2022-05-12,28959.93,25748.72
2022-05-13,29292.4,26427.65
2022-05-16,29854.67,26547.05
2022-05-17,30391.04,26659.75
2022-05-18,28762.93,26911.2
2022-05-19,30258.84,26402.84
2022-05-20,29138.15,26739.03
2022-05-23,29095.68,27001.52
2022-05-24,29605.66,26748.14
2022-05-25,29487.83,26677.8
2022-05-26,29160.96,26604.84
2022-05-27,28608.55,26781.68
2022-05-30,31691.54,27369.43
2022-05-31,31804.27,27279.8
2022-06-01,29779.16,27457.89
2022-06-02,30428.98,27413.88
2022-06-03,29684.67,27761.57
2022-06-06,31324.88,27915.89
2022-06-07,31073.76,27943.95
2022-06-08,30195.33,28234.29
2022-06-09,30070.71,28246.53
2022-06-10,29061.88,27824.29
2022-06-13,22333.0,26987.44
2022-06-14,22122.57,26629.86
2022-06-15,22544.07,26326.16
2022-06-16,20336.62,26431.2
2022-06-17,20421.22,25963.0
2022-06-20,20534.33,25771.22
2022-06-21,20675.12,26246.31
2022-06-22,19997.23,26149.55
2022-06-23,21121.55,26171.25
2022-06-24,21206.32,26491.97
2022-06-27,20718.74,26871.27
2022-06-28,20251.34,27049.47
2022-06-29,20094.43,26804.6
2022-06-30,19837.58,26393.04
2022-07-01,19270.3,25935.62
2022-07-04,20205.89,26153.81
2022-07-05,20171.1,26423.47
2022-07-06,20556.8,26107.65
2022-07-07,21657.39,26490.53
2022-07-08,21582.54,26517.19
2022-07-11,19942.91,26812.3
2022-07-12,19302.71,26336.66
2022-07-13,20206.62,26478.77
2022-07-14,20583.48,26643.39
2022-07-15,20838.39,26788.47
2022-07-19,23410.92,26961.68
2022-07-20,23237.11,27680.26
2022-07-21,23140.92,27803.0
2022-07-22,22706.35,27914.66
2022-07-25,21248.31,27699.25
2022-07-26,21277.3,27655.21
2022-07-27,22986.74,27715.75
2022-07-28,23875.62,27815.48
2022-07-29,23817.5,27801.64
2022-08-01,23250.19,27993.35
2022-08-02,23005.22,27594.73
2022-08-03,22820.48,27741.9
2022-08-04,22604.63,27932.2
2022-08-05,23285.14,28175.87
2022-08-08,23824.9,28249.24
2022-08-09,23138.91,27999.96
2022-08-10,23982.75,27819.33
2022-08-12,24398.29,28546.98
2022-08-15,24092.27,28871.78
2022-08-16,23861.8,28868.91
2022-08-17,23357.89,29222.77
2022-08-18,23175.9,28942.14
2022-08-19,20850.04,28930.33
2022-08-22,21403.82,28794.5
2022-08-23,21529.34,28452.75
2022-08-24,21358.67,28313.47
2022-08-25,21518.35,28479.01
2022-08-26,20230.18,28641.38
2022-08-29,20291.07,27878.96
2022-08-30,19835.7,28195.58
2022-08-31,20025.48,28091.53
2022-09-01,20112.51,27661.47
2022-09-02,19946.87,27650.84
2022-09-05,19807.74,27619.61
2022-09-06,18777.0,27626.51
2022-09-07,19286.23,27430.3
2022-09-08,19320.01,28065.28
2022-09-09,21355.55,28214.75
2022-09-12,22412.6,28542.11
2022-09-13,20164.09,28614.63
2022-09-14,20216.63,27818.62
2022-09-15,19690.75,27875.91
2022-09-16,19784.17,27567.65
2022-09-20,18869.22,27688.42
2022-09-21,18488.54,27313.13
2022-09-22,19402.35,27153.83
2022-09-26,19224.81,26431.55
2022-09-27,19072.97,26571.87
2022-09-28,19407.62,26173.98
2022-09-29,19610.61,26422.05
2022-09-30,19415.8,25937.21
2022-10-03,19640.84,26215.79
2022-10-04,20344.37,26992.21
2022-10-05,20152.33,27120.53
2022-10-06,19962.19,27311.3
2022-10-07,19524.22,27116.11
2022-10-11,19069.69,26401.25
2022-10-12,19157.32,26396.83
2022-10-13,19382.53,26237.42
2022-10-14,19187.64,27090.76
2022-10-17,19565.96,26775.79
2022-10-18,19334.77,27156.14
2022-10-19,19122.17,27257.38
2022-10-20,19046.77,27006.96
2022-10-21,19172.57,26890.58
2022-10-24,19332.45,26974.9
2022-10-25,20113.74,27250.28
2022-10-26,20760.56,27431.84
2022-10-27,20287.17,27345.24
2022-10-28,20594.01,27105.2
2022-10-31,20472.79,27587.46
2022-11-01,20479.49,27678.92
2022-11-02,20148.56,27663.39
2022-11-04,21157.96,27199.74
2022-11-07,20578.77,27527.64
2022-11-08,18561.6,27872.11
2022-11-09,15850.62,27716.43
2022-11-10,17573.15,27446.1
2022-11-11,16997.14,28263.57
2022-11-14,16576.49,27963.47
2022-11-15,16869.14,27990.17
2022-11-16,16660.48,28028.3
2022-11-17,16677.36,27930.57
2022-11-18,16673.07,27899.77
2022-11-21,15755.75,27944.79
2022-11-22,16206.32,28115.74
2022-11-24,16579.3,28383.09
2022-11-25,16508.49,28283.03
2022-11-28,16193.89,28162.83
2022-11-29,16441.63,28027.84
2022-11-30,17179.78,27968.99
2022-12-01,16980.55,28226.08
2022-12-02,17099.27,27777.9
2022-12-05,16970.79,27820.4
2022-12-06,17089.95,27885.87
2022-12-07,16844.05,27686.4
2022-12-08,17228.23,27574.43
2022-12-09,17129.01,27901.01
2022-12-12,17209.62,27842.33
2022-12-13,17763.65,27954.85
2022-12-14,17815.79,28156.21
2022-12-15,17358.0,28051.7
2022-12-16,16627.33,27527.12
2022-12-19,16453.07,27237.64
2022-12-20,16893.02,26568.03
2022-12-21,16821.03,26387.72
2022-12-22,16819.21,26507.87
2022-12-23,16776.77,26235.25
2022-12-26,16940.82,26405.87
2022-12-27,16693.38,26447.87
2022-12-28,16539.02,26340.5
2022-12-29,16626.11,26093.67
2022-12-30,16606.43,26094.5
2023-01-04,16850.4,25716.86
2023-01-05,16824.98,25820.8
2023-01-06,16950.6,25973.85
2023-01-10,17444.75,26175.56
2023-01-11,17942.22,26446.0
2023-01-12,18863.74,26449.82
2023-01-13,19909.21,26119.52
2023-01-16,21186.93,25822.32
2023-01-17,21153.37,26138.68
2023-01-18,20710.89,26791.12
2023-01-19,21088.14,26405.23
2023-01-20,22686.85,26553.53
2023-01-23,22915.32,26906.04
2023-01-24,22612.34,27299.19
2023-01-25,23072.42,27395.01
2023-01-26,23028.35,27362.75
2023-01-27,23072.62,27382.56
2023-01-30,22832.32,27433.4
2023-01-31,23134.74,27327.11
2023-02-01,23740.02,27346.88
2023-02-02,23548.98,27402.05
2023-02-03,23426.4,27509.46
2023-02-06,22751.79,27693.65
2023-02-07,23260.42,27685.47
2023-02-08,22973.38,27606.46
2023-02-09,21804.16,27584.35
2023-02-10,21629.58,27670.98
2023-02-13,21786.33,27427.32
2023-02-14,22193.69,27602.77
2023-02-15,24340.76,27501.86
2023-02-16,23468.21,27696.44
2023-02-17,24562.04,27513.13
2023-02-20,24835.63,27531.94
2023-02-21,24447.91,27473.1
2023-02-22,24187.63,27104.32
2023-02-24,23181.45,27453.48
2023-02-27,23479.61,27423.96
2023-02-28,23146.93,27445.56
2023-03-01,23634.46,27516.53
2023-03-02,23469.09,27498.87
2023-03-03,22343.55,27927.47
2023-03-06,22419.33,28237.78
2023-03-07,22198.95,28309.16
2023-03-08,21712.64,28444.19
2023-03-09,20364.09,28623.15
2023-03-10,20227.02,28143.97
2023-03-13,24239.87,27832.96
2023-03-14,24786.83,27222.04
2023-03-15,24350.57,27229.48
2023-03-16,25040.11,27010.61
2023-03-17,27442.51,27333.79
2023-03-20,27818.07,26945.67
2023-03-22,27324.09,27466.61
2023-03-23,28361.31,27419.61
2023-03-24,27488.93,27385.25
2023-03-27,27139.64,27476.87
2023-03-28,27273.12,27518.25
2023-03-29,28366.67,27883.78
2023-03-30,28036.88,27782.93
2023-03-31,28492.72,28041.48
2023-04-03,27807.81,28188.15
2023-04-04,28172.02,28287.42
2023-04-05,28187.68,27813.26
2023-04-06,28053.47,27472.63
2023-04-07,27927.15,27518.31
2023-04-10,29678.68,27633.66
2023-04-11,30243.93,27923.37
2023-04-12,29913.06,28082.7
2023-04-13,30412.73,28156.97
2023-04-14,30493.72,28493.47
2023-04-17,29449.98,28514.78
2023-04-18,30382.37,28658.83
2023-04-19,28814.51,28606.76
2023-04-20,28235.24,28657.57
2023-04-21,27259.0,28564.37
2023-04-24,27518.81,28593.52
2023-04-25,28321.6,28620.07
2023-04-26,28406.04,28416.47
2023-04-27,29502.8,28457.68
2023-04-28,29344.36,28856.44
2023-05-01,28056.44,29123.18
2023-05-02,28682.78,29157.95
2023-05-08,27682.7,28949.88
2023-05-09,27647.15,29242.82
2023-05-10,27620.2,29122.18
2023-05-11,27007.95,29126.72
2023-05-12,26811.54,29388.3
2023-05-15,27178.3,29626.34
2023-05-16,27041.08,29842.99
2023-05-17,27417.13,30093.59
2023-05-18,26829.49,30573.93
2023-05-19,26877.99,30808.35
2023-05-22,26854.54,31086.82
2023-05-23,27223.75,30957.77
2023-05-24,26321.63,30682.68
2023-05-25,26488.5,30801.13
2023-05-26,26728.06,30916.31
2023-05-29,27755.32,31233.54
2023-05-30,27696.65,31328.16
2023-05-31,27222.9,30887.88
2023-06-01,26837.1,31148.01
2023-06-02,27250.49,31524.22
2023-06-05,25751.24,32217.43
2023-06-06,27245.8,32506.78
2023-06-07,26347.69,31913.74
2023-06-08,26504.81,31641.27
2023-06-09,26483.2,32265.17
2023-06-12,25906.91,32434.0
2023-06-13,25933.04,33018.65
2023-06-14,25103.81,33502.42
2023-06-15,25542.36,33485.49
2023-06-16,26341.33,33706.08
2023-06-19,26822.19,33370.42
2023-06-20,28315.01,33388.91
2023-06-21,29998.22,33575.14
2023-06-22,29885.29,33264.88
2023-06-23,30692.18,32781.54
2023-06-26,30279.98,32698.81
2023-06-27,30702.1,32538.33
2023-06-28,30102.6,33193.99
2023-06-29,30441.4,33234.14
2023-06-30,30475.82,33189.04
2023-07-03,31163.19,33753.33
2023-07-04,30766.91,33422.52
2023-07-05,30492.71,33338.7
2023-07-06,29910.89,32773.02
2023-07-07,30337.33,32388.42
2023-07-10,30427.52,32189.73
2023-07-11,30636.22,32203.57
2023-07-12,30379.01,31943.93
2023-07-13,31471.53,32419.33
2023-07-14,30312.82,32391.26
2023-07-18,29860.85,32493.89
2023-07-19,29918.57,32896.03
2023-07-20,29807.9,32490.52
2023-07-21,29907.14,32304.25
2023-07-24,29171.26,32700.94
2023-07-25,29221.74,32682.51
2023-07-26,29351.49,32668.34
2023-07-27,29213.16,32891.16
2023-07-28,29311.22,32759.23
2023-07-31,29223.31,33172.22
2023-08-01,29728.88,33476.58
2023-08-02,29155.83,32707.69
2023-08-03,29168.14,32159.28
2023-08-04,29073.7,32192.75
2023-08-07,29179.01,32254.56
2023-08-08,29774.42,32377.29
2023-08-09,29561.54,32204.33
2023-08-10,29418.09,32473.65
2023-08-14,29397.35,32059.91
2023-08-15,29165.96,32238.89
2023-08-16,28694.33,31766.82
2023-08-17,26600.98,31626.0
2023-08-18,26043.99,31450.76
2023-08-21,26128.18,31565.64
2023-08-22,26038.42,31856.71
2023-08-23,26429.54,32010.26
2023-08-24,26168.12,32287.21
2023-08-25,26054.38,31624.28
2023-08-28,26102.51,32169.99
2023-08-29,27713.68,32226.97
2023-08-30,27297.11,32333.46
2023-08-31,25922.51,32619.34
2023-09-01,25802.02,32710.62
2023-09-04,25814.79,32939.18
2023-09-05,25778.03,33036.76
2023-09-06,25748.1,33241.02
2023-09-07,26267.36,32991.08
2023-09-08,25906.35,32606.84
2023-09-11,25161.68,32467.76
2023-09-12,25852.36,32776.37
2023-09-13,26216.13,32706.52
2023-09-14,26531.31,33168.1
2023-09-15,26620.02,33533.09
2023-09-19,27199.35,33242.59
2023-09-20,27119.41,33023.78
2023-09-21,26567.29,32571.03
2023-09-22,26582.63,32402.41
2023-09-25,26296.86,32678.62
2023-09-26,26200.13,32315.05
2023-09-27,26351.82,32371.9
2023-09-28,27035.82,31872.52
2023-09-29,26900.3,31857.62
2023-10-02,27517.12,31759.88
2023-10-03,27421.92,31237.94
2023-10-04,27782.29,30526.88
2023-10-05,27419.39,31075.36
2023-10-06,27949.12,30994.67
2023-10-10,27391.73,31746.53
2023-10-11,26851.85,31936.51
2023-10-12,26745.5,32494.66
2023-10-13,26859.1,32315.99
2023-10-16,28534.29,31659.03
2023-10-17,28408.19,32040.29
2023-10-18,28309.35,32042.25
2023-10-19,28734.51,31430.62
2023-10-20,29686.66,31259.36
2023-10-23,33106.86,30999.55
2023-10-24,33919.92,31062.35
2023-10-25,34489.91,31269.92
2023-10-26,34140.0,30601.78
2023-10-27,33905.16,30991.69
2023-10-30,34485.49,30696.96
2023-10-31,34667.88,30858.85
2023-11-01,35469.43,31601.65
2023-11-02,34935.25,31949.89
2023-11-06,35063.96,32708.48
2023-11-07,35420.95,32271.82
2023-11-08,35581.68,32166.48
2023-11-09,36669.3,32646.46
2023-11-10,37305.81,32568.11
2023-11-13,36470.45,32585.11
2023-11-14,35552.8,32695.93
2023-11-15,37876.32,33519.7
2023-11-16,36150.03,33424.41
2023-11-17,36626.6,33585.2
2023-11-20,37476.08,33388.03
2023-11-21,35734.18,33354.14
2023-11-22,37443.86,33451.83
2023-11-24,37745.94,33625.53
2023-11-27,37244.39,33447.67
2023-11-28,37840.46,33408.39
2023-11-29,37864.76,33321.22
2023-11-30,37743.0,33486.89
2023-12-01,38714.0,33431.51
2023-12-04,41856.31,33231.27
2023-12-05,44060.06,32775.82
2023-12-06,43778.51,33445.9
2023-12-07,43305.91,32858.31
2023-12-08,44223.94,32307.86
2023-12-11,41205.53,32791.8
2023-12-12,41452.65,32843.7
2023-12-13,42927.11,32926.35
2023-12-14,43031.34,32686.25
2023-12-15,41939.81,32970.55
2023-12-18,42638.28,32758.98
2023-12-19,42252.2,33219.39
2023-12-20,43647.01,33675.94
2023-12-21,43876.98,33140.47
2023-12-22,44015.6,33169.05
2023-12-25,43603.68,33254.03
2023-12-26,42520.26,33305.85
2023-12-27,43444.45,33681.24
2023-12-28,42613.04,33539.62
2023-12-29,42056.3,33464.17
2024-01-04,44230.11,33288.29
2024-01-05,44174.5,33377.42
2024-01-09,46103.0,33763.18
2024-01-10,46590.34,34441.72
2024-01-11,46324.98,35049.86
2024-01-12,42797.41,35577.11
2024-01-15,42500.0,35901.79
2024-01-16,43152.59,35619.18
2024-01-17,42705.07,35477.75
2024-01-18,41234.95,35466.17
2024-01-19,41633.68,35963.27
2024-01-22,39547.64,36546.95
2024-01-23,39866.78,36517.57
2024-01-24,40051.8,36226.48
2024-01-25,39944.5,36236.47
2024-01-26,41792.29,35751.07
2024-01-29,43272.35,36026.94
2024-01-30,42985.96,36065.86
2024-01-31,42599.49,36286.71
2024-02-01,43090.14,36011.46
2024-02-02,43187.41,36158.02
2024-02-05,42654.6,36354.16
2024-02-06,43093.37,36160.66
2024-02-07,44393.14,36119.92
2024-02-08,45345.8,36863.28
2024-02-09,47154.45,36897.42
2024-02-13,49691.47,37963.97
2024-02-14,51833.46,37703.32
2024-02-15,51935.86,38157.94
2024-02-16,52181.12,38487.24
2024-02-19,51766.22,38470.38
2024-02-20,52284.38,38363.61
2024-02-21,51833.99,38262.16
2024-02-22,51262.51,39098.68
2024-02-26,54559.0,39233.71
2024-02-27,57064.29,39239.52
2024-02-28,62479.39,39208.03
2024-02-29,61240.13,39166.19
2024-03-01,62468.47,39910.82
2024-03-04,68277.61,40109.23
2024-03-05,63893.71,40097.63
2024-03-06,66092.71,40090.78
2024-03-07,66914.79,39598.71
2024-03-08,68313.7,39688.94
2024-03-11,72202.19,38820.49
2024-03-12,71471.62,38797.51
2024-03-13,73098.48,38695.97
2024-03-14,71456.55,38807.38
2024-03-15,69492.42,38707.64
2024-03-18,67566.95,39740.44
2024-03-19,61977.96,40003.6
2024-03-21,65505.11,40815.66
2024-03-22,63712.44,40888.43
2024-03-25,69914.45,40414.12
2024-03-26,69976.26,40398.03
2024-03-27,69372.26,40762.73
2024-03-28,70770.78,40168.07
2024-03-29,69933.54,40369.44
2024-04-01,69702.13,39803.09
2024-04-02,65478.7,39838.91
2024-04-03,65982.23,39451.85
2024-04-04,68415.92,39773.14
2024-04-05,67878.68,38992.08
2024-04-08,71607.88,39347.04
2024-04-09,69100.81,39773.13
2024-04-10,70554.77,39581.81
2024-04-11,70001.36,39442.63
2024-04-12,67107.27,39523.55
2024-04-15,63359.28,39232.8
2024-04-16,63840.0,38471.2
2024-04-17,61267.8,37961.8
2024-04-18,63447.36,38079.7
2024-04-19,63836.5,37068.35
2024-04-22,66828.83,37438.61
2024-04-23,66472.3,37552.16
2024-04-24,64198.5,38460.08
2024-04-25,64510.14,37628.48
2024-04-26,63747.32,37934.76
2024-04-30,60690.8,38405.66
2024-05-01,58278.09,38274.05
2024-05-02,59071.21,38236.07
2024-05-07,62344.02,38835.1
2024-05-08,61156.89,38202.37
2024-05-09,63088.62,38073.98
2024-05-10,60801.1,38229.11
2024-05-13,62909.03,38179.46
2024-05-14,61558.14,38356.06
2024-05-15,66293.39,38385.73
2024-05-16,65282.62,38920.26
2024-05-17,66941.22,38787.38
2024-05-20,71466.21,39069.68
2024-05-21,70191.19,38946.93
2024-05-22,69145.91,38617.1
2024-05-23,67903.82,39103.22
2024-05-24,68567.61,38646.11
2024-05-27,69363.83,38900.02
2024-05-28,68350.32,38855.37
2024-05-29,67573.57,38556.87
2024-05-30,68356.11,38054.13
2024-05-31,67506.03,38487.9
2024-06-03,68794.57,38923.03
2024-06-04,70596.56,38837.46
2024-06-05,71164.39,38490.17
2024-06-06,70770.7,38703.51
2024-06-07,69283.58,38683.93
2024-06-10,69490.62,39038.16
2024-06-11,67316.44,39134.79
2024-06-12,68270.98,38876.71
2024-06-13,66764.3,38720.47
2024-06-14,66022.42,38814.56
2024-06-17,66517.55,38102.44
2024-06-18,65126.6,38482.11
2024-06-19,64903.53,38570.76
2024-06-20,64842.53,38633.02
2024-06-21,64136.38,38596.47
2024-06-24,60236.01,38804.65
2024-06-25,61820.98,39173.15
2024-06-26,60794.33,39667.07
2024-06-27,61622.64,39341.54
2024-06-28,60322.28,39583.08
2024-07-01,62870.34,39631.06
2024-07-02,62056.54,40074.69
2024-07-03,60187.34,40580.76
2024-07-04,57171.19,40913.65
2024-07-05,56624.69,40912.37
2024-07-08,56684.73,40780.7
2024-07-09,57995.57,41580.17
2024-07-10,57653.32,41831.99
2024-07-11,57384.82,42224.02
2024-07-12,57910.59,41190.68
2024-07-16,65045.81,41275.08
2024-07-17,64157.33,41097.69
2024-07-18,63999.59,40126.35
2024-07-19,66771.26,40063.79
2024-07-22,67585.54,39599.0
2024-07-23,65923.74,39594.39
2024-07-24,65430.69,39154.85
2024-07-25,65816.21,37869.51
2024-07-26,67929.7,37667.41
2024-07-29,66827.89,38468.63
2024-07-30,66200.81,38525.95
2024-07-31,64607.71,39101.82
2024-08-01,65342.4,38126.33
2024-08-02,61466.66,35909.7
2024-08-05,54025.9,31458.42
2024-08-06,56096.88,34675.46
2024-08-07,55100.98,35089.62
2024-08-08,61644.69,34831.15
2024-08-09,60818.65,35025.0
2024-08-13,60596.01,36232.51
2024-08-14,58779.3,36442.43
2024-08-15,57502.3,36726.64
2024-08-16,58879.72,38062.67
2024-08-19,59469.51,37388.62
2024-08-20,59062.49,38062.92
2024-08-21,61193.87,37951.8
2024-08-22,60378.7,38211.01
2024-08-23,64130.87,38364.27
2024-08-26,62838.55,38110.22
2024-08-27,59398.77,38288.62
2024-08-28,59024.0,38371.76
2024-08-29,59371.27,38362.53
2024-08-30,59113.86,38647.75
2024-09-02,59140.6,38700.87
2024-09-03,57474.64,38686.31
2024-09-04,57994.01,37047.61
2024-09-05,56152.01,36657.09
2024-09-06,53930.39,36391.47
2024-09-09,57645.59,36215.75
2024-09-10,57352.79,36159.16
2024-09-11,58137.54,35619.77
2024-09-12,60543.35,36833.27
2024-09-13,60012.35,36581.76
2024-09-17,61769.18,36203.22
2024-09-18,62960.14,36380.17
2024-09-19,63210.69,37155.33
2024-09-20,63362.74,37723.91
2024-09-24,63130.89,37940.59
2024-09-25,65177.21,37870.26
2024-09-26,65789.0,38925.63
2024-09-27,65858.99,39829.56
2024-09-30,60790.0,37919.55
2024-10-01,60631.37,38651.97
2024-10-02,60744.99,37808.76
2024-10-03,62090.71,38552.06
2024-10-04,62051.29,38635.62
2024-10-07,62122.02,39332.74
2024-10-08,60578.28,38937.54
2024-10-09,60279.53,39277.96
2024-10-10,62518.75,39380.89
2024-10-11,63187.47,39605.8
2024-10-15,67608.44,39910.55
2024-10-16,67402.33,39180.3
2024-10-17,68426.11,38911.19
2024-10-18,68363.73,38981.75
2024-10-21,67380.08,38954.6
2024-10-22,66601.11,38411.96
2024-10-23,68156.84,38104.86
2024-10-24,66564.51,38143.29
2024-10-25,67012.56,37913.92
2024-10-28,72724.35,38605.53
2024-10-29,72322.91,38903.68
2024-10-30,70197.83,39277.39
2024-10-31,69467.29,39081.25
2024-11-01,69358.94,38053.67
2024-11-05,75646.55,38474.9
2024-11-06,75920.0,39480.67
2024-11-07,76566.73,39381.41
2024-11-08,76716.06,39500.37
2024-11-11,88035.43,39533.32
2024-11-12,90493.82,39376.09
2024-11-13,87340.4,38721.66
2024-11-14,91058.36,38535.7
2024-11-15,90636.24,38642.91
2024-11-18,92435.89,38220.85
2024-11-19,94393.15,38414.43
2024-11-20,98439.09,38352.34
2024-11-21,99024.03,38026.17
2024-11-22,97778.77,38283.85
2024-11-25,91929.54,38780.14
2024-11-26,95951.19,38442.0
2024-11-27,95665.53,38134.97
2024-11-28,97490.56,38349.06
2024-11-29,96465.42,38208.03
2024-12-02,95924.52,38513.02
2024-12-03,98746.24,39248.86
2024-12-04,97044.23,39276.39
2024-12-05,99891.35,39395.6
2024-12-06,99929.32,39091.17
2024-12-09,96660.76,39160.5
2024-12-10,101202.11,39367.58
2024-12-11,100030.47,39372.23
2024-12-12,101428.75,39849.14
2024-12-13,101399.99,39470.44
2024-12-16,106136.99,39457.49
2024-12-17,100150.73,39364.68
2024-12-18,97372.21,39081.71
2024-12-19,97765.0,38813.58
2024-12-20,97230.08,38701.9
2024-12-23,98594.47,39161.34
2024-12-24,99346.28,39036.85
2024-12-25,95669.49,39130.43
2024-12-26,94171.89,39568.06
2024-12-27,95130.82,40281.16
2024-12-30,93354.22,39894.54
2025-01-06,96941.98,39307.05
2025-01-07,95036.63,40083.3
2025-01-08,92547.44,39981.06
2025-01-09,94701.18,39605.09
2025-01-10,94565.02,39190.4
2025-01-14,100510.23,38474.3
2025-01-15,99981.78,38444.58
2025-01-16,104107.0,38572.6
2025-01-17,104435.0,38451.46
2025-01-20,106159.26,38902.5
2025-01-21,103667.11,39027.98
2025-01-22,103926.36,39646.25
2025-01-23,104850.27,39958.87
2025-01-24,104733.56,39931.98
2025-01-27,101290.0,39565.8
2025-01-28,103747.25,39016.87
2025-01-29,104742.64,39414.78
2025-01-30,102411.26,39513.97
2025-01-31,100623.85,39572.49
2025-02-03,97795.05,38520.09
2025-02-04,96638.33,38798.37
2025-02-05,96564.62,38831.48
2025-02-06,96537.08,39066.53
2025-02-07,96476.25,38787.02
2025-02-10,95774.08,38801.17
2025-02-12,96625.29,38963.7
2025-02-13,97509.03,39461.47
2025-02-14,97596.94,39149.43
2025-02-17,95607.4,39174.25
2025-02-18,96632.03,39270.4
2025-02-19,98347.2,39164.61
2025-02-20,96157.03,38678.04
2025-02-21,96582.12,38776.94
2025-02-25,84111.78,38237.79
2025-02-26,84625.19,38142.37
2025-02-27,84297.73,38256.17
2025-02-28,86018.76,37155.5
2025-03-03,87249.96,37785.47
2025-03-04,90603.73,37331.18
2025-03-05,89921.85,37418.24
2025-03-06,86756.98,37704.93
2025-03-07,86206.69,36887.17
2025-03-10,82914.51,37028.27
2025-03-11,83659.43,36793.11
2025-03-12,81073.43,36819.09
2025-03-13,83980.49,36790.03
2025-03-14,84351.46,37053.1
2025-03-17,82698.76,37396.52
2025-03-18,86877.96,37845.42
2025-03-19,84183.42,37751.88
2025-03-21,83852.03,37677.06
2025-03-24,87427.88,37608.49
2025-03-25,86926.01,37780.54
2025-03-26,87217.48,38027.29
2025-03-27,84381.8,37799.97
2025-03-28,82616.83,37120.33
2025-03-31,85170.37,35617.56
2025-04-01,82490.08,35624.48
2025-04-02,83174.33,35725.87
2025-04-03,83860.16,34735.93
2025-04-04,83498.25,33780.58
2025-04-07,76251.64,31136.58
2025-04-08,82594.75,33012.58
2025-04-09,79552.34,31714.03
2025-04-10,83380.47,34609.0
2025-04-11,85271.01,33585.58
2025-04-14,83629.78,33982.36
2025-04-15,84028.72,34267.54
2025-04-16,84961.97,33920.4
2025-04-17,84466.47,34377.6
2025-04-18,85074.99,34730.28
2025-04-21,93489.1,34279.92
2025-04-22,93740.92,34220.6
2025-04-23,94021.96,34868.63
2025-04-24,94708.79,35039.15
2025-04-25,94666.64,35705.74
2025-04-28,94271.09,35839.99
2025-04-30,96524.98,36045.38
2025-05-01,96929.81,36452.3
2025-05-02,95861.33,36830.69
2025-05-07,103253.49,36779.66
2025-05-08,102986.96,36928.63
2025-05-09,104821.19,37503.33
2025-05-12,104131.06,37644.26
2025-05-13,103545.38,38183.26
2025-05-14,103786.43,38128.13
2025-05-15,103500.03,37755.51
2025-05-16,103161.07,37753.72
2025-05-19,106883.24,37498.63
2025-05-20,109699.54,37529.49
2025-05-21,111722.53,37298.98
2025-05-22,107329.61,36985.87
2025-05-23,107794.01,37160.47
2025-05-26,108978.46,37531.53
2025-05-27,107819.29,37724.11
2025-05-28,105572.58,37722.4
2025-05-29,104033.26,38432.98
2025-05-30,104645.87,37965.1
2025-06-02,105447.82,37470.67
2025-06-03,104753.38,37446.81
2025-06-04,101570.2,37747.45
2025-06-05,104397.99,37554.49
2025-06-06,105619.02,37741.61
2025-06-09,110300.24,38088.57
2025-06-10,108669.37,38211.51
2025-06-11,105721.05,38421.19
2025-06-12,106118.7,38173.09
2025-06-13,105465.42,37834.25
2025-06-16,104590.44,38311.33
2025-06-17,104915.6,38536.74
2025-06-18,104671.9,38885.15
2025-06-19,103317.8,38488.34
2025-06-20,102160.03,38403.23
2025-06-23,106141.0,38354.09
2025-06-24,107400.22,38790.56
2025-06-25,107029.64,38942.07
2025-06-26,107113.38,39584.58
2025-06-27,107352.2,40150.79
2025-06-30,105711.78,40487.39
2025-07-01,108888.32,39986.33
2025-07-02,109628.83,39762.48
2025-07-03,108028.6,39785.9
2025-07-04,108246.65,39810.88
2025-07-07,108958.04,39587.68
2025-07-08,111282.85,39688.81
2025-07-09,116031.3,39821.28
2025-07-10,117582.16,39646.36
2025-07-11,117472.65,39569.68
2025-07-14,117781.64,39459.62
2025-07-15,118681.68,39678.02
2025-07-16,119273.69,39663.4
2025-07-17,118023.05,39901.19
2025-07-18,117914.17,39819.11
2025-07-22,118810.44,39774.92
2025-07-23,118397.04,41171.32
2025-07-24,117633.27,41826.34
2025-07-25,117969.63,41456.23
2025-07-28,117933.39,40998.27
2025-07-29,117830.15,40674.55
2025-07-30,115761.13,40654.7
2025-07-31,113248.73,41069.82
2025-08-01,112542.74,40799.6
2025-08-04,114112.95,40290.7
2025-08-05,115028.83,40549.54
2025-08-06,117515.49,40794.86
2025-08-07,116683.79,41059.15
2025-08-08,116492.51,41820.48
2025-08-12,123365.63,42718.17
2025-08-13,118389.79,43274.67
2025-08-14,117436.96,42649.26
2025-08-15,117455.68,43378.31
2025-08-18,112856.19,43714.31
2025-08-19,114276.0,43546.29
2025-08-20,112480.3,42888.55
2025-08-21,116908.68,42610.17
2025-08-22,115383.87,42633.29
2025-08-25,111788.01,42807.82
2025-08-26,111253.21,42394.4
2025-08-27,112574.85,42520.27
2025-08-28,108378.32,42828.79
2025-08-29,108827.93,42718.47
2025-09-01,111247.94,42188.79
2025-09-02,111756.41,42310.49
2025-09-03,110720.79,41938.89
2025-09-04,110670.02,42580.27
2025-09-05,110212.6,43018.75
2025-09-08,111549.32,43643.81
2025-09-09,113983.97,43459.29
2025-09-10,115540.0,43837.67
2025-09-11,116106.03,44372.5
2025-09-12,115968.35,44768.12
2025-09-16,116484.4,44902.27
2025-09-17,117117.99,44790.38
2025-09-18,115690.55,45303.43
2025-09-19,115752.4,45045.81
2025-09-22,112017.21,45493.66
2025-09-24,109035.72,45630.31
2025-09-25,109697.29,45754.93
2025-09-26,109681.16,45354.99
2025-09-29,114067.71,45043.75
2025-09-30,118659.97,44932.63
2025-10-01,120621.32,44550.85
2025-10-02,122318.4,44936.73
2025-10-03,122458.56,45769.5
2025-10-06,121393.95,47944.76
2025-10-07,123343.25,47950.88
2025-10-08,121714.51,47734.99
2025-10-09,112980.28,48580.44
2025-10-10,110768.89,48088.8
2025-10-14,110804.12,46847.32
2025-10-15,108198.0,47672.67
2025-10-16,106463.3,48277.74
2025-10-17,107208.91,47582.15
2025-10-20,108362.27,49185.5
2025-10-21,107585.98,49316.06
2025-10-22,110116.03,49307.79
2025-10-23,111042.13,48641.61
2025-10-24,111666.21,49299.65
2025-10-27,112906.75,50512.32
2025-10-28,110032.13,50219.18
2025-10-29,108308.18,51307.65
2025-10-30,109555.27,51325.61
2025-10-31,110052.25,52411.34
2025-11-04,100291.85,51497.2
2025-11-05,103472.0,50212.27
2025-11-06,101447.93,50883.68
2025-11-07,102882.15,50276.37
2025-11-10,106071.01,50911.76
2025-11-11,102734.93,50842.93
2025-11-12,101945.44,51063.31
2025-11-13,98906.39,51281.83
2025-11-14,94829.23,50376.53
2025-11-17,91855.7,50323.91
2025-11-18,92184.51,48702.98
2025-11-19,91783.66,48537.7
2025-11-20,87214.0,49823.94
2025-11-21,84826.0,48625.88
2025-11-25,87366.12,48659.52
2025-11-26,90635.53,49559.07
2025-11-27,91094.0,50167.1
2025-11-28,90919.78,50253.91
2025-12-01,86628.25,49303.28
2025-12-02,91532.75,49303.45
2025-12-03,93150.03,49864.68
2025-12-04,92353.31,51028.42
2025-12-05,89347.18,50491.87
2025-12-08,90338.37,50581.94
2025-12-09,92243.57,50655.1
2025-12-10,91194.97,50602.8
2025-12-11,91784.59,50148.82
2025-12-12,90350.0,50836.55
2025-12-15,85950.0,50168.11
2025-12-16,87599.87,49383.29
2025-12-17,86064.34,49512.28
2025-12-18,85352.25,49001.5
2025-12-19,88016.09,49507.21
2025-12-22,88837.97,50402.39
2025-12-23,87594.74,50412.87
2025-12-24,87516.0,50344.1
2025-12-25,87159.35,50407.79
2025-12-26,87280.65,50750.39
2025-12-29,87055.23,50526.92
2025-12-30,88185.26,50339.48
2026-01-05,93891.94,51832.8
2026-01-06,92771.99,52518.08
2026-01-07,91377.92,51961.98
2026-01-08,91246.53,51117.26
2026-01-09,90476.01,51939.89
2026-01-13,95222.7,53549.16
2026-01-14,96852.91,54341.23
2026-01-15,95569.99,54110.5
2026-01-16,95467.76,53936.17
2026-01-19,92572.21,53583.57
2026-01-20,88916.02,52991.1
2026-01-21,89936.47,52774.64
2026-01-22,89522.33,53688.89
2026-01-23,89365.99,53846.87
2026-01-26,88136.48,52885.25
2026-01-27,89296.0,53333.54
2026-01-28,88963.96,53358.71
2026-01-29,83943.96,53375.6
2026-01-30,83986.02,53322.85
2026-02-02,78938.16,52655.18
2026-02-03,76313.98,54720.66
2026-02-04,72853.79,54293.36
2026-02-05,63845.99,53818.04
2026-02-06,69936.2,54253.68
2026-02-09,69986.8,56363.94
2026-02-10,69219.0,57650.54
2026-02-12,66001.99,57639.84
2026-02-13,68970.18,56941.97
2026-02-16,68810.28,56806.41
2026-02-17,67191.37,56566.49
2026-02-18,66533.36,57143.84
2026-02-19,67214.29,57467.83
2026-02-20,67885.32,56825.7
2026-02-24,64290.01,57321.09
2026-02-25,68448.27,58583.12
2026-02-26,67068.86,58753.39
2026-02-27,65950.0,58850.27
2026-03-02,69016.92,58057.24
2026-03-03,68222.81,56279.05
2026-03-04,72776.66,54245.54
2026-03-05,70955.49,55278.06
2026-03-06,68350.0,55620.84
2026-03-09,68480.54,52728.72
2026-03-10,69847.95,54248.39
2026-03-11,70210.72,55025.37
2026-03-12,70500.54,54452.96
2026-03-13,70838.78,53819.61
2026-03-16,74758.54,53751.15
2026-03-17,73845.35,53700.39
2026-03-18,71204.95,55239.4
2026-03-19,69858.95,53372.53
2026-03-23,70906.0,51515.49
2026-03-24,70555.44,52252.28
2026-03-25,71277.56,53749.62
2026-03-26,68762.2,53603.65
2026-03-27,66390.02,53373.07
2026-03-30,66683.77,51885.85
2026-03-31,68133.96,51063.72
2026-04-01,68100.65,53739.68
2026-04-02,66959.99,52463.27
2026-04-03,66911.51,53123.49
2026-04-06,68909.06,53413.68
2026-04-07,71872.04,53429.56
2026-04-08,71015.98,56308.42
2026-04-09,71798.73,55895.32
2026-04-10,72905.26,56924.11
2026-04-13,74505.1,56502.77
2026-04-14,74386.01,57877.39
2026-04-15,74725.02,58134.24
2026-04-16,75124.72,59518.34
2026-04-17,75736.82,58475.9
2026-04-20,75854.66,58824.89
2026-04-21,76434.02,59349.17
2026-04-22,78416.36,59585.86
2026-04-23,78281.09,59140.23
2026-04-24,77490.01,59716.18
2026-04-27,77302.47,60537.36
2026-04-28,76361.99,59917.46
2026-04-30,76442.08,59284.92
2026-05-01,78285.16,59513.12
2026-05-07,80047.2,62833.84
2026-05-08,80150.27,62713.65
2026-05-11,81734.25,62417.88
2026-05-12,80414.77,62742.57
2026-05-13,79371.63,63272.11
2026-05-14,79142.38,62654.05
2026-05-15,79026.0,61409.29
2026-05-18,76952.14,60815.95
2026-05-19,76799.23,60550.59
2026-05-20,77494.61,59804.41
2026-05-21,77451.06,61684.14
2026-05-22,75478.44,63339.07
2026-05-25,77196.83,65158.19
2026-05-26,75834.53,64996.09
2026-05-27,74422.7,64999.41
