tab,edu,age,job,value
08,03,01,010,465.1
08,03,01,020,340.1
08,03,01,030,280.6
08,03,01,040,270.9
08,03,01,050,238.2
08,03,01,060,247.1
08,03,01,070,253.5
08,03,01,080,282.6
08,03,01,090,321.6
08,03,01,100,337.0
08,03,01,110,259.8
08,03,01,999,379.2
08,06,01,010,579.1
08,06,01,020,405.8
08,06,01,030,342.4
08,06,01,040,355.4
08,06,01,050,280.4
08,06,01,060,275.1
08,06,01,070,265.2
08,06,01,080,306.7
08,06,01,090,324.8
08,06,01,100,364.1
08,06,01,110,283.5
08,06,01,999,452.1
08,03,02,010,209.7
08,03,02,020,192.9
08,03,02,030,177.4
08,03,02,040,184.7
08,03,02,050,185.3
08,03,02,060,208.8
08,03,02,070,182.4
08,03,02,080,194.0
08,03,02,090,206.5
08,03,02,100,198.9
08,03,02,110,205.3
08,03,02,999,193.3
08,03,03,010,257.9
08,03,03,020,242.9
08,03,03,030,197.9
08,03,03,040,201.9
08,03,03,050,212.1
08,03,03,060,241.3
08,03,03,070,209.8
08,03,03,080,218.5
08,03,03,090,269.3
08,03,03,100,248.2
08,03,03,110,224.3
08,03,03,999,241.5
08,06,03,010,271.5
08,06,03,020,254.4
08,06,03,030,237.0
08,06,03,040,244.5
08,06,03,050,228.4
08,06,03,060,233.8
08,06,03,070,207.2
08,06,03,080,232.0
08,06,03,090,250.6
08,06,03,100,244.5
08,06,03,110,245.8
08,06,03,999,254.8
08,03,04,010,287.0
08,03,04,020,269.5
08,03,04,030,223.4
08,03,04,040,230.0
08,03,04,050,225.7
08,03,04,060,252.8
08,03,04,070,216.5
08,03,04,080,246.2
08,03,04,090,297.9
08,03,04,100,296.1
08,03,04,110,248.0
08,03,04,999,294.3
08,06,04,010,355.0
08,06,04,020,304.1
08,06,04,030,271.6
08,06,04,040,287.9
08,06,04,050,254.3
08,06,04,060,283.5
08,06,04,070,225.2
08,06,04,080,253.0
08,06,04,090,281.6
08,06,04,100,295.3
08,06,04,110,266.4
08,06,04,999,303.8
08,03,05,010,313.3
08,03,05,020,305.3
08,03,05,030,247.3
08,03,05,040,248.9
08,03,05,050,238.9
08,03,05,060,256.6
08,03,05,070,229.2
08,03,05,080,273.8
08,03,05,090,316.2
08,03,05,100,325.5
08,03,05,110,256.2
08,03,05,999,328.3
08,06,05,010,475.4
08,06,05,020,357.0
08,06,05,030,315.6
08,06,05,040,331.5
08,06,05,050,274.1
08,06,05,060,301.6
08,06,05,070,246.2
08,06,05,080,282.9
08,06,05,090,324.0
08,06,05,100,350.1
08,06,05,110,268.3
08,06,05,999,372.2
08,03,06,010,400.8
08,03,06,020,334.8
08,03,06,030,265.1
08,03,06,040,270.1
08,03,06,050,253.2
08,03,06,060,266.2
08,03,06,070,273.7
08,03,06,080,297.0
08,03,06,090,332.4
08,03,06,100,352.0
08,03,06,110,279.6
08,03,06,999,347.4
08,06,06,010,500.0
08,06,06,020,408.5
08,06,06,030,348.9
08,06,06,040,378.9
08,06,06,050,305.5
08,06,06,060,312.0
08,06,06,070,294.7
08,06,06,080,313.7
08,06,06,090,345.7
08,06,06,100,371.7
08,06,06,110,291.1
08,06,06,999,437.8
08,03,07,010,430.7
08,03,07,020,368.8
08,03,07,030,286.1
08,03,07,040,287.3
08,03,07,050,253.3
08,03,07,060,287.4
08,03,07,070,289.8
08,03,07,080,312.7
08,03,07,090,348.4
08,03,07,100,381.4
08,03,07,110,287.8
08,03,07,999,400.6
08,06,07,010,537.4
08,06,07,020,449.1
08,06,07,030,368.9
08,06,07,040,414.8
08,06,07,050,318.0
08,06,07,060,331.9
08,06,07,070,315.7
08,06,07,080,328.4
08,06,07,090,357.1
08,06,07,100,387.8
08,06,07,110,309.8
08,06,07,999,490.4
08,03,08,010,462.3
08,03,08,020,380.9
08,03,08,030,312.4
08,03,08,040,295.5
08,03,08,050,256.3
08,03,08,060,278.7
08,03,08,070,294.0
08,03,08,080,324.4
08,03,08,090,347.6
08,03,08,100,411.2
08,03,08,110,286.7
08,03,08,999,421.3
08,06,08,010,564.9
08,06,08,020,483.6
08,06,08,030,402.4
08,06,08,040,436.5
08,06,08,050,323.9
08,06,08,060,313.9
08,06,08,070,340.0
08,06,08,080,363.8
08,06,08,090,382.1
08,06,08,100,393.1
08,06,08,110,318.7
08,06,08,999,545.0
08,03,09,010,493.3
08,03,09,020,386.5
08,03,09,030,313.2
08,03,09,040,303.4
08,03,09,050,250.4
08,03,09,060,289.9
08,03,09,070,276.0
08,03,09,080,322.0
08,03,09,090,340.1
08,03,09,100,380.1
08,03,09,110,283.6
08,03,09,999,458.1
08,06,09,010,644.0
08,06,09,020,550.1
08,06,09,030,449.8
08,06,09,040,458.3
08,06,09,050,306.1
08,06,09,060,302.4
08,06,09,070,269.3
08,06,09,080,373.1
08,06,09,090,391.7
08,06,09,100,486.0
08,06,09,110,307.1
08,06,09,999,589.2
08,03,10,010,510.4
08,03,10,020,397.7
08,03,10,030,328.1
08,03,10,040,298.7
08,03,10,050,247.4
08,03,10,060,255.3
08,03,10,070,274.2
08,03,10,080,317.7
08,03,10,090,333.2
08,03,10,100,366.9
08,03,10,110,265.2
08,03,10,999,463.2
08,06,10,010,635.1
08,06,10,020,555.6
08,06,10,030,455.9
08,06,10,040,442.9
08,06,10,050,282.1
08,06,10,060,294.9
08,06,10,070,286.6
08,06,10,080,355.0
08,06,10,090,323.7
08,06,10,100,435.8
08,06,10,110,322.0
08,06,10,999,556.6
08,03,11,010,428.3
08,03,11,020,307.1
08,03,11,030,261.1
08,03,11,040,255.8
08,03,11,050,225.0
08,03,11,060,219.5
08,03,11,070,239.5
08,03,11,080,236.5
08,03,11,090,272.2
08,03,11,100,319.0
08,03,11,110,221.6
08,03,11,999,289.8
08,06,11,010,523.7
08,06,11,020,471.6
08,06,11,030,322.9
08,06,11,040,342.9
08,06,11,050,240.0
08,06,11,060,223.6
08,06,11,070,208.0
08,06,11,080,268.0
08,06,11,090,256.2
08,06,11,100,343.2
08,06,11,110,244.1
08,06,11,999,383.7
08,03,12,010,394.8
08,03,12,020,289.8
08,03,12,030,235.8
08,03,12,040,238.1
08,03,12,050,198.0
08,03,12,060,203.6
08,03,12,070,210.2
08,03,12,080,212.9
08,03,12,090,239.3
08,03,12,100,277.9
08,03,12,110,191.5
08,03,12,999,261.0
08,06,12,010,451.2
08,06,12,020,532.6
08,06,12,030,285.8
08,06,12,040,324.6
08,06,12,050,198.8
08,06,12,060,211.6
08,06,12,070,192.5
08,06,12,080,241.5
08,06,12,090,226.2
08,06,12,100,358.9
08,06,12,110,196.7
08,06,12,999,262.6
08,03,13,010,341.2
08,03,13,020,271.5
08,03,13,030,215.2
08,03,13,040,257.5
08,03,13,050,198.7
08,03,13,060,189.2
08,03,13,070,233.7
08,03,13,080,210.2
08,03,13,090,221.7
08,03,13,100,247.7
08,03,13,110,184.1
08,03,13,999,293.1
08,06,13,010,425.0
08,06,13,020,597.8
08,06,13,030,301.7
08,06,13,040,228.5
08,06,13,050,191.6
08,06,13,060,200.7
08,06,13,070,199.6
08,06,13,080,246.1
08,06,13,090,185.0
08,06,13,100,245.8
08,06,13,110,188.1
08,06,13,999,219.9
12,03,01,010,1557.6
12,03,01,020,995.8
12,03,01,030,793.7
12,03,01,040,552.6
12,03,01,050,423.9
12,03,01,060,340.1
12,03,01,070,436.0
12,03,01,080,748.8
12,03,01,090,512.5
12,03,01,100,688.2
12,03,01,110,453.5
12,03,01,999,1123.2
12,06,01,010,2363.7
12,06,01,020,1174.0
12,06,01,030,1103.8
12,06,01,040,1083.3
12,06,01,050,668.4
12,06,01,060,533.6
12,06,01,070,587.4
12,06,01,080,838.8
12,06,01,090,624.9
12,06,01,100,893.8
12,06,01,110,561.3
12,06,01,999,1895.9
12,03,02,010,328.3
12,03,02,020,154.3
12,03,02,030,137.9
12,03,02,040,97.4
12,03,02,050,91.5
12,03,02,060,59.6
12,03,02,070,174.8
12,03,02,080,146.4
12,03,02,090,158.4
12,03,02,100,113.9
12,03,02,110,115.5
12,03,02,999,212.1
12,03,03,010,509.7
12,03,03,020,596.8
12,03,03,030,468.4
12,03,03,040,289.6
12,03,03,050,344.6
12,03,03,060,294.2
12,03,03,070,254.9
12,03,03,080,540.6
12,03,03,090,458.9
12,03,03,100,517.6
12,03,03,110,340.4
12,03,03,999,578.1
12,06,03,010,355.0
12,06,03,020,361.4
12,06,03,030,369.0
12,06,03,040,343.2
12,06,03,050,246.4
12,06,03,060,252.0
12,06,03,070,195.3
12,06,03,080,293.7
12,06,03,090,284.8
12,06,03,100,353.1
12,06,03,110,325.2
12,06,03,999,407.5
12,03,04,010,609.5
12,03,04,020,686.6
12,03,04,030,483.0
12,03,04,040,337.9
12,03,04,050,412.6
12,03,04,060,361.9
12,03,04,070,202.9
12,03,04,080,623.5
12,03,04,090,526.2
12,03,04,100,694.8
12,03,04,110,374.4
12,03,04,999,724.7
12,06,04,010,850.4
12,06,04,020,779.3
12,06,04,030,823.3
12,06,04,040,871.3
12,06,04,050,682.7
12,06,04,060,646.0
12,06,04,070,442.5
12,06,04,080,612.5
12,06,04,090,736.1
12,06,04,100,675.4
12,06,04,110,549.8
12,06,04,999,1079.6
12,03,05,010,682.0
12,03,05,020,859.8
12,03,05,030,596.3
12,03,05,040,488.6
12,03,05,050,398.2
12,03,05,060,390.8
12,03,05,070,370.3
12,03,05,080,735.8
12,03,05,090,529.4
12,03,05,100,679.5
12,03,05,110,460.6
12,03,05,999,848.9
12,06,05,010,1441.4
12,06,05,020,993.1
12,06,05,030,1010.0
12,06,05,040,1068.8
12,06,05,050,647.2
12,06,05,060,841.0
12,06,05,070,751.2
12,06,05,080,744.3
12,06,05,090,833.8
12,06,05,100,924.3
12,06,05,110,580.1
12,06,05,999,1359.4
12,03,06,010,1043.0
12,03,06,020,1021.3
12,03,06,030,712.4
12,03,06,040,543.9
12,03,06,050,449.1
12,03,06,060,448.3
12,03,06,070,583.7
12,03,06,080,838.0
12,03,06,090,584.4
12,03,06,100,736.3
12,03,06,110,517.5
12,03,06,999,997.8
12,06,06,010,1926.5
12,06,06,020,1260.1
12,06,06,030,1138.5
12,06,06,040,1247.3
12,06,06,050,750.8
12,06,06,060,843.7
12,06,06,070,600.0
12,06,06,080,905.6
12,06,06,090,769.9
12,06,06,100,1021.7
12,06,06,110,576.3
12,06,06,999,1987.2
12,03,07,010,1308.2
12,03,07,020,1113.2
12,03,07,030,829.1
12,03,07,040,624.4
12,03,07,050,466.0
12,03,07,060,593.4
12,03,07,070,587.8
12,03,07,080,882.7
12,03,07,090,618.0
12,03,07,100,918.1
12,03,07,110,525.3
12,03,07,999,1118.8
12,06,07,010,2124.0
12,06,07,020,1481.5
12,06,07,030,1257.2
12,06,07,040,1301.8
12,06,07,050,882.7
12,06,07,060,942.9
12,06,07,070,796.1
12,06,07,080,982.2
12,06,07,090,809.4
12,06,07,100,1102.4
12,06,07,110,695.6
12,06,07,999,2170.6
12,03,08,010,1617.1
12,03,08,020,1216.2
12,03,08,030,977.5
12,03,08,040,682.3
12,03,08,050,517.2
12,03,08,060,499.0
12,03,08,070,662.8
12,03,08,080,955.6
12,03,08,090,579.9
12,03,08,100,947.9
12,03,08,110,565.9
12,03,08,999,1386.8
12,06,08,010,2440.9
12,06,08,020,1600.2
12,06,08,030,1389.5
12,06,08,040,1438.5
12,06,08,050,881.2
12,06,08,060,711.1
12,06,08,070,1085.4
12,06,08,080,1155.7
12,06,08,090,761.2
12,06,08,100,1111.7
12,06,08,110,720.5
12,06,08,999,2383.5
12,03,09,010,1732.7
12,03,09,020,1257.4
12,03,09,030,946.5
12,03,09,040,700.1
12,03,09,050,547.7
12,03,09,060,565.1
12,03,09,070,483.8
12,03,09,080,899.3
12,03,09,090,526.8
12,03,09,100,741.1
12,03,09,110,569.5
12,03,09,999,1460.4
12,06,09,010,2831.6
12,06,09,020,1825.8
12,06,09,030,1732.6
12,06,09,040,1645.2
12,06,09,050,780.2
12,06,09,060,693.6
12,06,09,070,566.9
12,06,09,080,1159.0
12,06,09,090,648.6
12,06,09,100,1488.5
12,06,09,110,632.9
12,06,09,999,2797.1
12,03,10,010,1893.8
12,03,10,020,1300.4
12,03,10,030,1078.4
12,03,10,040,695.0
12,03,10,050,440.4
12,03,10,060,396.9
12,03,10,070,452.2
12,03,10,080,909.7
12,03,10,090,582.0
12,03,10,100,734.8
12,03,10,110,526.9
12,03,10,999,1525.5
12,06,10,010,2661.0
12,06,10,020,1800.4
12,06,10,030,1732.7
12,06,10,040,1486.0
12,06,10,050,658.3
12,06,10,060,490.8
12,06,10,070,683.0
12,06,10,080,1031.4
12,06,10,090,494.1
12,06,10,100,912.3
12,06,10,110,681.2
12,06,10,999,2638.3
12,03,11,010,1209.2
12,03,11,020,735.1
12,03,11,030,699.3
12,03,11,040,445.3
12,03,11,050,339.9
12,03,11,060,200.9
12,03,11,070,642.8
12,03,11,080,474.9
12,03,11,090,317.6
12,03,11,100,472.1
12,03,11,110,302.6
12,03,11,999,772.4
12,06,11,010,1596.3
12,06,11,020,1259.9
12,06,11,030,879.4
12,06,11,040,792.6
12,06,11,050,414.4
12,06,11,060,181.1
12,06,11,070,284.1
12,06,11,080,593.2
12,06,11,090,237.8
12,06,11,100,486.2
12,06,11,110,362.2
12,06,11,999,993.5
12,03,12,010,923.8
12,03,12,020,532.8
12,03,12,030,309.9
12,03,12,040,321.9
12,03,12,050,222.5
12,03,12,060,81.4
12,03,12,070,228.6
12,03,12,080,248.2
12,03,12,090,167.3
12,03,12,100,276.2
12,03,12,110,147.5
12,03,12,999,626.5
12,06,12,010,1122.8
12,06,12,020,808.8
12,06,12,030,381.2
12,06,12,040,492.4
12,06,12,050,180.0
12,06,12,060,61.9
12,06,12,070,77.3
12,06,12,080,309.5
12,06,12,090,121.3
12,06,12,100,201.6
12,06,12,110,82.4
12,06,12,999,415.6
12,03,13,010,430.2
12,03,13,020,455.9
12,03,13,030,267.9
12,03,13,040,410.6
12,03,13,050,199.5
12,03,13,060,25.3
12,03,13,070,56.2
12,03,13,080,233.1
12,03,13,090,122.1
12,03,13,100,201.1
12,03,13,110,106.9
12,03,13,999,132.0
12,06,13,010,845.1
12,06,13,020,495.5
12,06,13,030,204.6
12,06,13,040,235.8
12,06,13,050,113.5
12,06,13,060,35.8
12,06,13,070,55.7
12,06,13,080,160.9
12,06,13,090,199.6
12,06,13,100,223.5
12,06,13,110,68.7
12,06,13,999,680.2
13,03,01,010,46785.0
13,03,01,020,82715.0
13,03,01,030,148647.0
13,03,01,040,94636.0
13,03,01,050,119524.0
13,03,01,060,14598.0
13,03,01,070,2654.0
13,03,01,080,260064.0
13,03,01,090,102113.0
13,03,01,100,43145.0
13,03,01,110,61321.0
13,03,01,999,18311.0
13,06,01,010,99831.0
13,06,01,020,237204.0
13,06,01,030,223248.0
13,06,01,040,141769.0
13,06,01,050,44275.0
13,06,01,060,5549.0
13,06,01,070,541.0
13,06,01,080,44744.0
13,06,01,090,14344.0
13,06,01,100,5494.0
13,06,01,110,14549.0
13,06,01,999,20030.0
13,03,02,010,7.0
13,03,02,020,1796.0
13,03,02,030,3641.0
13,03,02,040,1541.0
13,03,02,050,2974.0
13,03,02,060,182.0
13,03,02,070,27.0
13,03,02,080,9325.0
13,03,02,090,621.0
13,03,02,100,1509.0
13,03,02,110,1252.0
13,03,02,999,445.0
13,03,03,010,67.0
13,03,03,020,6117.0
13,03,03,030,9063.0
13,03,03,040,6551.0
13,03,03,050,9988.0
13,03,03,060,589.0
13,03,03,070,244.0
13,03,03,080,27331.0
13,03,03,090,3101.0
13,03,03,100,4223.0
13,03,03,110,3980.0
13,03,03,999,1033.0
13,06,03,010,29.0
13,06,03,020,24516.0
13,06,03,030,19521.0
13,06,03,040,16421.0
13,06,03,050,4181.0
13,06,03,060,399.0
13,06,03,070,52.0
13,06,03,080,2766.0
13,06,03,090,550.0
13,06,03,100,467.0
13,06,03,110,736.0
13,06,03,999,1367.0
13,03,04,010,208.0
13,03,04,020,5583.0
13,03,04,030,8752.0
13,03,04,040,6891.0
13,03,04,050,9801.0
13,03,04,060,550.0
13,03,04,070,315.0
13,03,04,080,24270.0
13,03,04,090,4186.0
13,03,04,100,4525.0
13,03,04,110,3883.0
13,03,04,999,1388.0
13,06,04,010,951.0
13,06,04,020,44750.0
13,06,04,030,38136.0
13,06,04,040,28528.0
13,06,04,050,7258.0
13,06,04,060,431.0
13,06,04,070,105.0
13,06,04,080,7067.0
13,06,04,090,1513.0
13,06,04,100,735.0
13,06,04,110,1651.0
13,06,04,999,2587.0
13,03,05,010,623.0
13,03,05,020,5868.0
13,03,05,030,10334.0
13,03,05,040,7912.0
13,03,05,050,9356.0
13,03,05,060,648.0
13,03,05,070,212.0
13,03,05,080,26192.0
13,03,05,090,5473.0
13,03,05,100,3674.0
13,03,05,110,4650.0
13,03,05,999,1527.0
13,06,05,010,2863.0
13,06,05,020,33272.0
13,06,05,030,33953.0
13,06,05,040,21332.0
13,06,05,050,7499.0
13,06,05,060,553.0
13,06,05,070,47.0
13,06,05,080,6522.0
13,06,05,090,1880.0
13,06,05,100,806.0
13,06,05,110,1802.0
13,06,05,999,2318.0
13,03,06,010,2123.0
13,03,06,020,6446.0
13,03,06,030,12816.0
13,03,06,040,9278.0
13,03,06,050,10694.0
13,03,06,060,916.0
13,03,06,070,247.0
13,03,06,080,26496.0
13,03,06,090,8176.0
13,03,06,100,4056.0
13,03,06,110,5894.0
13,03,06,999,1483.0
13,06,06,010,6520.0
13,06,06,020,29594.0
13,06,06,030,32029.0
13,06,06,040,19049.0
13,06,06,050,6103.0
13,06,06,060,680.0
13,06,06,070,70.0
13,06,06,080,6758.0
13,06,06,090,1448.0
13,06,06,100,661.0
13,06,06,110,1665.0
13,06,06,999,2644.0
13,03,07,010,5304.0
13,03,07,020,9486.0
13,03,07,030,17694.0
13,03,07,040,10742.0
13,03,07,050,12437.0
13,03,07,060,1198.0
13,03,07,070,272.0
13,03,07,080,31572.0
13,03,07,090,12747.0
13,03,07,100,5336.0
13,03,07,110,7458.0
13,03,07,999,2217.0
13,06,07,010,14634.0
13,06,07,020,29117.0
13,06,07,030,28122.0
13,06,07,040,16495.0
13,06,07,050,5875.0
13,06,07,060,528.0
13,06,07,070,87.0
13,06,07,080,6011.0
13,06,07,090,1743.0
13,06,07,100,601.0
13,06,07,110,2054.0
13,06,07,999,2500.0
13,03,08,010,9746.0
13,03,08,020,13099.0
13,03,08,030,25749.0
13,03,08,040,14431.0
13,03,08,050,15604.0
13,03,08,060,1517.0
13,03,08,070,280.0
13,03,08,080,36217.0
13,03,08,090,18209.0
13,03,08,100,6086.0
13,03,08,110,8925.0
13,03,08,999,3131.0
13,06,08,010,22209.0
13,06,08,020,26341.0
13,06,08,030,24654.0
13,06,08,040,14975.0
13,06,08,050,4624.0
13,06,08,060,457.0
13,06,08,070,59.0
13,06,08,080,5367.0
13,06,08,090,1542.0
13,06,08,100,772.0
13,06,08,110,1822.0
13,06,08,999,3163.0
13,03,09,010,11609.0
13,03,09,020,11482.0
13,03,09,030,24194.0
13,03,09,040,12819.0
13,03,09,050,16362.0
13,03,09,060,1689.0
13,03,09,070,303.0
13,03,09,080,30340.0
13,03,09,090,18294.0
13,03,09,100,4391.0
13,03,09,110,7955.0
13,03,09,999,2879.0
13,06,09,010,24798.0
13,06,09,020,19547.0
13,06,09,030,18630.0
13,06,09,040,10262.0
13,06,09,050,2945.0
13,06,09,060,469.0
13,06,09,070,43.0
13,06,09,080,3561.0
13,06,09,090,1875.0
13,06,09,100,534.0
13,06,09,110,1397.0
13,06,09,999,2740.0
13,03,10,010,11039.0
13,03,10,020,11058.0
13,03,10,030,20165.0
13,03,10,040,12190.0
13,03,10,050,14753.0
13,03,10,060,2107.0
13,03,10,070,338.0
13,03,10,080,25190.0
13,03,10,090,15074.0
13,03,10,100,3734.0
13,03,10,110,7370.0
13,03,10,999,2555.0
13,06,10,010,18574.0
13,06,10,020,15370.0
13,06,10,030,14256.0
13,06,10,040,8046.0
13,06,10,050,2322.0
13,06,10,060,438.0
13,06,10,070,23.0
13,06,10,080,3488.0
13,06,10,090,1581.0
13,06,10,100,332.0
13,06,10,110,1240.0
13,06,10,999,1796.0
13,03,11,010,3893.0
13,03,11,020,7300.0
13,03,11,030,10994.0
13,03,11,040,7688.0
13,03,11,050,10248.0
13,03,11,060,2452.0
13,03,11,070,188.0
13,03,11,080,15828.0
13,03,11,090,9704.0
13,03,11,100,2834.0
13,03,11,110,5598.0
13,03,11,999,1324.0
13,06,11,010,6987.0
13,06,11,020,9698.0
13,06,11,030,10630.0
13,06,11,040,4931.0
13,06,11,050,2128.0
13,06,11,060,773.0
13,06,11,070,34.0
13,06,11,080,2245.0
13,06,11,090,1239.0
13,06,11,100,321.0
13,06,11,110,1313.0
13,06,11,999,809.0
13,03,12,010,1443.0
13,03,12,020,3346.0
13,03,12,030,3364.0
13,03,12,040,3361.0
13,03,12,050,5052.0
13,03,12,060,1723.0
13,03,12,070,145.0
13,03,12,080,5233.0
13,03,12,090,4624.0
13,03,12,100,1937.0
13,03,12,110,3015.0
13,03,12,999,209.0
13,06,12,010,1659.0
13,06,12,020,3374.0
13,06,12,030,2464.0
13,06,12,040,1393.0
13,06,12,050,773.0
13,06,12,060,450.0
13,06,12,070,7.0
13,06,12,080,664.0
13,06,12,090,749.0
13,06,12,100,222.0
13,06,12,110,653.0
13,06,12,999,93.0
13,03,13,010,723.0
13,03,13,020,1133.0
13,03,13,030,1882.0
13,03,13,040,1231.0
13,03,13,050,2256.0
13,03,13,060,1026.0
13,03,13,070,82.0
13,03,13,080,2070.0
13,03,13,090,1904.0
13,03,13,100,839.0
13,03,13,110,1339.0
13,03,13,999,119.0
13,06,13,010,607.0
13,06,13,020,1624.0
13,06,13,030,855.0
13,06,13,040,336.0
13,06,13,050,566.0
13,06,13,060,373.0
13,06,13,070,14.0
13,06,13,080,295.0
13,06,13,090,226.0
13,06,13,100,43.0
13,06,13,110,215.0
13,06,13,999,13.0
