area_code,pref,category,index
01000,北海道,総合,101.9
02000,青森県,総合,98.5
03000,岩手県,総合,100.0
04000,宮城県,総合,100.6
05000,秋田県,総合,99.2
06000,山形県,総合,101.4
07000,福島県,総合,98.8
08000,茨城県,総合,97.5
09000,栃木県,総合,97.6
10000,群馬県,総合,96.2
11000,埼玉県,総合,100.3
12000,千葉県,総合,101.2
13000,東京都,総合,104.0
14000,神奈川県,総合,103.3
15000,新潟県,総合,98.0
16000,富山県,総合,98.6
17000,石川県,総合,99.5
18000,福井県,総合,99.3
19000,山梨県,総合,97.7
20000,長野県,総合,97.9
21000,岐阜県,総合,97.1
22000,静岡県,総合,98.3
23000,愛知県,総合,98.1
24000,三重県,総合,98.7
25000,滋賀県,総合,98.6
26000,京都府,総合,101.1
27000,大阪府,総合,99.3
28000,兵庫県,総合,99.2
29000,奈良県,総合,98.1
30000,和歌山県,総合,98.2
31000,鳥取県,総合,98.9
32000,島根県,総合,100.0
33000,岡山県,総合,97.7
34000,広島県,総合,98.7
35000,山口県,総合,99.9
36000,徳島県,総合,99.3
37000,香川県,総合,98.6
38000,愛媛県,総合,98.6
39000,高知県,総合,100.0
40000,福岡県,総合,98.0
41000,佐賀県,総合,97.7
42000,長崎県,総合,99.3
43000,熊本県,総合,99.4
44000,大分県,総合,97.4
45000,宮崎県,総合,97.0
46000,鹿児島県,総合,96.4
47000,沖縄県,総合,100.2
01000,北海道,食料,102.3
02000,青森県,食料,97.6
03000,岩手県,食料,98.7
04000,宮城県,食料,99.7
05000,秋田県,食料,99.6
06000,山形県,食料,101.8
07000,福島県,食料,97.5
08000,茨城県,食料,97.4
09000,栃木県,食料,98.0
10000,群馬県,食料,96.0
11000,埼玉県,食料,98.1
12000,千葉県,食料,100.4
13000,東京都,食料,103.0
14000,神奈川県,食料,102.1
15000,新潟県,食料,98.8
16000,富山県,食料,100.7
17000,石川県,食料,102.1
18000,福井県,食料,102.5
19000,山梨県,食料,98.0
20000,長野県,食料,95.8
21000,岐阜県,食料,97.7
22000,静岡県,食料,97.5
23000,愛知県,食料,97.5
24000,三重県,食料,100.3
25000,滋賀県,食料,98.8
26000,京都府,食料,101.4
27000,大阪府,食料,99.5
28000,兵庫県,食料,100.0
29000,奈良県,食料,98.1
30000,和歌山県,食料,98.9
31000,鳥取県,食料,102.4
32000,島根県,食料,102.5
33000,岡山県,食料,100.7
34000,広島県,食料,101.2
35000,山口県,食料,102.0
36000,徳島県,食料,100.8
37000,香川県,食料,100.8
38000,愛媛県,食料,100.2
39000,高知県,食料,101.0
40000,福岡県,食料,98.7
41000,佐賀県,食料,98.3
42000,長崎県,食料,100.7
43000,熊本県,食料,102.1
44000,大分県,食料,99.3
45000,宮崎県,食料,97.5
46000,鹿児島県,食料,98.2
47000,沖縄県,食料,106.7
01000,北海道,住居,87.1
02000,青森県,住居,93.8
03000,岩手県,住居,95.7
04000,宮城県,住居,98.1
05000,秋田県,住居,86.7
06000,山形県,住居,100.1
07000,福島県,住居,91.7
08000,茨城県,住居,92.0
09000,栃木県,住居,86.6
10000,群馬県,住居,89.8
11000,埼玉県,住居,107.3
12000,千葉県,住居,114.4
13000,東京都,住居,127.2
14000,神奈川県,住居,112.9
15000,新潟県,住居,85.4
16000,富山県,住居,92.3
17000,石川県,住居,82.8
18000,福井県,住居,86.7
19000,山梨県,住居,94.4
20000,長野県,住居,90.9
21000,岐阜県,住居,81.3
22000,静岡県,住居,93.7
23000,愛知県,住居,94.3
24000,三重県,住居,92.1
25000,滋賀県,住居,88.8
26000,京都府,住居,101.8
27000,大阪府,住居,96.6
28000,兵庫県,住居,95.0
29000,奈良県,住居,93.6
30000,和歌山県,住居,89.0
31000,鳥取県,住居,86.3
32000,島根県,住居,89.2
33000,岡山県,住居,82.0
34000,広島県,住居,87.7
35000,山口県,住居,98.5
36000,徳島県,住居,96.7
37000,香川県,住居,83.3
38000,愛媛県,住居,85.0
39000,高知県,住居,95.2
40000,福岡県,住居,90.5
41000,佐賀県,住居,87.4
42000,長崎県,住居,93.9
43000,熊本県,住居,99.2
44000,大分県,住居,85.5
45000,宮崎県,住居,98.5
46000,鹿児島県,住居,92.0
47000,沖縄県,住居,94.0
01000,北海道,光熱・水道,119.6
02000,青森県,光熱・水道,111.0
03000,岩手県,光熱・水道,112.1
04000,宮城県,光熱・水道,104.0
05000,秋田県,光熱・水道,107.5
06000,山形県,光熱・水道,111.2
07000,福島県,光熱・水道,109.5
08000,茨城県,光熱・水道,106.5
09000,栃木県,光熱・水道,101.0
10000,群馬県,光熱・水道,102.3
11000,埼玉県,光熱・水道,96.1
12000,千葉県,光熱・水道,101.2
13000,東京都,光熱・水道,96.2
14000,神奈川県,光熱・水道,98.0
15000,新潟県,光熱・水道,101.0
16000,富山県,光熱・水道,104.5
17000,石川県,光熱・水道,103.1
18000,福井県,光熱・水道,100.7
19000,山梨県,光熱・水道,100.5
20000,長野県,光熱・水道,105.2
21000,岐阜県,光熱・水道,98.6
22000,静岡県,光熱・水道,101.6
23000,愛知県,光熱・水道,99.4
24000,三重県,光熱・水道,101.3
25000,滋賀県,光熱・水道,94.6
26000,京都府,光熱・水道,95.8
27000,大阪府,光熱・水道,87.0
28000,兵庫県,光熱・水道,92.8
29000,奈良県,光熱・水道,96.0
30000,和歌山県,光熱・水道,94.2
31000,鳥取県,光熱・水道,106.1
32000,島根県,光熱・水道,111.2
33000,岡山県,光熱・水道,104.1
34000,広島県,光熱・水道,103.2
35000,山口県,光熱・水道,108.2
36000,徳島県,光熱・水道,105.1
37000,香川県,光熱・水道,103.6
38000,愛媛県,光熱・水道,106.8
39000,高知県,光熱・水道,103.7
40000,福岡県,光熱・水道,100.5
41000,佐賀県,光熱・水道,106.3
42000,長崎県,光熱・水道,107.0
43000,熊本県,光熱・水道,97.9
44000,大分県,光熱・水道,100.2
45000,宮崎県,光熱・水道,99.3
46000,鹿児島県,光熱・水道,97.5
47000,沖縄県,光熱・水道,105.0
01000,北海道,家具・家事用品,101.6
02000,青森県,家具・家事用品,99.3
03000,岩手県,家具・家事用品,103.4
04000,宮城県,家具・家事用品,102.3
05000,秋田県,家具・家事用品,102.4
06000,山形県,家具・家事用品,99.8
07000,福島県,家具・家事用品,102.6
08000,茨城県,家具・家事用品,93.5
09000,栃木県,家具・家事用品,102.5
10000,群馬県,家具・家事用品,96.2
11000,埼玉県,家具・家事用品,102.4
12000,千葉県,家具・家事用品,101.1
13000,東京都,家具・家事用品,101.5
14000,神奈川県,家具・家事用品,99.1
15000,新潟県,家具・家事用品,96.5
16000,富山県,家具・家事用品,101.0
17000,石川県,家具・家事用品,100.0
18000,福井県,家具・家事用品,104.6
19000,山梨県,家具・家事用品,99.7
20000,長野県,家具・家事用品,100.0
21000,岐阜県,家具・家事用品,100.1
22000,静岡県,家具・家事用品,103.5
23000,愛知県,家具・家事用品,97.1
24000,三重県,家具・家事用品,98.3
25000,滋賀県,家具・家事用品,100.5
26000,京都府,家具・家事用品,98.7
27000,大阪府,家具・家事用品,99.8
28000,兵庫県,家具・家事用品,102.0
29000,奈良県,家具・家事用品,101.4
30000,和歌山県,家具・家事用品,98.2
31000,鳥取県,家具・家事用品,99.4
32000,島根県,家具・家事用品,100.3
33000,岡山県,家具・家事用品,96.8
34000,広島県,家具・家事用品,99.1
35000,山口県,家具・家事用品,99.5
36000,徳島県,家具・家事用品,97.2
37000,香川県,家具・家事用品,103.2
38000,愛媛県,家具・家事用品,103.5
39000,高知県,家具・家事用品,98.7
40000,福岡県,家具・家事用品,97.9
41000,佐賀県,家具・家事用品,98.2
42000,長崎県,家具・家事用品,101.7
43000,熊本県,家具・家事用品,98.5
44000,大分県,家具・家事用品,101.2
45000,宮崎県,家具・家事用品,98.7
46000,鹿児島県,家具・家事用品,95.3
47000,沖縄県,家具・家事用品,96.4
01000,北海道,被服及び履物,105.9
02000,青森県,被服及び履物,101.0
03000,岩手県,被服及び履物,99.5
04000,宮城県,被服及び履物,101.0
05000,秋田県,被服及び履物,101.6
06000,山形県,被服及び履物,98.1
07000,福島県,被服及び履物,100.8
08000,茨城県,被服及び履物,97.5
09000,栃木県,被服及び履物,101.4
10000,群馬県,被服及び履物,96.1
11000,埼玉県,被服及び履物,102.5
12000,千葉県,被服及び履物,96.1
13000,東京都,被服及び履物,102.9
14000,神奈川県,被服及び履物,101.1
15000,新潟県,被服及び履物,100.8
16000,富山県,被服及び履物,102.1
17000,石川県,被服及び履物,112.2
18000,福井県,被服及び履物,97.0
19000,山梨県,被服及び履物,95.3
20000,長野県,被服及び履物,98.4
21000,岐阜県,被服及び履物,98.8
22000,静岡県,被服及び履物,100.3
23000,愛知県,被服及び履物,98.4
24000,三重県,被服及び履物,102.1
25000,滋賀県,被服及び履物,99.1
26000,京都府,被服及び履物,98.4
27000,大阪府,被服及び履物,98.6
28000,兵庫県,被服及び履物,101.6
29000,奈良県,被服及び履物,97.2
30000,和歌山県,被服及び履物,99.1
31000,鳥取県,被服及び履物,100.8
32000,島根県,被服及び履物,94.2
33000,岡山県,被服及び履物,102.0
34000,広島県,被服及び履物,95.1
35000,山口県,被服及び履物,102.3
36000,徳島県,被服及び履物,101.0
37000,香川県,被服及び履物,91.4
38000,愛媛県,被服及び履物,100.3
39000,高知県,被服及び履物,104.8
40000,福岡県,被服及び履物,96.5
41000,佐賀県,被服及び履物,100.9
42000,長崎県,被服及び履物,101.7
43000,熊本県,被服及び履物,101.8
44000,大分県,被服及び履物,96.9
45000,宮崎県,被服及び履物,96.1
46000,鹿児島県,被服及び履物,90.1
47000,沖縄県,被服及び履物,101.1
01000,北海道,保健医療,101.7
02000,青森県,保健医療,99.3
03000,岩手県,保健医療,100.0
04000,宮城県,保健医療,102.0
05000,秋田県,保健医療,98.5
06000,山形県,保健医療,98.3
07000,福島県,保健医療,98.9
08000,茨城県,保健医療,98.3
09000,栃木県,保健医療,99.8
10000,群馬県,保健医療,98.0
11000,埼玉県,保健医療,101.0
12000,千葉県,保健医療,100.0
13000,東京都,保健医療,101.4
14000,神奈川県,保健医療,101.2
15000,新潟県,保健医療,97.9
16000,富山県,保健医療,99.6
17000,石川県,保健医療,99.0
18000,福井県,保健医療,100.9
19000,山梨県,保健医療,98.6
20000,長野県,保健医療,99.1
21000,岐阜県,保健医療,98.3
22000,静岡県,保健医療,101.4
23000,愛知県,保健医療,100.4
24000,三重県,保健医療,99.6
25000,滋賀県,保健医療,99.9
26000,京都府,保健医療,98.2
27000,大阪府,保健医療,99.1
28000,兵庫県,保健医療,98.2
29000,奈良県,保健医療,99.2
30000,和歌山県,保健医療,99.3
31000,鳥取県,保健医療,97.3
32000,島根県,保健医療,100.6
33000,岡山県,保健医療,100.0
34000,広島県,保健医療,97.6
35000,山口県,保健医療,101.5
36000,徳島県,保健医療,97.5
37000,香川県,保健医療,99.3
38000,愛媛県,保健医療,99.7
39000,高知県,保健医療,101.8
40000,福岡県,保健医療,100.5
41000,佐賀県,保健医療,99.8
42000,長崎県,保健医療,99.5
43000,熊本県,保健医療,100.8
44000,大分県,保健医療,98.3
45000,宮崎県,保健医療,96.5
46000,鹿児島県,保健医療,99.6
47000,沖縄県,保健医療,99.5
01000,北海道,交通・通信,100.5
02000,青森県,交通・通信,99.8
03000,岩手県,交通・通信,99.4
04000,宮城県,交通・通信,101.2
05000,秋田県,交通・通信,99.7
06000,山形県,交通・通信,101.1
07000,福島県,交通・通信,100.1
08000,茨城県,交通・通信,97.8
09000,栃木県,交通・通信,98.6
10000,群馬県,交通・通信,98.7
11000,埼玉県,交通・通信,100.1
12000,千葉県,交通・通信,100.0
13000,東京都,交通・通信,103.2
14000,神奈川県,交通・通信,101.4
15000,新潟県,交通・通信,99.2
16000,富山県,交通・通信,98.9
17000,石川県,交通・通信,98.6
18000,福井県,交通・通信,99.6
19000,山梨県,交通・通信,99.3
20000,長野県,交通・通信,101.0
21000,岐阜県,交通・通信,100.6
22000,静岡県,交通・通信,100.1
23000,愛知県,交通・通信,97.6
24000,三重県,交通・通信,99.3
25000,滋賀県,交通・通信,99.6
26000,京都府,交通・通信,101.3
27000,大阪府,交通・通信,100.7
28000,兵庫県,交通・通信,98.8
29000,奈良県,交通・通信,99.2
30000,和歌山県,交通・通信,100.6
31000,鳥取県,交通・通信,98.9
32000,島根県,交通・通信,99.0
33000,岡山県,交通・通信,97.4
34000,広島県,交通・通信,99.6
35000,山口県,交通・通信,98.8
36000,徳島県,交通・通信,98.7
37000,香川県,交通・通信,100.5
38000,愛媛県,交通・通信,99.0
39000,高知県,交通・通信,99.9
40000,福岡県,交通・通信,99.2
41000,佐賀県,交通・通信,99.6
42000,長崎県,交通・通信,100.0
43000,熊本県,交通・通信,99.3
44000,大分県,交通・通信,97.9
45000,宮崎県,交通・通信,98.6
46000,鹿児島県,交通・通信,97.9
47000,沖縄県,交通・通信,97.6
01000,北海道,教育,95.0
02000,青森県,教育,88.5
03000,岩手県,教育,92.3
04000,宮城県,教育,95.2
05000,秋田県,教育,84.5
06000,山形県,教育,105.2
07000,福島県,教育,94.9
08000,茨城県,教育,93.0
09000,栃木県,教育,95.6
10000,群馬県,教育,80.1
11000,埼玉県,教育,99.0
12000,千葉県,教育,99.4
13000,東京都,教育,97.9
14000,神奈川県,教育,110.8
15000,新潟県,教育,95.2
16000,富山県,教育,78.8
17000,石川県,教育,108.4
18000,福井県,教育,104.6
19000,山梨県,教育,91.3
20000,長野県,教育,88.4
21000,岐阜県,教育,91.2
22000,静岡県,教育,87.2
23000,愛知県,教育,100.6
24000,三重県,教育,95.3
25000,滋賀県,教育,115.0
26000,京都府,教育,116.8
27000,大阪府,教育,125.1
28000,兵庫県,教育,106.7
29000,奈良県,教育,98.9
30000,和歌山県,教育,119.0
31000,鳥取県,教育,92.9
32000,島根県,教育,97.0
33000,岡山県,教育,86.9
34000,広島県,教育,103.1
35000,山口県,教育,80.7
36000,徳島県,教育,95.9
37000,香川県,教育,92.1
38000,愛媛県,教育,86.5
39000,高知県,教育,93.4
40000,福岡県,教育,96.1
41000,佐賀県,教育,91.9
42000,長崎県,教育,89.5
43000,熊本県,教育,94.2
44000,大分県,教育,103.3
45000,宮崎県,教育,94.5
46000,鹿児島県,教育,97.0
47000,沖縄県,教育,91.8
01000,北海道,教養娯楽,99.7
02000,青森県,教養娯楽,96.5
03000,岩手県,教養娯楽,99.6
04000,宮城県,教養娯楽,100.9
05000,秋田県,教養娯楽,99.9
06000,山形県,教養娯楽,97.8
07000,福島県,教養娯楽,94.7
08000,茨城県,教養娯楽,96.6
09000,栃木県,教養娯楽,94.1
10000,群馬県,教養娯楽,97.4
11000,埼玉県,教養娯楽,103.8
12000,千葉県,教養娯楽,100.6
13000,東京都,教養娯楽,106.0
14000,神奈川県,教養娯楽,106.7
15000,新潟県,教養娯楽,99.6
16000,富山県,教養娯楽,93.9
17000,石川県,教養娯楽,96.4
18000,福井県,教養娯楽,93.5
19000,山梨県,教養娯楽,98.5
20000,長野県,教養娯楽,98.8
21000,岐阜県,教養娯楽,95.9
22000,静岡県,教養娯楽,99.2
23000,愛知県,教養娯楽,99.4
24000,三重県,教養娯楽,95.5
25000,滋賀県,教養娯楽,95.3
26000,京都府,教養娯楽,101.3
27000,大阪府,教養娯楽,100.3
28000,兵庫県,教養娯楽,99.6
29000,奈良県,教養娯楽,98.5
30000,和歌山県,教養娯楽,95.1
31000,鳥取県,教養娯楽,94.4
32000,島根県,教養娯楽,95.2
33000,岡山県,教養娯楽,94.9
34000,広島県,教養娯楽,95.3
35000,山口県,教養娯楽,96.1
36000,徳島県,教養娯楽,95.2
37000,香川県,教養娯楽,96.0
38000,愛媛県,教養娯楽,97.5
39000,高知県,教養娯楽,96.3
40000,福岡県,教養娯楽,96.9
41000,佐賀県,教養娯楽,92.0
42000,長崎県,教養娯楽,95.4
43000,熊本県,教養娯楽,96.4
44000,大分県,教養娯楽,96.4
45000,宮崎県,教養娯楽,92.2
46000,鹿児島県,教養娯楽,91.5
47000,沖縄県,教養娯楽,96.7
01000,北海道,諸雑費,102.5
02000,青森県,諸雑費,93.5
03000,岩手県,諸雑費,98.1
04000,宮城県,諸雑費,101.1
05000,秋田県,諸雑費,100.2
06000,山形県,諸雑費,97.2
07000,福島県,諸雑費,98.7
08000,茨城県,諸雑費,97.4
09000,栃木県,諸雑費,100.0
10000,群馬県,諸雑費,97.4
11000,埼玉県,諸雑費,101.2
12000,千葉県,諸雑費,101.8
13000,東京都,諸雑費,101.2
14000,神奈川県,諸雑費,105.2
15000,新潟県,諸雑費,99.4
16000,富山県,諸雑費,101.8
17000,石川県,諸雑費,96.1
18000,福井県,諸雑費,98.4
19000,山梨県,諸雑費,93.6
20000,長野県,諸雑費,98.5
21000,岐阜県,諸雑費,100.7
22000,静岡県,諸雑費,96.5
23000,愛知県,諸雑費,100.5
24000,三重県,諸雑費,98.6
25000,滋賀県,諸雑費,103.6
26000,京都府,諸雑費,102.7
27000,大阪府,諸雑費,98.7
28000,兵庫県,諸雑費,101.5
29000,奈良県,諸雑費,98.2
30000,和歌山県,諸雑費,97.2
31000,鳥取県,諸雑費,98.6
32000,島根県,諸雑費,98.7
33000,岡山県,諸雑費,99.1
34000,広島県,諸雑費,97.9
35000,山口県,諸雑費,98.5
36000,徳島県,諸雑費,100.1
37000,香川県,諸雑費,102.6
38000,愛媛県,諸雑費,98.3
39000,高知県,諸雑費,102.9
40000,福岡県,諸雑費,99.5
41000,佐賀県,諸雑費,98.9
42000,長崎県,諸雑費,95.6
43000,熊本県,諸雑費,94.6
44000,大分県,諸雑費,93.8
45000,宮崎県,諸雑費,95.1
46000,鹿児島県,諸雑費,95.8
47000,沖縄県,諸雑費,90.9
01000,北海道,(参考)家賃を除く総合,103.0
02000,青森県,(参考)家賃を除く総合,99.4
03000,岩手県,(参考)家賃を除く総合,100.5
04000,宮城県,(参考)家賃を除く総合,100.8
05000,秋田県,(参考)家賃を除く総合,99.7
06000,山形県,(参考)家賃を除く総合,101.9
07000,福島県,(参考)家賃を除く総合,99.4
08000,茨城県,(参考)家賃を除く総合,98.0
09000,栃木県,(参考)家賃を除く総合,98.0
10000,群馬県,(参考)家賃を除く総合,96.8
11000,埼玉県,(参考)家賃を除く総合,100.0
12000,千葉県,(参考)家賃を除く総合,100.9
13000,東京都,(参考)家賃を除く総合,102.2
14000,神奈川県,(参考)家賃を除く総合,102.7
15000,新潟県,(参考)家賃を除く総合,98.3
16000,富山県,(参考)家賃を除く総合,99.0
17000,石川県,(参考)家賃を除く総合,100.1
18000,福井県,(参考)家賃を除く総合,99.7
19000,山梨県,(参考)家賃を除く総合,98.4
20000,長野県,(参考)家賃を除く総合,98.4
21000,岐阜県,(参考)家賃を除く総合,97.6
22000,静岡県,(参考)家賃を除く総合,98.7
23000,愛知県,(参考)家賃を除く総合,98.5
24000,三重県,(参考)家賃を除く総合,99.2
25000,滋賀県,(参考)家賃を除く総合,98.9
26000,京都府,(参考)家賃を除く総合,101.0
27000,大阪府,(参考)家賃を除く総合,99.3
28000,兵庫県,(参考)家賃を除く総合,99.2
29000,奈良県,(参考)家賃を除く総合,98.6
30000,和歌山県,(参考)家賃を除く総合,98.9
31000,鳥取県,(参考)家賃を除く総合,99.7
32000,島根県,(参考)家賃を除く総合,100.5
33000,岡山県,(参考)家賃を除く総合,98.3
34000,広島県,(参考)家賃を除く総合,99.2
35000,山口県,(参考)家賃を除く総合,100.5
36000,徳島県,(参考)家賃を除く総合,99.8
37000,香川県,(参考)家賃を除く総合,99.4
38000,愛媛県,(参考)家賃を除く総合,99.4
39000,高知県,(参考)家賃を除く総合,100.7
40000,福岡県,(参考)家賃を除く総合,98.9
41000,佐賀県,(参考)家賃を除く総合,98.7
42000,長崎県,(参考)家賃を除く総合,99.9
43000,熊本県,(参考)家賃を除く総合,100.1
44000,大分県,(参考)家賃を除く総合,98.6
45000,宮崎県,(参考)家賃を除く総合,97.9
46000,鹿児島県,(参考)家賃を除く総合,96.9
47000,沖縄県,(参考)家賃を除く総合,101.2
