,,,,,,,,,,,,,,,,,,,,,,,,,,,,,,,,,,,,,,,,,,,,,,,,,,,,,,,,,,,,,
,,,,,,,,,,,,,,,,,,,,,,,,,,,,,,,,,,,,,,,,,,,,,,,,,,,,,,,,,,,,,
,,,,,,"特殊詐欺の認知・検挙状況等について（令和８年
１月〜３月）",,,,,,,,,,,,,,,,,,,,,,,,,,,,,,,,,,,,,,,,,,,,,,,,,,,,,,,
,,,,,,,,,,,,,,,,,,,,,,,,,,,,,,,,,,,,,,,,,,,,,,,,,,,,,,,,,,,,,
１　特殊詐欺,,,,,,,,,,,,,,,,,,,,,,,,,,,,,,,,,,,,,,,,,,,,,,,,,,,,,,,,,,,,,
,,,,令和８年,,,,,,,,,,,,,,,,,,,,,,,,,,,,,,,,,,,,,,,,,,,,,,,,,,,,,,,,,
,,,,合計(１月〜３月),１月,２月,３月,４月,５月,６月,７月,８月,９月,１０月,１１月,１２月,,,,,,,,,,,,,,,,,,,,,,,,,,,,,,,,,,,,,,,,,,,,,
認知件数,,,,"11,093","3,448","3,403","4,242",,,,,,,,,,,,,,,,,,,,,,,,,,,,,,,,,,,,,,,,,,,,,,,,,,,,,,
,,うち既遂,,"10,915","3,397","3,342","4,176",,,,,,,,,,,,,,,,,,,,,,,,,,,,,,,,,,,,,,,,,,,,,,,,,,,,,,
実質的な被害総額　（単位：円）,,,,"93,793,392,926","31,702,368,726","27,673,025,000","34,417,999,200",,,,,,,,,,,,,,,,,,,,,,,,,,,,,,,,,,,,,,,,,,,,,,,,,,,,,,
検挙件数,,,,"1,846",582,552,712,,,,,,,,,,,,,,,,,,,,,,,,,,,,,,,,,,,,,,,,,,,,,,,,,,,,,,
検挙人員,,,,674,204,221,249,,,,,,,,,,,,,,,,,,,,,,,,,,,,,,,,,,,,,,,,,,,,,,,,,,,,,,
,,,,,,,,,,,,,,,,,,,,,,,,,,,,,,,,,,,,,,,,,,,,,,,,,,,,,,,,,,,,,
,,,,令和７年,,,,,,,,,,,,,,,,,,,,,,,,,,,,,,,,,,,,,,,,,,,,,,,,,,,,,,,,,
,,,,合計(１月〜３月),１月,２月,３月,４月,５月,６月,７月,８月,９月,１０月,１１月,１２月,,,,,,,,,,,,,,,,,,,,,,,,,,,,,,,,,,,,,,,,,,,,,
認知件数,,,,"8,517","2,492","2,757","3,268","3,367","3,291","3,383","3,711","3,610","4,084","4,443","3,715","4,779",,,,,,,,,,,,,,,,,,,,,,,,,,,,,,,,,,,,,,,,,,,,,
,,うち既遂,,"8,359","2,420","2,714","3,225","3,309","3,233","3,297","3,657","3,556","4,022","4,382","3,657","4,720",,,,,,,,,,,,,,,,,,,,,,,,,,,,,,,,,,,,,,,,,,,,,
実質的な被害総額　（単位：円）,,,,"52,403,697,880","15,599,034,880","16,875,018,000","19,929,645,000","20,990,253,550","22,430,281,000","22,983,674,860","27,706,428,500","29,595,574,000","35,329,645,000","35,311,076,697","29,641,142,000","47,721,307,540",,,,,,,,,,,,,,,,,,,,,,,,,,,,,,,,,,,,,,,,,,,,,
検挙件数,,,,"1,490",410,497,583,454,563,662,596,576,570,705,813,759,,,,,,,,,,,,,,,,,,,,,,,,,,,,,,,,,,,,,,,,,,,,,
検挙人員,,,,521,160,180,181,167,189,243,189,212,207,289,385,292,,,,,,,,,,,,,,,,,,,,,,,,,,,,,,,,,,,,,,,,,,,,,
,,,,,,,,,,,,,,,,,,,,,,,,,,,,,,,,,,,,,,,,,,,,,,,,,,,,,,,,,,,,,
平成２０年以前,,,,平成１６年,平成１７年,平成１８年,平成１９年,平成２０年,,,,,,,,,,,,,,,,,,,,,,,,,,,,,,,,,,,,,,,,,,,,,,,,,,,,,
認知件数,,,,"25,667","21,612","19,020","17,930","20,481",,,,,,,,,,,,,,,,,,,,,,,,,,,,,,,,,,,,,,,,,,,,,,,,,,,,,
,,うち既遂,,"20,194","19,840","18,662","17,671","20,124",,,,,,,,,,,,,,,,,,,,,,,,,,,,,,,,,,,,,,,,,,,,,,,,,,,,,
被害総額（平成22年〜実質的な被害総額）(単位：円),,,,"28,378,657,974","25,151,867,404","25,493,300,973","25,142,421,788","27,594,389,498",,,,,,,,,,,,,,,,,,,,,,,,,,,,,,,,,,,,,,,,,,,,,,,,,,,,,
検挙件数,,,,"1,305","2,539","2,974","3,079","4,400",,,,,,,,,,,,,,,,,,,,,,,,,,,,,,,,,,,,,,,,,,,,,,,,,,,,,
検挙人員,,,,548,819,761,454,699,,,,,,,,,,,,,,,,,,,,,,,,,,,,,,,,,,,,,,,,,,,,,,,,,,,,,
,,,,,,,,,,,,,,,,,,,,,,,,,,,,,,,,,,,,,,,,,,,,,,,,,,,,,,,,,,,,,
平成２１〜３０年,,,,平成２１年,平成２２年,平成２３年,平成２４年,平成２５年,平成２６年,平成２７年,平成２８年,平成２９年,平成３０年,,,,,,,,,,,,,,,,,,,,,,,,,,,,,,,,,,,,,,,,,,,,,,,,
認知件数,,,,"7,340","6,888","7,216","8,693","11,998","13,392","13,824","14,154","18,212","17,844",,,,,,,,,,,,,,,,,,,,,,,,,,,,,,,,,,,,,,,,,,,,,,,,
,,うち既遂,,"7,156","6,718","6,939","8,132","11,161","12,444","12,769","13,253","17,239","16,943",,,,,,,,,,,,,,,,,,,,,,,,,,,,,,,,,,,,,,,,,,,,,,,,
被害総額（平成22年〜実質的な被害総額）(単位：円),,,,"9,579,122,058","11,247,278,665","20,404,305,829","36,436,112,888","48,949,490,349","56,550,685,877","48,197,981,078","40,765,652,881","39,474,870,491","38,286,761,222",,,,,,,,,,,,,,,,,,,,,,,,,,,,,,,,,,,,,,,,,,,,,,,,
検挙件数,,,,"5,669","5,189","2,556","2,990","3,419","3,252","4,112","4,471","4,644","5,550",,,,,,,,,,,,,,,,,,,,,,,,,,,,,,,,,,,,,,,,,,,,,,,,
検挙人員,,,,955,686,923,"1,523","1,774","1,985","2,506","2,369","2,448","2,837",,,,,,,,,,,,,,,,,,,,,,,,,,,,,,,,,,,,,,,,,,,,,,,,
,,,,,,,,,,,,,,,,,,,,,,,,,,,,,,,,,,,,,,,,,,,,,,,,,,,,,,,,,,,,,
令和元年以降,,,,令和元年,令和２年,令和３年,令和４年,令和５年,令和６年,令和７年,,,,,,,,,,,,,,,,,,,,,,,,,,,,,,,,,,,,,,,,,,,,,,,,,,,
認知件数,,,,"16,851","13,550","14,498","17,570","22,884","31,280","42,900",,,,,,,,,,,,,,,,,,,,,,,,,,,,,,,,,,,,,,,,,,,,,,,,,,,
,,うち既遂,,"16,057","12,956","13,960","16,964","22,412","30,755","42,192",,,,,,,,,,,,,,,,,,,,,,,,,,,,,,,,,,,,,,,,,,,,,,,,,,,
被害総額（平成22年〜実質的な被害総額）(単位：円),,,,"31,582,937,585","28,523,359,039","28,199,462,547","37,081,354,580","90,774,639,695","199,071,067,370","324,113,081,027",,,,,,,,,,,,,,,,,,,,,,,,,,,,,,,,,,,,,,,,,,,,,,,,,,,
検挙件数,,,,"6,817","7,424","6,600","6,640","7,212","6,838","7,188",,,,,,,,,,,,,,,,,,,,,,,,,,,,,,,,,,,,,,,,,,,,,,,,,,,
検挙人員,,,,"2,861","2,621","2,374","2,458","2,455","2,403","2,694",,,,,,,,,,,,,,,,,,,,,,,,,,,,,,,,,,,,,,,,,,,,,,,,,,,
,,,,,,,,,,,,,,,,,,,,,,,,,,,,,,,,,,,,,,,,,,,,,,,,,,,,,,,,,,,,,
(注１),"　特殊詐欺とは、被害者に電話やＳＮＳ等を通じて、対面することなく信頼させ又は関係を深めて信用させ、指定した預貯金口座への振込その他の方法により、現金等をだまし取る犯罪（現金等を脅し取る恐喝及び隙を見てキャッシュカード詐欺等を窃取する窃盗を含む。）
の総称をいう。",,,,,,,,,,,,,,,,,,,,,,,,,,,,,,,,,,,,,,,,,,,,,,,,,,,,,,,,,,,,
(注２),　実質的な被害総額とは、詐取又は窃取されたキャッシュカード等を使用して、ＡＴＭから引き出された額（実務統計による集計値）等を加えた額である（下記の表についても同じ。ただし平成２２〜２４年の数値についてはオレオレ詐欺における実質的な被害総額のみ集計している。）。,,,,,,,,,,,,,,,,,,,,,,,,,,,,,,,,,,,,,,,,,,,,,,,,,,,,,,,,,,,,
(注３),　平成１６年及び１７年の数値は、３手口（オレオレ詐欺、架空料金請求詐欺及び融資保証金詐欺）の合計、平成１８〜２１年の数値は、４手口（オレオレ詐欺、架空料金請求詐欺、融資保証金詐欺及び還付金詐欺）の合計、平成２２〜２９年の数値は、８手口（オレオレ詐欺、架空料金請求詐欺、融資保証金詐欺、還付金詐欺、金融商品詐欺、ギャンブル詐欺、交際あっせん詐欺及びその他の特殊詐欺）の合計、平成３０年及び令和元年の数値は、９手口（オレオレ詐欺、架空料金請求詐欺、融資保証金詐欺、還付金詐欺、金融商品詐欺、ギャンブル詐欺、交際あっせん詐欺、キャッシュカード詐欺盗及びその他の特殊詐欺）の合計、令和２年〜７年の数値は、１０手口（オレオレ詐欺、預貯金詐欺、架空料金請求詐欺、融資保証金詐欺、還付金詐欺、金融商品詐欺、ギャンブル詐欺、交際あっせん詐欺、キャッシュカード詐欺盗及びその他の特殊詐欺）の合計、令和８年以降の数値は、１３手口（ＳＮＳ型投資詐欺、ＳＮＳ型ロマンス詐欺、ニセ警察詐欺、オレオレ詐欺、預貯金詐欺、架空料金請求詐欺、融資保証金詐欺、還付金詐欺、金融商品詐欺、ギャンブル詐欺、交際あっせん詐欺、キャッシュカード詐欺盗及びその他の特殊詐欺）を合計したものである。,,,,,,,,,,,,,,,,,,,,,,,,,,,,,,,,,,,,,,,,,,,,,,,,,,,,,,,,,,,,
(注４),　金融商品詐欺、ギャンブル詐欺、交際あっせん詐欺及びその他の特殊詐欺の４手口については、認知件数・被害総額は平成２２年２月から、検挙件数・検挙人員は平成２３年１月からの集計値である。ＳＮＳ型投資詐欺及びＳＮＳ型ロマンス詐欺の２手口については、認知件数・被害総額は令和５年１月から、検挙件数・検挙人員は令和６年１月からの集計値である。ニセ警察詐欺については、認知件数・被害総額は令和７年１月から、検挙件数・検挙人員は令和８年１月からの集計値である。,,,,,,,,,,,,,,,,,,,,,,,,,,,,,,,,,,,,,,,,,,,,,,,,,,,,,,,,,,,,
(注５),　ＳＮＳ型投資詐欺及びＳＮＳ型ロマンス詐欺は令和６年から、その他の１１手口（ニセ警察詐欺、オレオレ詐欺、預貯金詐欺、架空料金請求詐欺、融資保証金詐欺、還付金詐欺、金融商品詐欺、ギャンブル詐欺、交際あっせん詐欺、キャッシュカード詐欺盗及びその他の特殊詐欺）は令和８年から、検挙件数及び検挙人員に犯罪収益が同詐欺に由来する組織的犯罪処罰法違反を含む。,,,,,,,,,,,,,,,,,,,,,,,,,,,,,,,,,,,,,,,,,,,,,,,,,,,,,,,,,,,,
(注６),　令和７年、令和８年の数値は暫定値である（下記の表についても同じ）。,,,,,,,,,,,,,,,,,,,,,,,,,,,,,,,,,,,,,,,,,,,,,,,,,,,,,,,,,,,,
,,,,,,,,,,,,,,,,,,,,,,,,,,,,,,,,,,,,,,,,,,,,,,,,,,,,,,,,,,,,,
２−１　ＳＮＳ型投資詐欺,,,,,,,,,,,,,,,,,,,,,,,,,,,,,,,,,,,,,,,,,,,,,,,,,,,,,,,,,,,,,
,,,,令和８年,,,,,,,,,,,,,,,,,,,,,,,,,,,,,,,,,,,,,,,,,,,,,,,,,,,,,,,,,
,,,,合計(１月〜３月),１月,２月,３月,４月,５月,６月,７月,８月,９月,１０月,１１月,１２月,,,,,,,,,,,,,,,,,,,,,,,,,,,,,,,,,,,,,,,,,,,,,
認知件数,,,,"3,397","1,084","1,003","1,310",,,,,,,,,,,,,,,,,,,,,,,,,,,,,,,,,,,,,,,,,,,,,,,,,,,,,,
,,うち既遂,,"3,375","1,077",994,"1,304",,,,,,,,,,,,,,,,,,,,,,,,,,,,,,,,,,,,,,,,,,,,,,,,,,,,,,
実質的な被害総額(単位：円),,,,"45,608,567,000","15,697,637,000","13,232,831,000","16,678,099,000",,,,,,,,,,,,,,,,,,,,,,,,,,,,,,,,,,,,,,,,,,,,,,,,,,,,,,
検挙件数,,,,167,31,56,80,,,,,,,,,,,,,,,,,,,,,,,,,,,,,,,,,,,,,,,,,,,,,,,,,,,,,,
検挙人員,,,,102,13,50,39,,,,,,,,,,,,,,,,,,,,,,,,,,,,,,,,,,,,,,,,,,,,,,,,,,,,,,
,,,,,,,,,,,,,,,,,,,,,,,,,,,,,,,,,,,,,,,,,,,,,,,,,,,,,,,,,,,,,
,,,,令和７年,,,,,,,,,,,,,,,,,,,,,,,,,,,,,,,,,,,,,,,,,,,,,,,,,,,,,,,,,
,,,,合計(１月〜３月),１月,２月,３月,４月,５月,６月,７月,８月,９月,１０月,１１月,１２月,,,,,,,,,,,,,,,,,,,,,,,,,,,,,,,,,,,,,,,,,,,,,
認知件数,,,,"1,165",365,327,473,507,588,624,875,"1,013","1,170","1,301",974,"1,321",,,,,,,,,,,,,,,,,,,,,,,,,,,,,,,,,,,,,,,,,,,,,
,,うち既遂,,"1,164",364,327,473,507,588,624,873,"1,005","1,162","1,286",970,"1,315",,,,,,,,,,,,,,,,,,,,,,,,,,,,,,,,,,,,,,,,,,,,,
実質的な被害総額(単位：円),,,,"13,012,965,000","4,337,130,000","3,150,482,000","5,525,353,000","5,862,738,000","8,317,872,000","7,923,715,000","11,341,564,000","14,124,586,000","16,729,624,000","17,207,675,000","12,588,146,000","20,364,045,000",,,,,,,,,,,,,,,,,,,,,,,,,,,,,,,,,,,,,,,,,,,,,
検挙件数,,,,46,10,16,20,17,12,11,21,16,20,83,66,60,,,,,,,,,,,,,,,,,,,,,,,,,,,,,,,,,,,,,,,,,,,,,
検挙人員,,,,21,4,6,11,8,3,4,9,8,14,57,58,34,,,,,,,,,,,,,,,,,,,,,,,,,,,,,,,,,,,,,,,,,,,,,
,,,,,,,,,,,,,,,,,,,,,,,,,,,,,,,,,,,,,,,,,,,,,,,,,,,,,,,,,,,,,
令和５年以降,,,,令和５年,令和６年,令和７年,,,,,,,,,,,,,,,,,,,,,,,,,,,,,,,,,,,,,,,,,,,,,,,,,,,,,,,
認知件数,,,,"2,271","6,413","9,538",,,,,,,,,,,,,,,,,,,,,,,,,,,,,,,,,,,,,,,,,,,,,,,,,,,,,,,
,,うち既遂,,"2,271","6,412","9,494",,,,,,,,,,,,,,,,,,,,,,,,,,,,,,,,,,,,,,,,,,,,,,,,,,,,,,,
実質的な被害総額(単位：円),,,,"27,791,036,944","87,107,992,000","127,472,930,000",,,,,,,,,,,,,,,,,,,,,,,,,,,,,,,,,,,,,,,,,,,,,,,,,,,,,,,
検挙件数,,,,-,130,352,,,,,,,,,,,,,,,,,,,,,,,,,,,,,,,,,,,,,,,,,,,,,,,,,,,,,,,
検挙人員,,,,-,58,216,,,,,,,,,,,,,,,,,,,,,,,,,,,,,,,,,,,,,,,,,,,,,,,,,,,,,,,
,,,,,,,,,,,,,,,,,,,,,,,,,,,,,,,,,,,,,,,,,,,,,,,,,,,,,,,,,,,,,
（注１）,ＳＮＳ型投資詐欺とは、ＳＮＳ等を通じて対面することなく、交信を重ねるなどして関係を深めて信用させ、投資金名目やその利益の出金手数料名目等で金銭等をだまし取るものをいう。（ＳＮＳ型ロマンス詐欺の投資名目に該当するものを除く。）。,,,,,,,,,,,,,,,,,,,,,,,,,,,,,,,,,,,,,,,,,,,,,,,,,,,,,,,,,,,,
（注２）,検挙件数及び検挙人員には、ＳＮＳ型投資詐欺のほか、犯罪収益が同詐欺に由来する組織的犯罪処罰法違反を含む。,,,,,,,,,,,,,,,,,,,,,,,,,,,,,,,,,,,,,,,,,,,,,,,,,,,,,,,,,,,,
,,,,,,,,,,,,,,,,,,,,,,,,,,,,,,,,,,,,,,,,,,,,,,,,,,,,,,,,,,,,,
２−２　ＳＮＳ型ロマンス詐欺,,,,,,,,,,,,,,,,,,,,,,,,,,,,,,,,,,,,,,,,,,,,,,,,,,,,,,,,,,,,,
,,,,令和８年,,,,,,,,,,,,,,,,,,,,,,,,,,,,,,,,,,,,,,,,,,,,,,,,,,,,,,,,,
,,,,合計(１月〜３月),１月,２月,３月,４月,５月,６月,７月,８月,９月,１０月,１１月,１２月,,,,,,,,,,,,,,,,,,,,,,,,,,,,,,,,,,,,,,,,,,,,,
認知件数,,,,"1,308",481,422,405,,,,,,,,,,,,,,,,,,,,,,,,,,,,,,,,,,,,,,,,,,,,,,,,,,,,,,
,,うち既遂,,"1,305",479,421,405,,,,,,,,,,,,,,,,,,,,,,,,,,,,,,,,,,,,,,,,,,,,,,,,,,,,,,
実質的な被害総額(単位：円),,,,"13,590,907,000","4,893,829,000","4,053,176,000","4,643,902,000",,,,,,,,,,,,,,,,,,,,,,,,,,,,,,,,,,,,,,,,,,,,,,,,,,,,,,
検挙件数,,,,64,23,14,27,,,,,,,,,,,,,,,,,,,,,,,,,,,,,,,,,,,,,,,,,,,,,,,,,,,,,,
検挙人員,,,,38,23,4,11,,,,,,,,,,,,,,,,,,,,,,,,,,,,,,,,,,,,,,,,,,,,,,,,,,,,,,
,,,,,,,,,,,,,,,,,,,,,,,,,,,,,,,,,,,,,,,,,,,,,,,,,,,,,,,,,,,,,
,,,,令和７年,,,,,,,,,,,,,,,,,,,,,,,,,,,,,,,,,,,,,,,,,,,,,,,,,,,,,,,,,
,,,,合計(１月〜３月),１月,２月,３月,４月,５月,６月,７月,８月,９月,１０月,１１月,１２月,,,,,,,,,,,,,,,,,,,,,,,,,,,,,,,,,,,,,,,,,,,,,
認知件数,,,,"1,132",340,377,415,439,439,451,466,518,519,542,486,612,,,,,,,,,,,,,,,,,,,,,,,,,,,,,,,,,,,,,,,,,,,,,
,,うち既遂,,"1,132",340,377,415,438,439,450,465,515,519,541,486,610,,,,,,,,,,,,,,,,,,,,,,,,,,,,,,,,,,,,,,,,,,,,,
実質的な被害総額(単位：円),,,,"11,790,522,000","3,312,380,000","4,589,040,000","3,889,102,000","3,546,934,000","4,056,038,000","4,568,943,000","3,885,232,000","4,537,655,000","5,213,684,000","4,964,383,000","5,387,466,000","7,271,861,000",,,,,,,,,,,,,,,,,,,,,,,,,,,,,,,,,,,,,,,,,,,,,
検挙件数,,,,39,12,10,17,22,18,30,24,16,22,21,38,16,,,,,,,,,,,,,,,,,,,,,,,,,,,,,,,,,,,,,,,,,,,,,
検挙人員,,,,23,6,8,9,9,9,26,17,19,13,17,25,13,,,,,,,,,,,,,,,,,,,,,,,,,,,,,,,,,,,,,,,,,,,,,
,,,,,,,,,,,,,,,,,,,,,,,,,,,,,,,,,,,,,,,,,,,,,,,,,,,,,,,,,,,,,
令和５年以降,,,,令和５年,令和６年,令和７年,,,,,,,,,,,,,,,,,,,,,,,,,,,,,,,,,,,,,,,,,,,,,,,,,,,,,,,
認知件数,,,,"1,575","3,824","5,604",,,,,,,,,,,,,,,,,,,,,,,,,,,,,,,,,,,,,,,,,,,,,,,,,,,,,,,
,,うち既遂,,"1,575","3,823","5,595",,,,,,,,,,,,,,,,,,,,,,,,,,,,,,,,,,,,,,,,,,,,,,,,,,,,,,,
実質的な被害総額(単位：円),,,,"17,727,166,041","40,085,800,000","55,222,718,000",,,,,,,,,,,,,,,,,,,,,,,,,,,,,,,,,,,,,,,,,,,,,,,,,,,,,,,
検挙件数,,,,-,132,246,,,,,,,,,,,,,,,,,,,,,,,,,,,,,,,,,,,,,,,,,,,,,,,,,,,,,,,
検挙人員,,,,-,71,171,,,,,,,,,,,,,,,,,,,,,,,,,,,,,,,,,,,,,,,,,,,,,,,,,,,,,,,
,,,,,,,,,,,,,,,,,,,,,,,,,,,,,,,,,,,,,,,,,,,,,,,,,,,,,,,,,,,,,
（注１）,ＳＮＳ型ロマンス詐欺とは、ＳＮＳ等を通じて対面することなく、更新を重ねるなどして関係を深めて信用させ、恋愛感情や親近感を抱かせて金銭等をだまし取るものをいう。,,,,,,,,,,,,,,,,,,,,,,,,,,,,,,,,,,,,,,,,,,,,,,,,,,,,,,,,,,,,
（注２）,令和５年中のＳＮＳ型ロマンス詐欺については、相手方が外国人又は海外居住者を名乗ったものを対象としたもの。,,,,,,,,,,,,,,,,,,,,,,,,,,,,,,,,,,,,,,,,,,,,,,,,,,,,,,,,,,,,
（注３）,検挙件数及び検挙人員には、ＳＮＳ型ロマンス詐欺のほか、犯罪収益が同詐欺に由来する組織的犯罪処罰法違反を含む。,,,,,,,,,,,,,,,,,,,,,,,,,,,,,,,,,,,,,,,,,,,,,,,,,,,,,,,,,,,,
,,,,,,,,,,,,,,,,,,,,,,,,,,,,,,,,,,,,,,,,,,,,,,,,,,,,,,,,,,,,,
２−３　ニセ警察詐欺,,,,,,,,,,,,,,,,,,,,,,,,,,,,,,,,,,,,,,,,,,,,,,,,,,,,,,,,,,,,,
,,,,令和８年,,,,,,,,,,,,,,,,,,,,,,,,,,,,,,,,,,,,,,,,,,,,,,,,,,,,,,,,,
,,,,合計(１月〜３月),１月,２月,３月,４月,５月,６月,７月,８月,９月,１０月,１１月,１２月,,,,,,,,,,,,,,,,,,,,,,,,,,,,,,,,,,,,,,,,,,,,,
認知件数,,,,"2,204",737,650,817,,,,,,,,,,,,,,,,,,,,,,,,,,,,,,,,,,,,,,,,,,,,,,,,,,,,,,
,,うち既遂,,"2,161",723,640,798,,,,,,,,,,,,,,,,,,,,,,,,,,,,,,,,,,,,,,,,,,,,,,,,,,,,,,
実質的な被害総額(単位：円),,,,"22,236,667,000","6,927,073,000","6,598,029,000","8,711,565,000",,,,,,,,,,,,,,,,,,,,,,,,,,,,,,,,,,,,,,,,,,,,,,,,,,,,,,
検挙件数,,,,240,80,90,70,,,,,,,,,,,,,,,,,,,,,,,,,,,,,,,,,,,,,,,,,,,,,,,,,,,,,,
検挙人員,,,,98,27,43,28,,,,,,,,,,,,,,,,,,,,,,,,,,,,,,,,,,,,,,,,,,,,,,,,,,,,,,
,,,,,,,,,,,,,,,,,,,,,,,,,,,,,,,,,,,,,,,,,,,,,,,,,,,,,,,,,,,,,
,,,,令和７年,,,,,,,,,,,,,,,,,,,,,,,,,,,,,,,,,,,,,,,,,,,,,,,,,,,,,,,,,
,,,,合計(１月〜３月),１月,２月,３月,４月,５月,６月,７月,８月,９月,１０月,１１月,１２月,,,,,,,,,,,,,,,,,,,,,,,,,,,,,,,,,,,,,,,,,,,,,
認知件数,,,,"1,894",502,537,855,"1,011",911,921,"1,020",820,"1,031","1,073",961,"1,294",,,,,,,,,,,,,,,,,,,,,,,,,,,,,,,,,,,,,,,,,,,,,
,,うち既遂,,"1,886",500,535,851,"1,005",898,909,"1,008",813,"1,013","1,062",949,"1,276",,,,,,,,,,,,,,,,,,,,,,,,,,,,,,,,,,,,,,,,,,,,,
実質的な被害総額(単位：円),,,,"17,167,329,000","5,180,377,000","5,444,648,000","6,542,304,000","7,565,992,000","6,879,363,000","7,318,134,000","9,256,303,000","8,185,253,000","9,750,017,000","8,737,350,000","8,333,978,000","15,341,632,000",,,,,,,,,,,,,,,,,,,,,,,,,,,,,,,,,,,,,,,,,,,,,
検挙件数,,,,-,-,-,-,-,-,-,-,-,-,-,-,-,,,,,,,,,,,,,,,,,,,,,,,,,,,,,,,,,,,,,,,,,,,,,
検挙人員,,,,-,-,-,-,-,-,-,-,-,-,-,-,-,,,,,,,,,,,,,,,,,,,,,,,,,,,,,,,,,,,,,,,,,,,,,
,,,,,,,,,,,,,,,,,,,,,,,,,,,,,,,,,,,,,,,,,,,,,,,,,,,,,,,,,,,,,
,,,,,,,,,,,,,,,,,,,,,,,,,,,,,,,,,,,,,,,,,,,,,,,,,,,,,,,,,,,,,
令和７年以降,,,,令和７年,,,,,,,,,,,,,,,,,,,,,,,,,,,,,,,,,,,,,,,,,,,,,,,,,,,,,,,,,
認知件数,,,,"10,936",,,,,,,,,,,,,,,,,,,,,,,,,,,,,,,,,,,,,,,,,,,,,,,,,,,,,,,,,
,,うち既遂,,"10,819",,,,,,,,,,,,,,,,,,,,,,,,,,,,,,,,,,,,,,,,,,,,,,,,,,,,,,,,,
実質的な被害総額(単位：円),,,,"98,535,351,000",,,,,,,,,,,,,,,,,,,,,,,,,,,,,,,,,,,,,,,,,,,,,,,,,,,,,,,,,
検挙件数,,,,-,,,,,,,,,,,,,,,,,,,,,,,,,,,,,,,,,,,,,,,,,,,,,,,,,,,,,,,,,
検挙人員,,,,-,,,,,,,,,,,,,,,,,,,,,,,,,,,,,,,,,,,,,,,,,,,,,,,,,,,,,,,,,
,,,,,,,,,,,,,,,,,,,,,,,,,,,,,,,,,,,,,,,,,,,,,,,,,,,,,,,,,,,,,
（注１）ニセ警察詐欺とは、警察官等をかたり捜査（優先調査）名目で現金等をだまし取るものをいう。,,,,,,,,,,,,,,,,,,,,,,,,,,,,,,,,,,,,,,,,,,,,,,,,,,,,,,,,,,,,,
（注２）従来オレオレ詐欺等の手口に包含されていた犯行形態を令和８年１月から新たな手口として分類した。,,,,,,,,,,,,,,,,,,,,,,,,,,,,,,,,,,,,,,,,,,,,,,,,,,,,,,,,,,,,,
（注３）検挙件数及び検挙人員は令和８年から統計を開始しているため、令和７年については各種手口に含まれている。,,,,,,,,,,,,,,,,,,,,,,,,,,,,,,,,,,,,,,,,,,,,,,,,,,,,,,,,,,,,,
（注４）検挙件数及び検挙人員には、ニセ警察詐欺のほか、犯罪収益が同詐欺に由来する組織的犯罪処罰法違反を含む。,,,,,,,,,,,,,,,,,,,,,,,,,,,,,,,,,,,,,,,,,,,,,,,,,,,,,,,,,,,,,
,,,,,,,,,,,,,,,,,,,,,,,,,,,,,,,,,,,,,,,,,,,,,,,,,,,,,,,,,,,,,
２−４(1)　オレオレ詐欺,,,,,,,,,,,,,,,,,,,,,,,,,,,,,,,,,,,,,,,,,,,,,,,,,,,,,,,,,,,,,
,,,,令和８年,,,,,,,,,,,,,,,,,,,,,,,,,,,,,,,,,,,,,,,,,,,,,,,,,,,,,,,,,
,,,,合計(１月〜３月),１月,２月,３月,４月,５月,６月,７月,８月,９月,１０月,１１月,１２月,,,,,,,,,,,,,,,,,,,,,,,,,,,,,,,,,,,,,,,,,,,,,
認知件数,,,,788,195,261,332,,,,,,,,,,,,,,,,,,,,,,,,,,,,,,,,,,,,,,,,,,,,,,,,,,,,,,
,,うち既遂,,759,187,246,326,,,,,,,,,,,,,,,,,,,,,,,,,,,,,,,,,,,,,,,,,,,,,,,,,,,,,,
実質的な被害総額(単位：円),,,,"3,044,167,000","851,733,000","1,049,354,000","1,143,080,000",,,,,,,,,,,,,,,,,,,,,,,,,,,,,,,,,,,,,,,,,,,,,,,,,,,,,,
検挙件数,,,,467,164,135,168,,,,,,,,,,,,,,,,,,,,,,,,,,,,,,,,,,,,,,,,,,,,,,,,,,,,,,
検挙人員,,,,212,66,58,88,,,,,,,,,,,,,,,,,,,,,,,,,,,,,,,,,,,,,,,,,,,,,,,,,,,,,,
,,,,,,,,,,,,,,,,,,,,,,,,,,,,,,,,,,,,,,,,,,,,,,,,,,,,,,,,,,,,,
,,,,令和７年,,,,,,,,,,,,,,,,,,,,,,,,,,,,,,,,,,,,,,,,,,,,,,,,,,,,,,,,,
,,,,合計(１月〜３月),１月,２月,３月,４月,５月,６月,７月,８月,９月,１０月,１１月,１２月,,,,,,,,,,,,,,,,,,,,,,,,,,,,,,,,,,,,,,,,,,,,,
認知件数,,,,833,204,331,298,336,228,280,368,266,318,383,337,348,,,,,,,,,,,,,,,,,,,,,,,,,,,,,,,,,,,,,,,,,,,,,
,,うち既遂,,777,186,311,280,315,211,261,343,247,297,363,319,335,,,,,,,,,,,,,,,,,,,,,,,,,,,,,,,,,,,,,,,,,,,,,
実質的な被害総額(単位：円),,,,"3,254,251,880","969,594,880","1,100,081,000","1,184,576,000","1,942,408,000","822,880,000","825,559,000","1,385,924,000","925,701,000","1,331,552,000","1,655,022,000","1,249,559,000","1,271,931,000",,,,,,,,,,,,,,,,,,,,,,,,,,,,,,,,,,,,,,,,,,,,,
検挙件数,,,,476,138,164,174,146,204,212,200,193,188,244,248,238,,,,,,,,,,,,,,,,,,,,,,,,,,,,,,,,,,,,,,,,,,,,,
検挙人員,,,,230,70,74,86,74,93,126,78,100,100,121,154,125,,,,,,,,,,,,,,,,,,,,,,,,,,,,,,,,,,,,,,,,,,,,,
,,,,,,,,,,,,,,,,,,,,,,,,,,,,,,,,,,,,,,,,,,,,,,,,,,,,,,,,,,,,,
,,,,,,,,,,,,,,,,,,,,,,,,,,,,,,,,,,,,,,,,,,,,,,,,,,,,,,,,,,,,,
平成２０年以前,,,,平成１６年,平成１７年,平成１８年,平成１９年,平成２０年,,,,,,,,,,,,,,,,,,,,,,,,,,,,,,,,,,,,,,,,,,,,,,,,,,,,,
認知件数,,,,"14,874","6,854","7,093","6,430","7,615",,,,,,,,,,,,,,,,,,,,,,,,,,,,,,,,,,,,,,,,,,,,,,,,,,,,,
,,うち既遂,,"9,515","5,682","6,797","6,300","7,407",,,,,,,,,,,,,,,,,,,,,,,,,,,,,,,,,,,,,,,,,,,,,,,,,,,,,
被害総額（平成22年〜実質的な被害総額）(単位：円),,,,"19,128,729,104","12,862,013,578","14,676,261,337","14,532,904,592","15,519,282,494",,,,,,,,,,,,,,,,,,,,,,,,,,,,,,,,,,,,,,,,,,,,,,,,,,,,,
検挙件数,,,,954,"1,142",975,820,"1,432",,,,,,,,,,,,,,,,,,,,,,,,,,,,,,,,,,,,,,,,,,,,,,,,,,,,,
検挙人員,,,,305,325,254,197,345,,,,,,,,,,,,,,,,,,,,,,,,,,,,,,,,,,,,,,,,,,,,,,,,,,,,,
,,,,,,,,,,,,,,,,,,,,,,,,,,,,,,,,,,,,,,,,,,,,,,,,,,,,,,,,,,,,,
,,,,,,,,,,,,,,,,,,,,,,,,,,,,,,,,,,,,,,,,,,,,,,,,,,,,,,,,,,,,,
平成２１〜３０年,,,,平成２１年,平成２２年,平成２３年,平成２４年,平成２５年,平成２６年,平成２７年,平成２８年,平成２９年,平成３０年,,,,,,,,,,,,,,,,,,,,,,,,,,,,,,,,,,,,,,,,,,,,,,,,
認知件数,,,,"3,057","4,418","4,656","3,634","5,396","5,557","5,828","5,753","8,496","9,145",,,,,,,,,,,,,,,,,,,,,,,,,,,,,,,,,,,,,,,,,,,,,,,,
,,うち既遂,,"2,928","4,267","4,411","3,261","4,745","4,855","5,134","5,112","7,716","8,397",,,,,,,,,,,,,,,,,,,,,,,,,,,,,,,,,,,,,,,,,,,,,,,,
被害総額（平成22年〜実質的な被害総額）(単位：円),,,,"5,202,663,725","7,918,270,373","10,705,026,363","11,199,903,000","17,132,755,203","17,490,283,836","17,509,045,980","16,714,510,670","20,793,790,944","18,890,604,199",,,,,,,,,,,,,,,,,,,,,,,,,,,,,,,,,,,,,,,,,,,,,,,,
検挙件数,,,,"2,086","1,742","1,668","1,802","1,749","1,793","1,958","1,974","2,716","3,401",,,,,,,,,,,,,,,,,,,,,,,,,,,,,,,,,,,,,,,,,,,,,,,,
検挙人員,,,,507,388,580,840,"1,017","1,233","1,266","1,312","1,644","1,904",,,,,,,,,,,,,,,,,,,,,,,,,,,,,,,,,,,,,,,,,,,,,,,,
,,,,,,,,,,,,,,,,,,,,,,,,,,,,,,,,,,,,,,,,,,,,,,,,,,,,,,,,,,,,,
,,,,,,,,,,,,,,,,,,,,,,,,,,,,,,,,,,,,,,,,,,,,,,,,,,,,,,,,,,,,,
令和元年以降,,,,令和元年,令和２年,令和３年,令和４年,令和５年,令和６年,令和７年,,,,,,,,,,,,,,,,,,,,,,,,,,,,,,,,,,,,,,,,,,,,,,,,,,,
認知件数,,,,"6,725","2,272","3,085","4,287","3,955","6,752","3,697",,,,,,,,,,,,,,,,,,,,,,,,,,,,,,,,,,,,,,,,,,,,,,,,,,,
,,うち既遂,,"6,119","2,072","2,811","3,970","3,714","6,472","3,468",,,,,,,,,,,,,,,,,,,,,,,,,,,,,,,,,,,,,,,,,,,,,,,,,,,
被害総額（平成22年〜実質的な被害総額）(単位：円),,,,"11,764,634,718","6,792,410,000","9,060,728,729","12,933,603,000","13,348,134,110","45,842,900,700","14,664,787,880",,,,,,,,,,,,,,,,,,,,,,,,,,,,,,,,,,,,,,,,,,,,,,,,,,,
検挙件数,,,,"3,274","1,890","1,460","1,771","2,126","1,776","2,349",,,,,,,,,,,,,,,,,,,,,,,,,,,,,,,,,,,,,,,,,,,,,,,,,,,
検挙人員,,,,"1,669",634,782,967,973,902,"1,201",,,,,,,,,,,,,,,,,,,,,,,,,,,,,,,,,,,,,,,,,,,,,,,,,,,
,,,,,,,,,,,,,,,,,,,,,,,,,,,,,,,,,,,,,,,,,,,,,,,,,,,,,,,,,,,,,
（注１）オレオレ詐欺とは、親族、警察官、弁護士等を装い、親族が起こした事件・事故に対する示談金等を名目に金銭等をだまし取る（脅し取る）ものをいう。,,,,,,,,,,,,,,,,,,,,,,,,,,,,,,,,,,,,,,,,,,,,,,,,,,,,,,,,,,,,,
（注２）令和８年から、検挙件数及び検挙人員には、オレオレ詐欺のほか、犯罪収益が同詐欺に由来する組織的犯罪処罰法違反を含む。,,,,,,,,,,,,,,,,,,,,,,,,,,,,,,,,,,,,,,,,,,,,,,,,,,,,,,,,,,,,,
,,,,,,,,,,,,,,,,,,,,,,,,,,,,,,,,,,,,,,,,,,,,,,,,,,,,,,,,,,,,,
２−４(2)　オレオレ詐欺　形態（文言）別　認知件数,,,,,,,,,,,,,,,,,,,,,,,,,,,,,,,,,,,,,,,,,,,,,,,,,,,,,,,,,,,,,
,,,,令和８年,,,,,,,,,,,,,,,,,,,,,,,,,,,,,,,,,,,,,,,,,,,,,,,,,,,,,,,,,
,,,,合計(１月〜３月),１月,２月,３月,４月,５月,６月,７月,８月,９月,１０月,１１月,１２月,,,,,,,,,,,,,,,,,,,,,,,,,,,,,,,,,,,,,,,,,,,,,
傷害事件等示談金名目,,,,11,1,2,8,,,,,,,,,,,,,,,,,,,,,,,,,,,,,,,,,,,,,,,,,,,,,,,,,,,,,,
横領事件等示談金名目,,,,3,2,0,1,,,,,,,,,,,,,,,,,,,,,,,,,,,,,,,,,,,,,,,,,,,,,,,,,,,,,,
痴漢事件等示談金名目,,,,0,0,0,0,,,,,,,,,,,,,,,,,,,,,,,,,,,,,,,,,,,,,,,,,,,,,,,,,,,,,,
妊娠中絶費用等名目,,,,135,33,46,56,,,,,,,,,,,,,,,,,,,,,,,,,,,,,,,,,,,,,,,,,,,,,,,,,,,,,,
借金等の返済名目,,,,90,25,32,33,,,,,,,,,,,,,,,,,,,,,,,,,,,,,,,,,,,,,,,,,,,,,,,,,,,,,,
損失補填金等名目,,,,313,80,92,141,,,,,,,,,,,,,,,,,,,,,,,,,,,,,,,,,,,,,,,,,,,,,,,,,,,,,,
その他の名目,,,,236,54,89,93,,,,,,,,,,,,,,,,,,,,,,,,,,,,,,,,,,,,,,,,,,,,,,,,,,,,,,
合計,,,,788,195,261,332,,,,,,,,,,,,,,,,,,,,,,,,,,,,,,,,,,,,,,,,,,,,,,,,,,,,,,
,,,,,,,,,,,,,,,,,,,,,,,,,,,,,,,,,,,,,,,,,,,,,,,,,,,,,,,,,,,,,
,,,,平成１６年,平成１７年,平成１８年,平成１９年,平成２０年,平成２１年,,,,,,,,,,,,,,,,,,,,,,,,,,,,,,,,,,,,,,,,,,,,,,,,,,,,
交通事故示談金名目,,,,"8,832","1,248",241,129,153,91,,,,,,,,,,,,,,,,,,,,,,,,,,,,,,,,,,,,,,,,,,,,,,,,,,,,
サラ金等借金返済名目,,,,"3,430","1,204","1,845","2,025","2,330","1,333",,,,,,,,,,,,,,,,,,,,,,,,,,,,,,,,,,,,,,,,,,,,,,,,,,,,
妊娠中絶手術費用名目,,,,693,65,146,299,463,115,,,,,,,,,,,,,,,,,,,,,,,,,,,,,,,,,,,,,,,,,,,,,,,,,,,,
身の代金目的誘拐等,,,,415,132,1,0,1,0,,,,,,,,,,,,,,,,,,,,,,,,,,,,,,,,,,,,,,,,,,,,,,,,,,,,
その他の名目,公共交通機関での痴漢示談金,,,"1,504","1,512",680,93,41,5,,,,,,,,,,,,,,,,,,,,,,,,,,,,,,,,,,,,,,,,,,,,,,,,,,,,
,わいせつ行為示談金,,,,643,317,374,104,5,,,,,,,,,,,,,,,,,,,,,,,,,,,,,,,,,,,,,,,,,,,,,,,,,,,,
,医療過誤示談金,,,,217,33,24,49,2,,,,,,,,,,,,,,,,,,,,,,,,,,,,,,,,,,,,,,,,,,,,,,,,,,,,
,会社でのトラブル・横領等の補填金,,,,718,"2,885","2,725","2,962",669,,,,,,,,,,,,,,,,,,,,,,,,,,,,,,,,,,,,,,,,,,,,,,,,,,,,
,その他,,,,"1,115",945,761,"1,512",837,,,,,,,,,,,,,,,,,,,,,,,,,,,,,,,,,,,,,,,,,,,,,,,,,,,,
合計,,,,"14,874","6,854","7,093","6,430","7,615","3,057",,,,,,,,,,,,,,,,,,,,,,,,,,,,,,,,,,,,,,,,,,,,,,,,,,,,
,,,,,,,,,,,,,,,,,,,,,,,,,,,,,,,,,,,,,,,,,,,,,,,,,,,,,,,,,,,,,
,,,,平成２２年,平成２３年,平成２４年,平成２５年,平成２６年,平成２７年,平成２８年,平成２９年,平成３０年,令和元年,,,,,,,,,,,,,,,,,,,,,,,,,,,,,,,,,,,,,,,,,,,,,,,,
傷害事件等示談金名目,,,,63,37,20,4,17,60,33,27,30,25,,,,,,,,,,,,,,,,,,,,,,,,,,,,,,,,,,,,,,,,,,,,,,,,
横領事件等示談金名目,,,,587,533,510,557,698,636,760,818,912,326,,,,,,,,,,,,,,,,,,,,,,,,,,,,,,,,,,,,,,,,,,,,,,,,
痴漢事件等示談金名目,,,,2,4,5,37,16,9,11,1,15,13,,,,,,,,,,,,,,,,,,,,,,,,,,,,,,,,,,,,,,,,,,,,,,,,
妊娠中絶費用等名目,,,,287,654,770,644,592,489,344,365,162,81,,,,,,,,,,,,,,,,,,,,,,,,,,,,,,,,,,,,,,,,,,,,,,,,
借金等の返済名目,,,,"1,413","1,371",506,566,419,517,484,618,477,260,,,,,,,,,,,,,,,,,,,,,,,,,,,,,,,,,,,,,,,,,,,,,,,,
その他の名目,,,,"2,066","2,057","1,823","3,588","3,815","4,117","4,121","6,667","7,549","6,020",,,,,,,,,,,,,,,,,,,,,,,,,,,,,,,,,,,,,,,,,,,,,,,,
合計,,,,"4,418","4,656","3,634","5,396","5,557","5,828","5,753","8,496","9,145","6,725",,,,,,,,,,,,,,,,,,,,,,,,,,,,,,,,,,,,,,,,,,,,,,,,
,,,,,,,,,,,,,,,,,,,,,,,,,,,,,,,,,,,,,,,,,,,,,,,,,,,,,,,,,,,,,
,,,,令和２年,令和３年,令和４年,令和５年,令和６年,令和７年,,,,,,,,,,,,,,,,,,,,,,,,,,,,,,,,,,,,,,,,,,,,,,,,,,,,
傷害事件等示談金名目,,,,23,25,32,25,44,66,,,,,,,,,,,,,,,,,,,,,,,,,,,,,,,,,,,,,,,,,,,,,,,,,,,,
横領事件等示談金名目,,,,118,112,104,52,49,0,,,,,,,,,,,,,,,,,,,,,,,,,,,,,,,,,,,,,,,,,,,,,,,,,,,,
痴漢事件等示談金名目,,,,6,6,39,8,3,11,,,,,,,,,,,,,,,,,,,,,,,,,,,,,,,,,,,,,,,,,,,,,,,,,,,,
妊娠中絶費用等名目,,,,40,74,174,315,445,455,,,,,,,,,,,,,,,,,,,,,,,,,,,,,,,,,,,,,,,,,,,,,,,,,,,,
借金等の返済名目,,,,111,87,84,110,83,148,,,,,,,,,,,,,,,,,,,,,,,,,,,,,,,,,,,,,,,,,,,,,,,,,,,,
損失補填金等名目,,,,"1,377","1,924","2,964","2,427","1,867","1,774",,,,,,,,,,,,,,,,,,,,,,,,,,,,,,,,,,,,,,,,,,,,,,,,,,,,
その他の名目,,,,597,857,890,"1,018","4,261","1,243",,,,,,,,,,,,,,,,,,,,,,,,,,,,,,,,,,,,,,,,,,,,,,,,,,,,
合計,,,,"2,272","3,085","4,287","3,955","6,752","3,697",,,,,,,,,,,,,,,,,,,,,,,,,,,,,,,,,,,,,,,,,,,,,,,,,,,,
,,,,,,,,,,,,,,,,,,,,,,,,,,,,,,,,,,,,,,,,,,,,,,,,,,,,,,,,,,,,,
（注）平成２２年１月以降は、「傷害事件等示談金名目」「横領事件等示談金名目」「痴漢事件等示談金名目」「妊娠中絶費用等名目」「借金等の返済名目」「その他の名目」に分けて集計した。令和２年１月以降は、「損失補填金等名目」を追加した。,,,,,,,,,,,,,,,,,,,,,,,,,,,,,,,,,,,,,,,,,,,,,,,,,,,,,,,,,,,,,
,,,,,,,,,,,,,,,,,,,,,,,,,,,,,,,,,,,,,,,,,,,,,,,,,,,,,,,,,,,,,
,,,,,,,,,,,,,,,,,,,,,,,,,,,,,,,,,,,,,,,,,,,,,,,,,,,,,,,,,,,,,
２−５　預貯金詐欺,,,,,,,,,,,,,,,,,,,,,,,,,,,,,,,,,,,,,,,,,,,,,,,,,,,,,,,,,,,,,
,,,,令和８年,,,,,,,,,,,,,,,,,,,,,,,,,,,,,,,,,,,,,,,,,,,,,,,,,,,,,,,,,
,,,,合計(１月〜３月),１月,２月,３月,４月,５月,６月,７月,８月,９月,１０月,１１月,１２月,,,,,,,,,,,,,,,,,,,,,,,,,,,,,,,,,,,,,,,,,,,,,
認知件数,,,,234,61,87,86,,,,,,,,,,,,,,,,,,,,,,,,,,,,,,,,,,,,,,,,,,,,,,,,,,,,,,
,,うち既遂,,224,57,85,82,,,,,,,,,,,,,,,,,,,,,,,,,,,,,,,,,,,,,,,,,,,,,,,,,,,,,,
実質的な被害総額(単位：円),,,,"225,898,426","78,109,226","76,089,000","71,700,200",,,,,,,,,,,,,,,,,,,,,,,,,,,,,,,,,,,,,,,,,,,,,,,,,,,,,,
検挙件数,,,,255,76,77,102,,,,,,,,,,,,,,,,,,,,,,,,,,,,,,,,,,,,,,,,,,,,,,,,,,,,,,
検挙人員,,,,67,22,19,26,,,,,,,,,,,,,,,,,,,,,,,,,,,,,,,,,,,,,,,,,,,,,,,,,,,,,,
,,,,,,,,,,,,,,,,,,,,,,,,,,,,,,,,,,,,,,,,,,,,,,,,,,,,,,,,,,,,,
,,,,令和７年,,,,,,,,,,,,,,,,,,,,,,,,,,,,,,,,,,,,,,,,,,,,,,,,,,,,,,,,,
,,,,合計(１月〜３月),１月,２月,３月,４月,５月,６月,７月,８月,９月,１０月,１１月,１２月,,,,,,,,,,,,,,,,,,,,,,,,,,,,,,,,,,,,,,,,,,,,,
認知件数,,,,462,157,151,154,151,131,153,145,121,94,104,110,94,,,,,,,,,,,,,,,,,,,,,,,,,,,,,,,,,,,,,,,,,,,,,
,,うち既遂,,443,151,146,146,148,129,147,137,117,91,103,106,87,,,,,,,,,,,,,,,,,,,,,,,,,,,,,,,,,,,,,,,,,,,,,
実質的な被害総額(単位：円),,,,"394,196,000","138,762,000","131,120,000","124,314,000","165,559,000","146,632,000","165,050,860","230,267,000","131,413,000","99,074,000","102,923,000","114,835,000","152,080,540",,,,,,,,,,,,,,,,,,,,,,,,,,,,,,,,,,,,,,,,,,,,,
検挙件数,,,,317,83,112,122,94,107,146,111,129,93,131,172,114,,,,,,,,,,,,,,,,,,,,,,,,,,,,,,,,,,,,,,,,,,,,,
検挙人員,,,,63,18,29,16,30,26,28,34,35,35,29,57,38,,,,,,,,,,,,,,,,,,,,,,,,,,,,,,,,,,,,,,,,,,,,,
,,,,,,,,,,,,,,,,,,,,,,,,,,,,,,,,,,,,,,,,,,,,,,,,,,,,,,,,,,,,,
,,,,令和２年,令和３年,令和４年,令和５年,令和６年,令和７年,,,,,,,,,,,,,,,,,,,,,,,,,,,,,,,,,,,,,,,,,,,,,,,,,,,,
認知件数,,,,"4,135","2,431","2,363","2,754","2,276","1,565",,,,,,,,,,,,,,,,,,,,,,,,,,,,,,,,,,,,,,,,,,,,,,,,,,,,
,,うち既遂,,"3,884","2,262","2,203","2,661","2,193","1,508",,,,,,,,,,,,,,,,,,,,,,,,,,,,,,,,,,,,,,,,,,,,,,,,,,,,
実質的な被害総額(単位：円),,,,"5,819,412,799","3,058,074,459","2,889,621,574","3,846,364,500","2,551,871,450","1,702,030,400",,,,,,,,,,,,,,,,,,,,,,,,,,,,,,,,,,,,,,,,,,,,,,,,,,,,
検挙件数,,,,"1,715","2,128","1,425","1,724","1,664","1,414",,,,,,,,,,,,,,,,,,,,,,,,,,,,,,,,,,,,,,,,,,,,,,,,,,,,
検挙人員,,,,940,713,574,564,450,375,,,,,,,,,,,,,,,,,,,,,,,,,,,,,,,,,,,,,,,,,,,,,,,,,,,,
（注１）預貯金詐欺とは、親族、警察官、銀行協会職員等を装い、「あなたの口座が犯罪に利用されており、キャッシュカードの交換手続が必要である」などの名目で、キャッシュカード、クレジットカード、預貯金通帳等をだまし取る（脅し取る）ものをいう。,,,,,,,,,,,,,,,,,,,,,,,,,,,,,,,,,,,,,,,,,,,,,,,,,,,,,,,,,,,,,
（注２）従来オレオレ詐欺に包含されていた犯行形態を令和２年１月から新たな手口として分類した。,,,,,,,,,,,,,,,,,,,,,,,,,,,,,,,,,,,,,,,,,,,,,,,,,,,,,,,,,,,,,
（注３）令和８年から、検挙件数及び検挙人員には、預貯金詐欺のほか、犯罪収益が同詐欺に由来する組織的犯罪処罰法違反を含む。,,,,,,,,,,,,,,,,,,,,,,,,,,,,,,,,,,,,,,,,,,,,,,,,,,,,,,,,,,,,,
,,,,,,,,,,,,,,,,,,,,,,,,,,,,,,,,,,,,,,,,,,,,,,,,,,,,,,,,,,,,,
２−６(1)　架空料金請求詐欺,,,,,,,,,,,,,,,,,,,,,,,,,,,,,,,,,,,,,,,,,,,,,,,,,,,,,,,,,,,,,
,,,,令和８年,,,,,,,,,,,,,,,,,,,,,,,,,,,,,,,,,,,,,,,,,,,,,,,,,,,,,,,,,
,,,,合計(１月〜３月),１月,２月,３月,４月,５月,６月,７月,８月,９月,１０月,１１月,１２月,,,,,,,,,,,,,,,,,,,,,,,,,,,,,,,,,,,,,,,,,,,,,
認知件数,,,,"1,556",462,463,631,,,,,,,,,,,,,,,,,,,,,,,,,,,,,,,,,,,,,,,,,,,,,,,,,,,,,,
,,うち既遂,,"1,495",450,442,603,,,,,,,,,,,,,,,,,,,,,,,,,,,,,,,,,,,,,,,,,,,,,,,,,,,,,,
実質的な被害総額(単位：円),,,,"4,340,388,000","1,951,034,000","1,053,092,000","1,336,262,000",,,,,,,,,,,,,,,,,,,,,,,,,,,,,,,,,,,,,,,,,,,,,,,,,,,,,,
検挙件数,,,,84,25,28,31,,,,,,,,,,,,,,,,,,,,,,,,,,,,,,,,,,,,,,,,,,,,,,,,,,,,,,
検挙人員,,,,32,14,11,7,,,,,,,,,,,,,,,,,,,,,,,,,,,,,,,,,,,,,,,,,,,,,,,,,,,,,,
,,,,,,,,,,,,,,,,,,,,,,,,,,,,,,,,,,,,,,,,,,,,,,,,,,,,,,,,,,,,,
,,,,令和７年,,,,,,,,,,,,,,,,,,,,,,,,,,,,,,,,,,,,,,,,,,,,,,,,,,,,,,,,,
,,,,合計(１月〜３月),１月,２月,３月,４月,５月,６月,７月,８月,９月,１０月,１１月,１２月,,,,,,,,,,,,,,,,,,,,,,,,,,,,,,,,,,,,,,,,,,,,,
認知件数,,,,"1,529",509,549,471,404,498,430,366,459,480,498,447,553,,,,,,,,,,,,,,,,,,,,,,,,,,,,,,,,,,,,,,,,,,,,,
,,うち既遂,,"1,459",466,534,459,380,474,386,363,447,470,490,431,544,,,,,,,,,,,,,,,,,,,,,,,,,,,,,,,,,,,,,,,,,,,,,
実質的な被害総額(単位：円),,,,"3,870,419,000","894,346,000","1,556,129,000","1,419,944,000","786,635,000","1,130,238,000","1,004,354,000","723,588,000","811,108,000","1,166,355,000","960,536,000","1,128,245,000","1,263,763,000",,,,,,,,,,,,,,,,,,,,,,,,,,,,,,,,,,,,,,,,,,,,,
検挙件数,,,,118,32,32,54,33,33,45,31,39,106,32,46,21,,,,,,,,,,,,,,,,,,,,,,,,,,,,,,,,,,,,,,,,,,,,,
検挙人員,,,,53,19,17,17,8,8,16,11,11,7,15,22,18,,,,,,,,,,,,,,,,,,,,,,,,,,,,,,,,,,,,,,,,,,,,,
,,,,,,,,,,,,,,,,,,,,,,,,,,,,,,,,,,,,,,,,,,,,,,,,,,,,,,,,,,,,,
,,,,,,,,,,,,,,,,,,,,,,,,,,,,,,,,,,,,,,,,,,,,,,,,,,,,,,,,,,,,,
平成２０年以前,,,,平成１６年,平成１７年,平成１８年,平成１９年,平成２０年,,,,,,,,,,,,,,,,,,,,,,,,,,,,,,,,,,,,,,,,,,,,,,,,,,,,,
認知件数,,,,"5,101","4,826","3,614","3,007","3,253",,,,,,,,,,,,,,,,,,,,,,,,,,,,,,,,,,,,,,,,,,,,,,,,,,,,,
,,うち既遂,,"5,011","4,258","3,570","2,984","3,215",,,,,,,,,,,,,,,,,,,,,,,,,,,,,,,,,,,,,,,,,,,,,,,,,,,,,
被害総額（平成25年〜実質的な被害総額）(単位：円),,,,"5,405,330,934","5,605,918,855","4,886,110,114","3,765,763,583","3,587,122,347",,,,,,,,,,,,,,,,,,,,,,,,,,,,,,,,,,,,,,,,,,,,,,,,,,,,,
検挙件数,,,,294,821,"1,123","1,252","1,074",,,,,,,,,,,,,,,,,,,,,,,,,,,,,,,,,,,,,,,,,,,,,,,,,,,,,
検挙人員,,,,207,285,339,132,154,,,,,,,,,,,,,,,,,,,,,,,,,,,,,,,,,,,,,,,,,,,,,,,,,,,,,
,,,,,,,,,,,,,,,,,,,,,,,,,,,,,,,,,,,,,,,,,,,,,,,,,,,,,,,,,,,,,
,,,,,,,,,,,,,,,,,,,,,,,,,,,,,,,,,,,,,,,,,,,,,,,,,,,,,,,,,,,,,
平成２１〜３０年,,,,平成２１年,平成２２年,平成２３年,平成２４年,平成２５年,平成２６年,平成２７年,平成２８年,平成２９年,平成３０年,,,,,,,,,,,,,,,,,,,,,,,,,,,,,,,,,,,,,,,,,,,,,,,,
認知件数,,,,"2,493","1,774",756,"1,177","1,522","3,180","4,097","3,742","5,753","4,844",,,,,,,,,,,,,,,,,,,,,,,,,,,,,,,,,,,,,,,,,,,,,,,,
,,うち既遂,,"2,444","1,759",735,"1,115","1,463","3,045","3,821","3,541","5,590","4,706",,,,,,,,,,,,,,,,,,,,,,,,,,,,,,,,,,,,,,,,,,,,,,,,
被害総額（平成25年〜実質的な被害総額）(単位：円),,,,"3,182,296,949","1,752,071,081","1,038,157,000","3,010,488,000","6,339,024,000","17,581,405,496","18,752,959,041","15,826,116,417","12,766,147,720","13,839,782,508",,,,,,,,,,,,,,,,,,,,,,,,,,,,,,,,,,,,,,,,,,,,,,,,
検挙件数,,,,"1,137","1,607",706,370,354,293,"1,119","1,149","1,034","1,271",,,,,,,,,,,,,,,,,,,,,,,,,,,,,,,,,,,,,,,,,,,,,,,,
検挙人員,,,,247,224,178,165,156,231,762,732,575,626,,,,,,,,,,,,,,,,,,,,,,,,,,,,,,,,,,,,,,,,,,,,,,,,
,,,,,,,,,,,,,,,,,,,,,,,,,,,,,,,,,,,,,,,,,,,,,,,,,,,,,,,,,,,,,
,,,,,,,,,,,,,,,,,,,,,,,,,,,,,,,,,,,,,,,,,,,,,,,,,,,,,,,,,,,,,
令和元年以降,,,,令和元年,令和２年,令和３年,令和４年,令和５年,令和６年,令和７年,,,,,,,,,,,,,,,,,,,,,,,,,,,,,,,,,,,,,,,,,,,,,,,,,,,
認知件数,,,,"3,533","2,010","2,117","2,922","5,198","5,716","5,664",,,,,,,,,,,,,,,,,,,,,,,,,,,,,,,,,,,,,,,,,,,,,,,,,,,
,,うち既遂,,"3,419","1,966","2,101","2,885","5,137","5,600","5,444",,,,,,,,,,,,,,,,,,,,,,,,,,,,,,,,,,,,,,,,,,,,,,,,,,,
被害総額（平成25年〜実質的な被害総額）(単位：円),,,,"9,859,159,587","7,975,541,000","6,807,621,000","10,177,798,000","14,038,598,000","13,384,799,000","12,845,241,000",,,,,,,,,,,,,,,,,,,,,,,,,,,,,,,,,,,,,,,,,,,,,,,,,,,
検挙件数,,,,"1,381",490,251,177,334,533,504,,,,,,,,,,,,,,,,,,,,,,,,,,,,,,,,,,,,,,,,,,,,,,,,,,,
検挙人員,,,,610,158,123,136,172,281,169,,,,,,,,,,,,,,,,,,,,,,,,,,,,,,,,,,,,,,,,,,,,,,,,,,,
,,,,,,,,,,,,,,,,,,,,,,,,,,,,,,,,,,,,,,,,,,,,,,,,,,,,,,,,,,,,,
（注１）架空料金請求詐欺とは、未払いの料金があるなど架空の事実を口実とし金銭等をだまし取る（脅し取る）ものをいう。,,,,,,,,,,,,,,,,,,,,,,,,,,,,,,,,,,,,,,,,,,,,,,,,,,,,,,,,,,,,,
（注２）令和８年から、検挙件数及び検挙人員には、架空料金請求詐欺のほか、犯罪収益が同詐欺に由来する組織的犯罪処罰法違反を含む。,,,,,,,,,,,,,,,,,,,,,,,,,,,,,,,,,,,,,,,,,,,,,,,,,,,,,,,,,,,,,
,,,,,,,,,,,,,,,,,,,,,,,,,,,,,,,,,,,,,,,,,,,,,,,,,,,,,,,,,,,,,
２−６(2)　架空料金請求詐欺　形態（文言）別　認知件数,,,,,,,,,,,,,,,,,,,,,,,,,,,,,,,,,,,,,,,,,,,,,,,,,,,,,,,,,,,,,
,,,,令和８年,,,,,,,,,,,,,,,,,,,,,,,,,,,,,,,,,,,,,,,,,,,,,,,,,,,,,,,,,
,,,,合計(１月〜３月),１月,２月,３月,４月,５月,６月,７月,８月,９月,１０月,１１月,１２月,,,,,,,,,,,,,,,,,,,,,,,,,,,,,,,,,,,,,,,,,,,,,
有料サイト利用料金等名目,,,,142,35,46,61,,,,,,,,,,,,,,,,,,,,,,,,,,,,,,,,,,,,,,,,,,,,,,,,,,,,,,
名義貸しトラブル等名目,,,,1,1,0,0,,,,,,,,,,,,,,,,,,,,,,,,,,,,,,,,,,,,,,,,,,,,,,,,,,,,,,
情報買取抹消料金等名目,,,,2,1,1,0,,,,,,,,,,,,,,,,,,,,,,,,,,,,,,,,,,,,,,,,,,,,,,,,,,,,,,
訴訟関係費用等名目,,,,13,1,6,6,,,,,,,,,,,,,,,,,,,,,,,,,,,,,,,,,,,,,,,,,,,,,,,,,,,,,,
サポート名目,,,,319,69,111,139,,,,,,,,,,,,,,,,,,,,,,,,,,,,,,,,,,,,,,,,,,,,,,,,,,,,,,
その他の名目,,,,"1,079",355,299,425,,,,,,,,,,,,,,,,,,,,,,,,,,,,,,,,,,,,,,,,,,,,,,,,,,,,,,
合計,,,,"1,556",462,463,631,,,,,,,,,,,,,,,,,,,,,,,,,,,,,,,,,,,,,,,,,,,,,,,,,,,,,,
,,,,,,,,,,,,,,,,,,,,,,,,,,,,,,,,,,,,,,,,,,,,,,,,,,,,,,,,,,,,,
,,,,平成１６年,平成１７年,平成１８年,平成１９年,平成２０年,平成２１年,,,,,,,,,,,,,,,,,,,,,,,,,,,,,,,,,,,,,,,,,,,,,,,,,,,,
有料サイト利用料金名目,,,,"2,646","2,908","1,787","1,446","2,100","1,608",,,,,,,,,,,,,,,,,,,,,,,,,,,,,,,,,,,,,,,,,,,,,,,,,,,,
借金返済・債権回収名目,,,,"1,966","1,008",648,374,87,31,,,,,,,,,,,,,,,,,,,,,,,,,,,,,,,,,,,,,,,,,,,,,,,,,,,,
訴訟関係費用等名目,,,,,,,368,515,370,,,,,,,,,,,,,,,,,,,,,,,,,,,,,,,,,,,,,,,,,,,,,,,,,,,,
情報購入代金等名目,,,,,,,140,224,141,,,,,,,,,,,,,,,,,,,,,,,,,,,,,,,,,,,,,,,,,,,,,,,,,,,,
その他の名目,,,,489,910,"1,179",679,327,343,,,,,,,,,,,,,,,,,,,,,,,,,,,,,,,,,,,,,,,,,,,,,,,,,,,,
合計,,,,"5,101","4,826","3,614","3,007","3,253","2,493",,,,,,,,,,,,,,,,,,,,,,,,,,,,,,,,,,,,,,,,,,,,,,,,,,,,
,,,,,,,,,,,,,,,,,,,,,,,,,,,,,,,,,,,,,,,,,,,,,,,,,,,,,,,,,,,,,
,,,,平成２２年,平成２３年,平成２４年,平成２５年,平成２６年,平成２７年,平成２８年,平成２９年,平成３０年,令和元年,,,,,,,,,,,,,,,,,,,,,,,,,,,,,,,,,,,,,,,,,,,,,,,,
有料サイト利用料金等名目,,,,"1,084",271,403,479,764,"1,523","1,857","3,497","2,137","1,351",,,,,,,,,,,,,,,,,,,,,,,,,,,,,,,,,,,,,,,,,,,,,,,,
その他各種サービス利用料金等名目,,,,42,24,28,30,55,52,37,238,142,141,,,,,,,,,,,,,,,,,,,,,,,,,,,,,,,,,,,,,,,,,,,,,,,,
情報購入代金等名目,,,,51,46,54,206,237,193,84,87,52,27,,,,,,,,,,,,,,,,,,,,,,,,,,,,,,,,,,,,,,,,,,,,,,,,
訴訟関係費用等名目,,,,108,54,78,152,221,210,245,461,965,554,,,,,,,,,,,,,,,,,,,,,,,,,,,,,,,,,,,,,,,,,,,,,,,,
その他の名目,,,,489,361,614,655,"1,903","2,119","1,519","1,470","1,548","1,460",,,,,,,,,,,,,,,,,,,,,,,,,,,,,,,,,,,,,,,,,,,,,,,,
合計,,,,"1,774",756,"1,177","1,522","3,180","4,097","3,742","5,753","4,844","3,533",,,,,,,,,,,,,,,,,,,,,,,,,,,,,,,,,,,,,,,,,,,,,,,,
,,,,,,,,,,,,,,,,,,,,,,,,,,,,,,,,,,,,,,,,,,,,,,,,,,,,,,,,,,,,,
,,,,令和２年,令和３年,令和４年,令和５年,令和６年,令和７年,,,,,,,,,,,,,,,,,,,,,,,,,,,,,,,,,,,,,,,,,,,,,,,,,,,,
有料サイト利用料金等名目,,,,"1,046",915,"1,133","1,665","1,640","1,146",,,,,,,,,,,,,,,,,,,,,,,,,,,,,,,,,,,,,,,,,,,,,,,,,,,,
名義貸しトラブル等名目,,,,137,92,229,314,106,26,,,,,,,,,,,,,,,,,,,,,,,,,,,,,,,,,,,,,,,,,,,,,,,,,,,,
情報買取抹消料金等名目,,,,12,21,11,5,1,8,,,,,,,,,,,,,,,,,,,,,,,,,,,,,,,,,,,,,,,,,,,,,,,,,,,,
訴訟関係費用等名目,,,,134,77,68,78,103,68,,,,,,,,,,,,,,,,,,,,,,,,,,,,,,,,,,,,,,,,,,,,,,,,,,,,
サポート名目,,,,,,,"2,169","1,524","1,064",,,,,,,,,,,,,,,,,,,,,,,,,,,,,,,,,,,,,,,,,,,,,,,,,,,,
その他の名目,,,,681,"1,012","1,481",967,"2,342","3,352",,,,,,,,,,,,,,,,,,,,,,,,,,,,,,,,,,,,,,,,,,,,,,,,,,,,
合計,,,,"2,010","2,117","2,922","5,198","5,716","5,664",,,,,,,,,,,,,,,,,,,,,,,,,,,,,,,,,,,,,,,,,,,,,,,,,,,,
,,,,,,,,,,,,,,,,,,,,,,,,,,,,,,,,,,,,,,,,,,,,,,,,,,,,,,,,,,,,,
（注１）平成１９年７月から、「訴訟関係費用等名目」及び「情報購入代金等名目」を追加した。,,,,,,,,,,,,,,,,,,,,,,,,,,,,,,,,,,,,,,,,,,,,,,,,,,,,,,,,,,,,,
（注２）平成２２年から「その他各種サービス利用料金等名目」を追加し、「借金返済・債権回収名目」を削除した。,,,,,,,,,,,,,,,,,,,,,,,,,,,,,,,,,,,,,,,,,,,,,,,,,,,,,,,,,,,,,
（注３）令和２年１月以降は、「名義貸しトラブル等名目」を追加し、「その他各種サービス利用料金等名目」を削除した。また、「情報購入代金等名目」を「情報買取抹消料金等名目」に変更した。,,,,,,,,,,,,,,,,,,,,,,,,,,,,,,,,,,,,,,,,,,,,,,,,,,,,,,,,,,,,,
（注４）令和５年から、「サポート名目」を追加した。,,,,,,,,,,,,,,,,,,,,,,,,,,,,,,,,,,,,,,,,,,,,,,,,,,,,,,,,,,,,,
,,,,,,,,,,,,,,,,,,,,,,,,,,,,,,,,,,,,,,,,,,,,,,,,,,,,,,,,,,,,,
,,,,,,,,,,,,,,,,,,,,,,,,,,,,,,,,,,,,,,,,,,,,,,,,,,,,,,,,,,,,,
２−７(1)　還付金詐欺,,,,,,,,,,,,,,,,,,,,,,,,,,,,,,,,,,,,,,,,,,,,,,,,,,,,,,,,,,,,,
,,,,令和８年,,,,,,,,,,,,,,,,,,,,,,,,,,,,,,,,,,,,,,,,,,,,,,,,,,,,,,,,,
,,,,合計(１月〜３月),１月,２月,３月,４月,５月,６月,７月,８月,９月,１０月,１１月,１２月,,,,,,,,,,,,,,,,,,,,,,,,,,,,,,,,,,,,,,,,,,,,,
認知件数,,,,639,116,219,304,,,,,,,,,,,,,,,,,,,,,,,,,,,,,,,,,,,,,,,,,,,,,,,,,,,,,,
,,うち既遂,,639,116,219,304,,,,,,,,,,,,,,,,,,,,,,,,,,,,,,,,,,,,,,,,,,,,,,,,,,,,,,
被害総額（既遂のみ）(単位：円),,,,"1,355,498,000","208,955,000","499,193,000","647,350,000",,,,,,,,,,,,,,,,,,,,,,,,,,,,,,,,,,,,,,,,,,,,,,,,,,,,,,
検挙件数,,,,312,98,86,128,,,,,,,,,,,,,,,,,,,,,,,,,,,,,,,,,,,,,,,,,,,,,,,,,,,,,,
検挙人員,,,,41,18,12,11,,,,,,,,,,,,,,,,,,,,,,,,,,,,,,,,,,,,,,,,,,,,,,,,,,,,,,
,,,,,,,,,,,,,,,,,,,,,,,,,,,,,,,,,,,,,,,,,,,,,,,,,,,,,,,,,,,,,
,,,,令和７年,,,,,,,,,,,,,,,,,,,,,,,,,,,,,,,,,,,,,,,,,,,,,,,,,,,,,,,,,
,,,,合計(１月〜３月),１月,２月,３月,４月,５月,６月,７月,８月,９月,１０月,１１月,１２月,,,,,,,,,,,,,,,,,,,,,,,,,,,,,,,,,,,,,,,,,,,,,
認知件数,,,,922,226,307,389,289,315,275,268,216,244,217,177,256,,,,,,,,,,,,,,,,,,,,,,,,,,,,,,,,,,,,,,,,,,,,,
,,うち既遂,,922,226,307,389,289,315,275,268,216,244,217,177,255,,,,,,,,,,,,,,,,,,,,,,,,,,,,,,,,,,,,,,,,,,,,,
被害総額（既遂のみ）(単位：円),,,,"1,717,386,000","382,281,000","566,818,000","768,287,000","574,563,000","655,888,000","468,406,000","469,916,000","443,964,000","587,816,000","504,497,000","257,222,000","565,284,000",,,,,,,,,,,,,,,,,,,,,,,,,,,,,,,,,,,,,,,,,,,,,
検挙件数,,,,204,46,57,101,59,77,91,74,95,67,73,126,189,,,,,,,,,,,,,,,,,,,,,,,,,,,,,,,,,,,,,,,,,,,,,
検挙人員,,,,45,12,11,22,14,12,12,8,16,16,17,29,28,,,,,,,,,,,,,,,,,,,,,,,,,,,,,,,,,,,,,,,,,,,,,
,,,,,,,,,,,,,,,,,,,,,,,,,,,,,,,,,,,,,,,,,,,,,,,,,,,,,,,,,,,,,
,,,,,,,,,,,,,,,,,,,,,,,,,,,,,,,,,,,,,,,,,,,,,,,,,,,,,,,,,,,,,
平成１８年〜３０年,,,,平成１８年,平成１９年,平成２０年,平成２１年,平成２２年,平成２３年,平成２４年,平成２５年,平成２６年,平成２７年,平成２８年,平成２９年,平成３０年,,,,,,,,,,,,,,,,,,,,,,,,,,,,,,,,,,,,,,,,,,,,,
認知件数,,,,482,"2,571","4,539",299,83,296,"1,133","1,817","1,928","2,376","3,682","3,129","1,904",,,,,,,,,,,,,,,,,,,,,,,,,,,,,,,,,,,,,,,,,,,,,
,,うち既遂,,480,"2,491","4,467",294,82,294,"1,123","1,797","1,908","2,357","3,650","3,107","1,903",,,,,,,,,,,,,,,,,,,,,,,,,,,,,,,,,,,,,,,,,,,,,
被害総額（既遂のみ）(単位：円),,,,"514,891,744","2,986,711,016","4,740,044,176","244,401,419","73,701,563","253,972,000","1,127,673,000","1,687,987,000","1,991,650,000","2,545,991,000","4,260,232,000","3,585,432,000","2,251,116,000",,,,,,,,,,,,,,,,,,,,,,,,,,,,,,,,,,,,,,,,,,,,,
検挙件数,,,,0,121,365,420,240,2,116,146,194,413,735,488,187,,,,,,,,,,,,,,,,,,,,,,,,,,,,,,,,,,,,,,,,,,,,,
検挙人員,,,,0,8,56,33,14,5,12,20,18,36,89,81,49,,,,,,,,,,,,,,,,,,,,,,,,,,,,,,,,,,,,,,,,,,,,,
,,,,,,,,,,,,,,,,,,,,,,,,,,,,,,,,,,,,,,,,,,,,,,,,,,,,,,,,,,,,,
,,,,,,,,,,,,,,,,,,,,,,,,,,,,,,,,,,,,,,,,,,,,,,,,,,,,,,,,,,,,,
令和元年以降,,,,令和元年,令和２年,令和３年,令和４年,令和５年,令和６年,令和７年,,,,,,,,,,,,,,,,,,,,,,,,,,,,,,,,,,,,,,,,,,,,,,,,,,,
認知件数,,,,"2,375","1,804","4,004","4,679","4,185","4,070","3,179",,,,,,,,,,,,,,,,,,,,,,,,,,,,,,,,,,,,,,,,,,,,,,,,,,,
,,うち既遂,,"2,358","1,791","3,986","4,664","4,170","4,067","3,178",,,,,,,,,,,,,,,,,,,,,,,,,,,,,,,,,,,,,,,,,,,,,,,,,,,
被害総額（既遂のみ）(単位：円),,,,"3,010,364,000","2,491,514,000","4,518,427,000","5,367,626,000","5,131,511,000","6,369,672,000","6,244,942,000",,,,,,,,,,,,,,,,,,,,,,,,,,,,,,,,,,,,,,,,,,,,,,,,,,,
検挙件数,,,,376,450,747,"1,061","1,057","1,042","1,055",,,,,,,,,,,,,,,,,,,,,,,,,,,,,,,,,,,,,,,,,,,,,,,,,,,
検挙人員,,,,34,58,111,186,199,211,197,,,,,,,,,,,,,,,,,,,,,,,,,,,,,,,,,,,,,,,,,,,,,,,,,,,
（注１）還付金詐欺とは、税金還付等に必要な手続きを装って被害者にATMを操作させ、口座間送金により財産上の不法の利益を得る電子計算機使用詐欺事件又は詐欺事件をいう。,,,,,,,,,,,,,,,,,,,,,,,,,,,,,,,,,,,,,,,,,,,,,,,,,,,,,,,,,,,,,
（注２）還付金詐欺は平成１８年６月に初めて認知された。,,,,,,,,,,,,,,,,,,,,,,,,,,,,,,,,,,,,,,,,,,,,,,,,,,,,,,,,,,,,,
（注３）令和８年から、検挙件数及び検挙人員には、還付金詐欺のほか、犯罪収益が同詐欺に由来する組織的犯罪処罰法違反を含む。,,,,,,,,,,,,,,,,,,,,,,,,,,,,,,,,,,,,,,,,,,,,,,,,,,,,,,,,,,,,,
,,,,,,,,,,,,,,,,,,,,,,,,,,,,,,,,,,,,,,,,,,,,,,,,,,,,,,,,,,,,,
２−７(2)　還付金詐欺　形態（文言）別　認知件数,,,,,,,,,,,,,,,,,,,,,,,,,,,,,,,,,,,,,,,,,,,,,,,,,,,,,,,,,,,,,
,,,,令和８年,,,,,,,,,,,,,,,,,,,,,,,,,,,,,,,,,,,,,,,,,,,,,,,,,,,,,,,,,
,,,,合計(１月〜３月),１月,２月,３月,４月,５月,６月,７月,８月,９月,１０月,１１月,１２月,,,,,,,,,,,,,,,,,,,,,,,,,,,,,,,,,,,,,,,,,,,,,
医療費名目,,,,377,65,135,177,,,,,,,,,,,,,,,,,,,,,,,,,,,,,,,,,,,,,,,,,,,,,,,,,,,,,,
健康保険・社会保険等名目,,,,91,18,29,44,,,,,,,,,,,,,,,,,,,,,,,,,,,,,,,,,,,,,,,,,,,,,,,,,,,,,,
年金名目,,,,127,25,41,61,,,,,,,,,,,,,,,,,,,,,,,,,,,,,,,,,,,,,,,,,,,,,,,,,,,,,,
税金名目,,,,7,2,3,2,,,,,,,,,,,,,,,,,,,,,,,,,,,,,,,,,,,,,,,,,,,,,,,,,,,,,,
その他の名目,,,,37,6,11,20,,,,,,,,,,,,,,,,,,,,,,,,,,,,,,,,,,,,,,,,,,,,,,,,,,,,,,
合計,,,,639,116,219,304,,,,,,,,,,,,,,,,,,,,,,,,,,,,,,,,,,,,,,,,,,,,,,,,,,,,,,
,,,,,,,,,,,,,,,,,,,,,,,,,,,,,,,,,,,,,,,,,,,,,,,,,,,,,,,,,,,,,
,,,,平成２４年,平成２５年,平成２６年,平成２７年,平成２８年,平成２９年,平成３０年,,,,,,,,,,,,,,,,,,,,,,,,,,,,,,,,,,,,,,,,,,,,,,,,,,,
医療費名目,,,,904,"1,493","1,228","1,245","1,715","1,232",913,,,,,,,,,,,,,,,,,,,,,,,,,,,,,,,,,,,,,,,,,,,,,,,,,,,
健康保険・社会保険等名目,,,,203,255,551,816,"1,555","1,555",734,,,,,,,,,,,,,,,,,,,,,,,,,,,,,,,,,,,,,,,,,,,,,,,,,,,
年金名目,,,,9,11,32,41,79,74,37,,,,,,,,,,,,,,,,,,,,,,,,,,,,,,,,,,,,,,,,,,,,,,,,,,,
税金名目,,,,4,8,28,61,72,53,29,,,,,,,,,,,,,,,,,,,,,,,,,,,,,,,,,,,,,,,,,,,,,,,,,,,
その他の名目,,,,13,50,89,213,261,215,191,,,,,,,,,,,,,,,,,,,,,,,,,,,,,,,,,,,,,,,,,,,,,,,,,,,
合計,,,,"1,133","1,817","1,928","2,376","3,682","3,129","1,904",,,,,,,,,,,,,,,,,,,,,,,,,,,,,,,,,,,,,,,,,,,,,,,,,,,
,,,,,,,,,,,,,,,,,,,,,,,,,,,,,,,,,,,,,,,,,,,,,,,,,,,,,,,,,,,,,
,,,,令和元年,令和２年,令和３年,令和４年,令和５年,令和６年,令和７年,,,,,,,,,,,,,,,,,,,,,,,,,,,,,,,,,,,,,,,,,,,,,,,,,,,
医療費名目,,,,"1,554","1,105","1,960","2,888","2,301","2,297","1,931",,,,,,,,,,,,,,,,,,,,,,,,,,,,,,,,,,,,,,,,,,,,,,,,,,,
健康保険・社会保険等名目,,,,544,548,"1,670","1,417","1,205",731,489,,,,,,,,,,,,,,,,,,,,,,,,,,,,,,,,,,,,,,,,,,,,,,,,,,,
年金名目,,,,36,25,129,110,402,498,489,,,,,,,,,,,,,,,,,,,,,,,,,,,,,,,,,,,,,,,,,,,,,,,,,,,
税金名目,,,,26,24,54,27,56,310,40,,,,,,,,,,,,,,,,,,,,,,,,,,,,,,,,,,,,,,,,,,,,,,,,,,,
その他の名目,,,,215,102,191,237,221,234,230,,,,,,,,,,,,,,,,,,,,,,,,,,,,,,,,,,,,,,,,,,,,,,,,,,,
合計,,,,"2,375","1,804","4,004","4,679","4,185","4,070","3,179",,,,,,,,,,,,,,,,,,,,,,,,,,,,,,,,,,,,,,,,,,,,,,,,,,,
,,,,,,,,,,,,,,,,,,,,,,,,,,,,,,,,,,,,,,,,,,,,,,,,,,,,,,,,,,,,,
２−８　融資保証金詐欺,,,,,,,,,,,,,,,,,,,,,,,,,,,,,,,,,,,,,,,,,,,,,,,,,,,,,,,,,,,,,
,,,,令和８年,,,,,,,,,,,,,,,,,,,,,,,,,,,,,,,,,,,,,,,,,,,,,,,,,,,,,,,,,
,,,,合計(１月〜３月),１月,２月,３月,４月,５月,６月,７月,８月,９月,１０月,１１月,１２月,,,,,,,,,,,,,,,,,,,,,,,,,,,,,,,,,,,,,,,,,,,,,
認知件数,,,,77,21,21,35,,,,,,,,,,,,,,,,,,,,,,,,,,,,,,,,,,,,,,,,,,,,,,,,,,,,,,
,,うち既遂,,76,20,21,35,,,,,,,,,,,,,,,,,,,,,,,,,,,,,,,,,,,,,,,,,,,,,,,,,,,,,,
実質的な被害総額(単位：円),,,,"60,235,000","14,630,000","15,392,000","30,213,000",,,,,,,,,,,,,,,,,,,,,,,,,,,,,,,,,,,,,,,,,,,,,,,,,,,,,,
検挙件数,,,,12,6,2,4,,,,,,,,,,,,,,,,,,,,,,,,,,,,,,,,,,,,,,,,,,,,,,,,,,,,,,
検挙人員,,,,6,2,2,2,,,,,,,,,,,,,,,,,,,,,,,,,,,,,,,,,,,,,,,,,,,,,,,,,,,,,,
,,,,,,,,,,,,,,,,,,,,,,,,,,,,,,,,,,,,,,,,,,,,,,,,,,,,,,,,,,,,,
,,,,令和７年,,,,,,,,,,,,,,,,,,,,,,,,,,,,,,,,,,,,,,,,,,,,,,,,,,,,,,,,,
,,,,合計(１月〜３月),１月,２月,３月,４月,５月,６月,７月,８月,９月,１０月,１１月,１２月,,,,,,,,,,,,,,,,,,,,,,,,,,,,,,,,,,,,,,,,,,,,,
認知件数,,,,107,41,28,38,49,43,30,21,17,23,30,23,37,,,,,,,,,,,,,,,,,,,,,,,,,,,,,,,,,,,,,,,,,,,,,
,,うち既遂,,107,41,28,38,49,43,30,21,17,23,30,23,37,,,,,,,,,,,,,,,,,,,,,,,,,,,,,,,,,,,,,,,,,,,,,
実質的な被害総額(単位：円),,,,"124,519,000","71,093,000","26,380,000","27,046,000","48,598,000","32,299,000","21,788,000","19,628,000","27,279,000","16,191,000","27,389,000","25,435,000","46,002,000",,,,,,,,,,,,,,,,,,,,,,,,,,,,,,,,,,,,,,,,,,,,,
検挙件数,,,,13,3,4,6,3,7,7,5,6,9,11,4,3,,,,,,,,,,,,,,,,,,,,,,,,,,,,,,,,,,,,,,,,,,,,,
検挙人員,,,,4,0,2,2,1,2,1,2,6,5,1,3,2,,,,,,,,,,,,,,,,,,,,,,,,,,,,,,,,,,,,,,,,,,,,,
,,,,,,,,,,,,,,,,,,,,,,,,,,,,,,,,,,,,,,,,,,,,,,,,,,,,,,,,,,,,,
,,,,,,,,,,,,,,,,,,,,,,,,,,,,,,,,,,,,,,,,,,,,,,,,,,,,,,,,,,,,,
平成２０年以前,,,,平成１６年,平成１７年,平成１８年,平成１９年,平成２０年,,,,,,,,,,,,,,,,,,,,,,,,,,,,,,,,,,,,,,,,,,,,,,,,,,,,,
認知件数,,,,"5,692","9,932","7,831","5,922","5,074",,,,,,,,,,,,,,,,,,,,,,,,,,,,,,,,,,,,,,,,,,,,,,,,,,,,,
,,うち既遂,,"5,668","9,900","7,815","5,896","5,035",,,,,,,,,,,,,,,,,,,,,,,,,,,,,,,,,,,,,,,,,,,,,,,,,,,,,
被害総額（平成25年〜実質的な被害総額）(単位：円),,,,"3,844,597,936","6,683,934,971","5,416,037,778","3,857,042,597","3,747,940,481",,,,,,,,,,,,,,,,,,,,,,,,,,,,,,,,,,,,,,,,,,,,,,,,,,,,,
検挙件数,,,,57,576,876,886,"1,529",,,,,,,,,,,,,,,,,,,,,,,,,,,,,,,,,,,,,,,,,,,,,,,,,,,,,
検挙人員,,,,36,209,168,117,144,,,,,,,,,,,,,,,,,,,,,,,,,,,,,,,,,,,,,,,,,,,,,,,,,,,,,
,,,,,,,,,,,,,,,,,,,,,,,,,,,,,,,,,,,,,,,,,,,,,,,,,,,,,,,,,,,,,
,,,,,,,,,,,,,,,,,,,,,,,,,,,,,,,,,,,,,,,,,,,,,,,,,,,,,,,,,,,,,
平成２１年から平成３０年,,,,平成２１年,平成２２年,平成２３年,平成２４年,平成２５年,平成２６年,平成２７年,平成２８年,平成２９年,平成３０年,,,,,,,,,,,,,,,,,,,,,,,,,,,,,,,,,,,,,,,,,,,,,,,,
認知件数,,,,"1,491",362,525,404,469,591,440,428,548,421,,,,,,,,,,,,,,,,,,,,,,,,,,,,,,,,,,,,,,,,,,,,,,,,
,,うち既遂,,"1,490",361,524,403,468,590,440,426,548,420,,,,,,,,,,,,,,,,,,,,,,,,,,,,,,,,,,,,,,,,,,,,,,,,
被害総額（平成25年〜実質的な被害総額）(単位：円),,,,"949,759,965","344,004,997","721,845,000","703,040,000","706,882,000","914,939,000","563,877,000","702,548,000","659,769,000","620,574,000",,,,,,,,,,,,,,,,,,,,,,,,,,,,,,,,,,,,,,,,,,,,,,,,
検挙件数,,,,"2,026","1,600",43,25,270,71,65,56,123,167,,,,,,,,,,,,,,,,,,,,,,,,,,,,,,,,,,,,,,,,,,,,,,,,
検挙人員,,,,168,60,12,11,20,4,16,32,33,30,,,,,,,,,,,,,,,,,,,,,,,,,,,,,,,,,,,,,,,,,,,,,,,,
,,,,,,,,,,,,,,,,,,,,,,,,,,,,,,,,,,,,,,,,,,,,,,,,,,,,,,,,,,,,,
,,,,,,,,,,,,,,,,,,,,,,,,,,,,,,,,,,,,,,,,,,,,,,,,,,,,,,,,,,,,,
令和元年以降,,,,令和元年,令和２年,令和３年,令和４年,令和５年,令和６年,令和７年,,,,,,,,,,,,,,,,,,,,,,,,,,,,,,,,,,,,,,,,,,,,,,,,,,,
認知件数,,,,348,295,156,142,188,338,380,,,,,,,,,,,,,,,,,,,,,,,,,,,,,,,,,,,,,,,,,,,,,,,,,,,
,,うち既遂,,348,295,156,141,188,337,380,,,,,,,,,,,,,,,,,,,,,,,,,,,,,,,,,,,,,,,,,,,,,,,,,,,
被害総額（平成25年〜実質的な被害総額）(単位：円),,,,"537,886,000","393,375,000","269,303,000","223,817,000","240,853,000","241,905,000","389,128,000",,,,,,,,,,,,,,,,,,,,,,,,,,,,,,,,,,,,,,,,,,,,,,,,,,,
検挙件数,,,,91,198,30,37,23,41,68,,,,,,,,,,,,,,,,,,,,,,,,,,,,,,,,,,,,,,,,,,,,,,,,,,,
検挙人員,,,,26,58,21,26,16,15,27,,,,,,,,,,,,,,,,,,,,,,,,,,,,,,,,,,,,,,,,,,,,,,,,,,,
,,,,,,,,,,,,,,,,,,,,,,,,,,,,,,,,,,,,,,,,,,,,,,,,,,,,,,,,,,,,,
（注１）融資保証金詐欺とは、実際には融資しないにもかかわらず、融資を申し込んできた者に対し、保証金等の名目で金銭等をだまし取る（脅し取る）ものをいう。,,,,,,,,,,,,,,,,,,,,,,,,,,,,,,,,,,,,,,,,,,,,,,,,,,,,,,,,,,,,,
（注２）令和８年から、検挙件数及び検挙人員には、融資保証金詐欺のほか、犯罪収益が同詐欺に由来する組織的犯罪処罰法違反を含む。,,,,,,,,,,,,,,,,,,,,,,,,,,,,,,,,,,,,,,,,,,,,,,,,,,,,,,,,,,,,,
,,,,,,,,,,,,,,,,,,,,,,,,,,,,,,,,,,,,,,,,,,,,,,,,,,,,,,,,,,,,,
２−９(1)　金融商品詐欺,,,,,,,,,,,,,,,,,,,,,,,,,,,,,,,,,,,,,,,,,,,,,,,,,,,,,,,,,,,,,
,,,,令和８年,,,,,,,,,,,,,,,,,,,,,,,,,,,,,,,,,,,,,,,,,,,,,,,,,,,,,,,,,
,,,,合計(１月〜３月),１月,２月,３月,４月,５月,６月,７月,８月,９月,１０月,１１月,１２月,,,,,,,,,,,,,,,,,,,,,,,,,,,,,,,,,,,,,,,,,,,,,
認知件数,,,,91,28,28,35,,,,,,,,,,,,,,,,,,,,,,,,,,,,,,,,,,,,,,,,,,,,,,,,,,,,,,
,,うち既遂,,91,28,28,35,,,,,,,,,,,,,,,,,,,,,,,,,,,,,,,,,,,,,,,,,,,,,,,,,,,,,,
実質的な被害総額　(単位：円),,,,"958,780,000","188,598,000","291,023,000","479,159,000",,,,,,,,,,,,,,,,,,,,,,,,,,,,,,,,,,,,,,,,,,,,,,,,,,,,,,
検挙件数,,,,3,0,0,3,,,,,,,,,,,,,,,,,,,,,,,,,,,,,,,,,,,,,,,,,,,,,,,,,,,,,,
検挙人員,,,,1,0,0,1,,,,,,,,,,,,,,,,,,,,,,,,,,,,,,,,,,,,,,,,,,,,,,,,,,,,,,
,,,,,,,,,,,,,,,,,,,,,,,,,,,,,,,,,,,,,,,,,,,,,,,,,,,,,,,,,,,,,
,,,,令和７年,,,,,,,,,,,,,,,,,,,,,,,,,,,,,,,,,,,,,,,,,,,,,,,,,,,,,,,,,
,,,,合計(１月〜３月),１月,２月,３月,４月,５月,６月,７月,８月,９月,１０月,１１月,１２月,,,,,,,,,,,,,,,,,,,,,,,,,,,,,,,,,,,,,,,,,,,,,
認知件数,,,,36,14,8,14,17,7,12,16,16,12,36,17,31,,,,,,,,,,,,,,,,,,,,,,,,,,,,,,,,,,,,,,,,,,,,,
,,うち既遂,,35,14,8,13,17,7,12,16,16,12,36,17,31,,,,,,,,,,,,,,,,,,,,,,,,,,,,,,,,,,,,,,,,,,,,,
実質的な被害総額　(単位：円),,,,"336,445,000","97,351,000","102,473,000","136,621,000","249,986,000","47,083,000","304,240,000","171,949,000","95,299,000","62,572,000","310,511,000","132,576,000","420,508,000",,,,,,,,,,,,,,,,,,,,,,,,,,,,,,,,,,,,,,,,,,,,,
検挙件数,,,,7,2,5,0,0,5,0,2,0,1,0,1,0,,,,,,,,,,,,,,,,,,,,,,,,,,,,,,,,,,,,,,,,,,,,,
検挙人員,,,,6,1,5,0,0,1,1,0,0,0,0,0,1,,,,,,,,,,,,,,,,,,,,,,,,,,,,,,,,,,,,,,,,,,,,,
,,,,,,,,,,,,,,,,,,,,,,,,,,,,,,,,,,,,,,,,,,,,,,,,,,,,,,,,,,,,,
,,,,平成２２年,平成２３年,平成２４年,平成２５年,平成２６年,平成２７年,平成２８年,平成２９年,平成３０年,,,,,,,,,,,,,,,,,,,,,,,,,,,,,,,,,,,,,,,,,,,,,,,,,
認知件数,,,,112,773,"1,986","1,875","1,228",663,346,104,46,,,,,,,,,,,,,,,,,,,,,,,,,,,,,,,,,,,,,,,,,,,,,,,,,
,,うち既遂,,110,765,"1,874","1,782","1,160",603,326,97,43,,,,,,,,,,,,,,,,,,,,,,,,,,,,,,,,,,,,,,,,,,,,,,,,,
被害総額（平成25年〜実質的な被害総額）(単位：円),,,,"701,235,822","6,944,741,229","18,613,416,073","17,879,863,124","12,504,642,617","6,733,238,288","2,472,135,990","724,654,066","265,154,900",,,,,,,,,,,,,,,,,,,,,,,,,,,,,,,,,,,,,,,,,,,,,,,,,
検挙件数,,,,-,73,647,797,741,429,411,188,40,,,,,,,,,,,,,,,,,,,,,,,,,,,,,,,,,,,,,,,,,,,,,,,,,
検挙人員,,,,-,128,474,479,360,339,166,77,40,,,,,,,,,,,,,,,,,,,,,,,,,,,,,,,,,,,,,,,,,,,,,,,,,
,,,,,,,,,,,,,,,,,,,,,,,,,,,,,,,,,,,,,,,,,,,,,,,,,,,,,,,,,,,,,
,,,,令和元年,令和２年,令和３年,令和４年,令和５年,令和６年,令和７年,,,,,,,,,,,,,,,,,,,,,,,,,,,,,,,,,,,,,,,,,,,,,,,,,,,
認知件数,,,,27,58,30,31,411,78,200,,,,,,,,,,,,,,,,,,,,,,,,,,,,,,,,,,,,,,,,,,,,,,,,,,,
,,うち既遂,,26,51,29,31,410,78,199,,,,,,,,,,,,,,,,,,,,,,,,,,,,,,,,,,,,,,,,,,,,,,,,,,,
被害総額（平成25年〜実質的な被害総額）(単位：円),,,,"193,353,030","416,257,000","265,497,000","444,093,000","5,188,782,000","631,337,000","2,131,169,000",,,,,,,,,,,,,,,,,,,,,,,,,,,,,,,,,,,,,,,,,,,,,,,,,,,
検挙件数,,,,30,37,10,7,23,21,16,,,,,,,,,,,,,,,,,,,,,,,,,,,,,,,,,,,,,,,,,,,,,,,,,,,
検挙人員,,,,24,35,19,13,28,10,9,,,,,,,,,,,,,,,,,,,,,,,,,,,,,,,,,,,,,,,,,,,,,,,,,,,
（注１）金融商品詐欺とは、架空又は価値の乏しい未公開株、社債等の有価証券、外国通貨、高価な物品等に関する虚偽の情報を提供し、購入すれば利益が得られるものと誤信させ、その購入名目等で金銭等をだまし取る（脅し取る）ものをいう。,,,,,,,,,,,,,,,,,,,,,,,,,,,,,,,,,,,,,,,,,,,,,,,,,,,,,,,,,,,,,
（注２）令和８年から、検挙件数及び検挙人員には、金融商品詐欺のほか、犯罪収益が同詐欺に由来する組織的犯罪処罰法違反を含む。,,,,,,,,,,,,,,,,,,,,,,,,,,,,,,,,,,,,,,,,,,,,,,,,,,,,,,,,,,,,,
,,,,,,,,,,,,,,,,,,,,,,,,,,,,,,,,,,,,,,,,,,,,,,,,,,,,,,,,,,,,,
２−９(2)　金融商品詐欺　形態（文言）別　認知件数,,,,,,,,,,,,,,,,,,,,,,,,,,,,,,,,,,,,,,,,,,,,,,,,,,,,,,,,,,,,,
,,,,令和８年,,,,,,,,,,,,,,,,,,,,,,,,,,,,,,,,,,,,,,,,,,,,,,,,,,,,,,,,,
,,,,合計(１月〜３月),１月,２月,３月,４月,５月,６月,７月,８月,９月,１０月,１１月,１２月,,,,,,,,,,,,,,,,,,,,,,,,,,,,,,,,,,,,,,,,,,,,,
有価証券等名目,,,,13,2,6,5,,,,,,,,,,,,,,,,,,,,,,,,,,,,,,,,,,,,,,,,,,,,,,,,,,,,,,
外国通貨名目,,,,10,3,2,5,,,,,,,,,,,,,,,,,,,,,,,,,,,,,,,,,,,,,,,,,,,,,,,,,,,,,,
物品名目,,,,2,1,1,0,,,,,,,,,,,,,,,,,,,,,,,,,,,,,,,,,,,,,,,,,,,,,,,,,,,,,,
その他の名目,,,,66,22,19,25,,,,,,,,,,,,,,,,,,,,,,,,,,,,,,,,,,,,,,,,,,,,,,,,,,,,,,
合計,,,,91,28,28,35,,,,,,,,,,,,,,,,,,,,,,,,,,,,,,,,,,,,,,,,,,,,,,,,,,,,,,
,,,,,,,,,,,,,,,,,,,,,,,,,,,,,,,,,,,,,,,,,,,,,,,,,,,,,,,,,,,,,
,,,,令和２年,令和３年,令和４年,令和５年,令和６年,令和７年,,,,,,,,,,,,,,,,,,,,,,,,,,,,,,,,,,,,,,,,,,,,,,,,,,,,
有価証券等名目,,,,42,7,3,31,15,28,,,,,,,,,,,,,,,,,,,,,,,,,,,,,,,,,,,,,,,,,,,,,,,,,,,,
外国通貨名目,,,,4,5,13,174,19,17,,,,,,,,,,,,,,,,,,,,,,,,,,,,,,,,,,,,,,,,,,,,,,,,,,,,
物品名目,,,,2,0,0,30,2,4,,,,,,,,,,,,,,,,,,,,,,,,,,,,,,,,,,,,,,,,,,,,,,,,,,,,
その他の名目,,,,10,18,15,176,42,151,,,,,,,,,,,,,,,,,,,,,,,,,,,,,,,,,,,,,,,,,,,,,,,,,,,,
合計,,,,58,30,31,411,78,200,,,,,,,,,,,,,,,,,,,,,,,,,,,,,,,,,,,,,,,,,,,,,,,,,,,,
,,,,,,,,,,,,,,,,,,,,,,,,,,,,,,,,,,,,,,,,,,,,,,,,,,,,,,,,,,,,,
,,,,,,,,,,,,,,,,,,,,,,,,,,,,,,,,,,,,,,,,,,,,,,,,,,,,,,,,,,,,,
,,,,,,,,,,,,,,,,,,,,,,,,,,,,,,,,,,,,,,,,,,,,,,,,,,,,,,,,,,,,,
,,,,,,,,,,,,,,,,,,,,,,,,,,,,,,,,,,,,,,,,,,,,,,,,,,,,,,,,,,,,,
２−10(1)　ギャンブル詐欺,,,,,,,,,,,,,,,,,,,,,,,,,,,,,,,,,,,,,,,,,,,,,,,,,,,,,,,,,,,,,
,,,,令和８年,,,,,,,,,,,,,,,,,,,,,,,,,,,,,,,,,,,,,,,,,,,,,,,,,,,,,,,,,
,,,,合計(１月〜３月),１月,２月,３月,４月,５月,６月,７月,８月,９月,１０月,１１月,１２月,,,,,,,,,,,,,,,,,,,,,,,,,,,,,,,,,,,,,,,,,,,,,
認知件数,,,,12,3,6,3,,,,,,,,,,,,,,,,,,,,,,,,,,,,,,,,,,,,,,,,,,,,,,,,,,,,,,
,,うち既遂,,12,3,6,3,,,,,,,,,,,,,,,,,,,,,,,,,,,,,,,,,,,,,,,,,,,,,,,,,,,,,,
実質的な被害総額　(単位：円),,,,"51,491,000","24,182,000","20,620,000","6,689,000",,,,,,,,,,,,,,,,,,,,,,,,,,,,,,,,,,,,,,,,,,,,,,,,,,,,,,
検挙件数,,,,6,1,3,2,,,,,,,,,,,,,,,,,,,,,,,,,,,,,,,,,,,,,,,,,,,,,,,,,,,,,,
検挙人員,,,,3,0,1,2,,,,,,,,,,,,,,,,,,,,,,,,,,,,,,,,,,,,,,,,,,,,,,,,,,,,,,
,,,,,,,,,,,,,,,,,,,,,,,,,,,,,,,,,,,,,,,,,,,,,,,,,,,,,,,,,,,,,
,,,,令和７年,,,,,,,,,,,,,,,,,,,,,,,,,,,,,,,,,,,,,,,,,,,,,,,,,,,,,,,,,
,,,,合計(１月〜３月),１月,２月,３月,４月,５月,６月,７月,８月,９月,１０月,１１月,１２月,,,,,,,,,,,,,,,,,,,,,,,,,,,,,,,,,,,,,,,,,,,,,
認知件数,,,,9,3,4,2,3,4,1,3,2,1,5,2,6,,,,,,,,,,,,,,,,,,,,,,,,,,,,,,,,,,,,,,,,,,,,,
,,うち既遂,,9,3,4,2,3,4,1,3,2,1,5,2,6,,,,,,,,,,,,,,,,,,,,,,,,,,,,,,,,,,,,,,,,,,,,,
実質的な被害総額　(単位：円),,,,"10,663,000","180,000","1,641,000","8,842,000","738,000","55,810,000","38,000,000","5,259,000","3,197,000","590,000","14,350,000","450,000","13,410,000",,,,,,,,,,,,,,,,,,,,,,,,,,,,,,,,,,,,,,,,,,,,,
検挙件数,,,,5,0,2,3,0,1,0,1,0,0,1,0,1,,,,,,,,,,,,,,,,,,,,,,,,,,,,,,,,,,,,,,,,,,,,,
検挙人員,,,,0,0,0,0,0,1,0,1,0,0,0,2,0,,,,,,,,,,,,,,,,,,,,,,,,,,,,,,,,,,,,,,,,,,,,,
,,,,,,,,,,,,,,,,,,,,,,,,,,,,,,,,,,,,,,,,,,,,,,,,,,,,,,,,,,,,,
,,,,平成２２年,平成２３年,平成２４年,平成２５年,平成２６年,平成２７年,平成２８年,平成２９年,平成３０年,,,,,,,,,,,,,,,,,,,,,,,,,,,,,,,,,,,,,,,,,,,,,,,,,
認知件数,,,,115,172,261,587,467,271,117,113,65,,,,,,,,,,,,,,,,,,,,,,,,,,,,,,,,,,,,,,,,,,,,,,,,,
,,うち既遂,,115,172,260,583,462,266,117,113,65,,,,,,,,,,,,,,,,,,,,,,,,,,,,,,,,,,,,,,,,,,,,,,,,,
被害総額（平成25年〜実質的な被害総額）(単位：円),,,,"342,238,829","556,780,047","1,179,496,565","3,139,657,409","2,768,045,778","1,375,785,399","463,470,819","451,436,730","239,818,916",,,,,,,,,,,,,,,,,,,,,,,,,,,,,,,,,,,,,,,,,,,,,,,,,
検挙件数,,,,-,63,14,27,64,71,49,44,28,,,,,,,,,,,,,,,,,,,,,,,,,,,,,,,,,,,,,,,,,,,,,,,,,
検挙人員,,,,-,18,17,42,68,41,7,17,10,,,,,,,,,,,,,,,,,,,,,,,,,,,,,,,,,,,,,,,,,,,,,,,,,
,,,,,,,,,,,,,,,,,,,,,,,,,,,,,,,,,,,,,,,,,,,,,,,,,,,,,,,,,,,,,
,,,,令和元年,令和２年,令和３年,令和４年,令和５年,令和６年,令和７年,,,,,,,,,,,,,,,,,,,,,,,,,,,,,,,,,,,,,,,,,,,,,,,,,,,
認知件数,,,,48,98,62,50,19,21,36,,,,,,,,,,,,,,,,,,,,,,,,,,,,,,,,,,,,,,,,,,,,,,,,,,,
,,うち既遂,,48,98,62,50,19,21,36,,,,,,,,,,,,,,,,,,,,,,,,,,,,,,,,,,,,,,,,,,,,,,,,,,,
被害総額（平成25年〜実質的な被害総額）(単位：円),,,,"268,520,402","293,619,000","210,964,000","300,490,000","50,393,000","111,633,000","142,467,000",,,,,,,,,,,,,,,,,,,,,,,,,,,,,,,,,,,,,,,,,,,,,,,,,,,
検挙件数,,,,14,35,5,29,1,5,9,,,,,,,,,,,,,,,,,,,,,,,,,,,,,,,,,,,,,,,,,,,,,,,,,,,
検挙人員,,,,12,15,4,11,0,3,4,,,,,,,,,,,,,,,,,,,,,,,,,,,,,,,,,,,,,,,,,,,,,,,,,,,
,,,,,,,,,,,,,,,,,,,,,,,,,,,,,,,,,,,,,,,,,,,,,,,,,,,,,,,,,,,,,
"（注１）ギャンブル詐欺とは、不特定多数の者が購入する雑誌に「パチンコ打ち子募集」等と掲載したり、不特定多数の者に対して同内容のメールを送信する等し、これに応じて会員登録等を申し込んできた被害者に対して会員登録料や情報料等の名目で
　　　金銭等をだまし取る（脅し取る）ものをいう。",,,,,,,,,,,,,,,,,,,,,,,,,,,,,,,,,,,,,,,,,,,,,,,,,,,,,,,,,,,,,
（注２）令和８年から、検挙件数及び検挙人員には、ギャンブル詐欺のほか、犯罪収益が同詐欺に由来する組織的犯罪処罰法違反を含む。,,,,,,,,,,,,,,,,,,,,,,,,,,,,,,,,,,,,,,,,,,,,,,,,,,,,,,,,,,,,,
　　,,,,,,,,,,,,,,,,,,,,,,,,,,,,,,,,,,,,,,,,,,,,,,,,,,,,,,,,,,,,,
２−10(2)　ギャンブル詐欺　形態（文言）別　認知件数,,,,,,,,,,,,,,,,,,,,,,,,,,,,,,,,,,,,,,,,,,,,,,,,,,,,,,,,,,,,,
,,,,令和８年,,,,,,,,,,,,,,,,,,,,,,,,,,,,,,,,,,,,,,,,,,,,,,,,,,,,,,,,,
,,,,合計(１月〜３月),１月,２月,３月,４月,５月,６月,７月,８月,９月,１０月,１１月,１２月,,,,,,,,,,,,,,,,,,,,,,,,,,,,,,,,,,,,,,,,,,,,,
パチンコ必勝法等名目,,,,0,0,0,0,,,,,,,,,,,,,,,,,,,,,,,,,,,,,,,,,,,,,,,,,,,,,,,,,,,,,,
競馬必勝法等名目,,,,11,2,6,3,,,,,,,,,,,,,,,,,,,,,,,,,,,,,,,,,,,,,,,,,,,,,,,,,,,,,,
宝くじ当選情報等名目,,,,1,1,0,0,,,,,,,,,,,,,,,,,,,,,,,,,,,,,,,,,,,,,,,,,,,,,,,,,,,,,,
その他の名目,,,,0,0,0,0,,,,,,,,,,,,,,,,,,,,,,,,,,,,,,,,,,,,,,,,,,,,,,,,,,,,,,
合計,,,,12,3,6,3,,,,,,,,,,,,,,,,,,,,,,,,,,,,,,,,,,,,,,,,,,,,,,,,,,,,,,
,,,,,,,,,,,,,,,,,,,,,,,,,,,,,,,,,,,,,,,,,,,,,,,,,,,,,,,,,,,,,
,,,,令和２年,令和３年,令和４年,令和５年,令和６年,令和７年,,,,,,,,,,,,,,,,,,,,,,,,,,,,,,,,,,,,,,,,,,,,,,,,,,,,
パチンコ必勝法等名目,,,,36,0,0,0,1,0,,,,,,,,,,,,,,,,,,,,,,,,,,,,,,,,,,,,,,,,,,,,,,,,,,,,
競馬必勝法等名目,,,,53,49,44,18,16,20,,,,,,,,,,,,,,,,,,,,,,,,,,,,,,,,,,,,,,,,,,,,,,,,,,,,
宝くじ当選情報等名目,,,,7,13,4,1,4,9,,,,,,,,,,,,,,,,,,,,,,,,,,,,,,,,,,,,,,,,,,,,,,,,,,,,
その他の名目,,,,2,0,2,0,0,7,,,,,,,,,,,,,,,,,,,,,,,,,,,,,,,,,,,,,,,,,,,,,,,,,,,,
合計,,,,98,62,50,19,21,36,,,,,,,,,,,,,,,,,,,,,,,,,,,,,,,,,,,,,,,,,,,,,,,,,,,,
,,,,,,,,,,,,,,,,,,,,,,,,,,,,,,,,,,,,,,,,,,,,,,,,,,,,,,,,,,,,,
,,,,,,,,,,,,,,,,,,,,,,,,,,,,,,,,,,,,,,,,,,,,,,,,,,,,,,,,,,,,,
２−11　交際あっせん詐欺,,,,,,,,,,,,,,,,,,,,,,,,,,,,,,,,,,,,,,,,,,,,,,,,,,,,,,,,,,,,,
,,,,令和８年,,,,,,,,,,,,,,,,,,,,,,,,,,,,,,,,,,,,,,,,,,,,,,,,,,,,,,,,,
,,,,合計(１月〜３月),１月,２月,３月,４月,５月,６月,７月,８月,９月,１０月,１１月,１２月,,,,,,,,,,,,,,,,,,,,,,,,,,,,,,,,,,,,,,,,,,,,,
認知件数,,,,160,55,45,60,,,,,,,,,,,,,,,,,,,,,,,,,,,,,,,,,,,,,,,,,,,,,,,,,,,,,,
,,うち既遂,,159,55,44,60,,,,,,,,,,,,,,,,,,,,,,,,,,,,,,,,,,,,,,,,,,,,,,,,,,,,,,
実質的な被害総額　(単位：円),,,,"598,862,000","202,536,000","143,055,000","253,271,000",,,,,,,,,,,,,,,,,,,,,,,,,,,,,,,,,,,,,,,,,,,,,,,,,,,,,,
検挙件数,,,,5,2,1,2,,,,,,,,,,,,,,,,,,,,,,,,,,,,,,,,,,,,,,,,,,,,,,,,,,,,,,
検挙人員,,,,3,1,2,0,,,,,,,,,,,,,,,,,,,,,,,,,,,,,,,,,,,,,,,,,,,,,,,,,,,,,,
,,,,,,,,,,,,,,,,,,,,,,,,,,,,,,,,,,,,,,,,,,,,,,,,,,,,,,,,,,,,,
,,,,令和７年,,,,,,,,,,,,,,,,,,,,,,,,,,,,,,,,,,,,,,,,,,,,,,,,,,,,,,,,,
,,,,合計(１月〜３月),１月,２月,３月,４月,５月,６月,７月,８月,９月,１０月,１１月,１２月,,,,,,,,,,,,,,,,,,,,,,,,,,,,,,,,,,,,,,,,,,,,,
認知件数,,,,76,24,27,25,25,28,38,39,54,69,56,41,50,,,,,,,,,,,,,,,,,,,,,,,,,,,,,,,,,,,,,,,,,,,,,
,,うち既遂,,76,24,27,25,25,28,38,39,54,69,56,41,50,,,,,,,,,,,,,,,,,,,,,,,,,,,,,,,,,,,,,,,,,,,,,
実質的な被害総額　(単位：円),,,,"184,754,000","56,266,000","41,880,000","86,608,000","97,856,000","145,605,000","105,660,000","92,810,000","172,238,000","245,932,000","488,499,000","256,120,000","174,037,000",,,,,,,,,,,,,,,,,,,,,,,,,,,,,,,,,,,,,,,,,,,,,
検挙件数,,,,0,0,0,0,0,0,0,0,0,1,2,2,0,,,,,,,,,,,,,,,,,,,,,,,,,,,,,,,,,,,,,,,,,,,,,
検挙人員,,,,1,0,0,1,0,0,0,0,0,0,0,1,0,,,,,,,,,,,,,,,,,,,,,,,,,,,,,,,,,,,,,,,,,,,,,
,,,,,,,,,,,,,,,,,,,,,,,,,,,,,,,,,,,,,,,,,,,,,,,,,,,,,,,,,,,,,
,,,,平成２２年,平成２３年,平成２４年,平成２５年,平成２６年,平成２７年,平成２８年,平成２９年,平成３０年,,,,,,,,,,,,,,,,,,,,,,,,,,,,,,,,,,,,,,,,,,,,,,,,,
認知件数,,,,17,25,43,53,53,47,26,21,44,,,,,,,,,,,,,,,,,,,,,,,,,,,,,,,,,,,,,,,,,,,,,,,,,
,,うち既遂,,17,25,43,53,53,47,26,21,44,,,,,,,,,,,,,,,,,,,,,,,,,,,,,,,,,,,,,,,,,,,,,,,,,
被害総額（平成25年〜実質的な被害総額）(単位：円),,,,"108,210,000","144,265,000","182,040,150","103,618,247","320,306,849","159,242,276","133,044,460","140,433,432","121,334,168",,,,,,,,,,,,,,,,,,,,,,,,,,,,,,,,,,,,,,,,,,,,,,,,,
検挙件数,,,,-,1,9,21,4,13,1,22,45,,,,,,,,,,,,,,,,,,,,,,,,,,,,,,,,,,,,,,,,,,,,,,,,,
検挙人員,,,,-,2,1,2,6,5,5,2,12,,,,,,,,,,,,,,,,,,,,,,,,,,,,,,,,,,,,,,,,,,,,,,,,,
,,,,,,,,,,,,,,,,,,,,,,,,,,,,,,,,,,,,,,,,,,,,,,,,,,,,,,,,,,,,,
,,,,令和元年,令和２年,令和３年,令和４年,令和５年,令和６年,令和７年,,,,,,,,,,,,,,,,,,,,,,,,,,,,,,,,,,,,,,,,,,,,,,,,,,,
認知件数,,,,8,22,7,8,9,86,476,,,,,,,,,,,,,,,,,,,,,,,,,,,,,,,,,,,,,,,,,,,,,,,,,,,
,,うち既遂,,8,22,7,8,9,86,476,,,,,,,,,,,,,,,,,,,,,,,,,,,,,,,,,,,,,,,,,,,,,,,,,,,
被害総額（平成25年〜実質的な被害総額）(単位：円),,,,"25,035,000","67,209,000","57,611,000","17,359,000","18,291,000","322,559,000","1,963,511,000",,,,,,,,,,,,,,,,,,,,,,,,,,,,,,,,,,,,,,,,,,,,,,,,,,,
検挙件数,,,,1,14,2,0,5,11,5,,,,,,,,,,,,,,,,,,,,,,,,,,,,,,,,,,,,,,,,,,,,,,,,,,,
検挙人員,,,,2,7,1,1,4,4,2,,,,,,,,,,,,,,,,,,,,,,,,,,,,,,,,,,,,,,,,,,,,,,,,,,,
,,,,,,,,,,,,,,,,,,,,,,,,,,,,,,,,,,,,,,,,,,,,,,,,,,,,,,,,,,,,,
"（注１）交際あっせん詐欺とは、不特定多数の者が購入する雑誌に「女性紹介」等と掲載したり、不特定多数の者に対して「女性紹介」等を記載したメールを送付するなどし、これに応じて女性の紹介等を求めてきた被害者に対して会員登録料金や保証金等の
　　　名目で金銭等をだまし取る（脅し取る）ものをいう。",,,,,,,,,,,,,,,,,,,,,,,,,,,,,,,,,,,,,,,,,,,,,,,,,,,,,,,,,,,,,
,,,,,,,,,,,,,,,,,,,,,,,,,,,,,,,,,,,,,,,,,,,,,,,,,,,,,,,,,,,,,
（注２）令和８年から、検挙件数及び検挙人員には、交際あっせん詐欺のほか、犯罪収益が同詐欺に由来する組織的犯罪処罰法違反を含む。,,,,,,,,,,,,,,,,,,,,,,,,,,,,,,,,,,,,,,,,,,,,,,,,,,,,,,,,,,,,,
,,,,,,,,,,,,,,,,,,,,,,,,,,,,,,,,,,,,,,,,,,,,,,,,,,,,,,,,,,,,,
２−12　キャッシュカード詐欺盗,,,,,,,,,,,,,,,,,,,,,,,,,,,,,,,,,,,,,,,,,,,,,,,,,,,,,,,,,,,,,
,,,,令和８年,,,,,,,,,,,,,,,,,,,,,,,,,,,,,,,,,,,,,,,,,,,,,,,,,,,,,,,,,
,,,,合計(１月〜３月),１月,２月,３月,４月,５月,６月,７月,８月,９月,１０月,１１月,１２月,,,,,,,,,,,,,,,,,,,,,,,,,,,,,,,,,,,,,,,,,,,,,
認知件数,,,,356,113,115,128,,,,,,,,,,,,,,,,,,,,,,,,,,,,,,,,,,,,,,,,,,,,,,,,,,,,,,
,,うち既遂,,351,111,114,126,,,,,,,,,,,,,,,,,,,,,,,,,,,,,,,,,,,,,,,,,,,,,,,,,,,,,,
実質的な被害総額　(単位：円),,,,"388,268,500","100,587,500","125,853,000","161,828,000",,,,,,,,,,,,,,,,,,,,,,,,,,,,,,,,,,,,,,,,,,,,,,,,,,,,,,
検挙件数,,,,213,70,54,89,,,,,,,,,,,,,,,,,,,,,,,,,,,,,,,,,,,,,,,,,,,,,,,,,,,,,,
検挙人員,,,,65,16,16,33,,,,,,,,,,,,,,,,,,,,,,,,,,,,,,,,,,,,,,,,,,,,,,,,,,,,,,
,,,,,,,,,,,,,,,,,,,,,,,,,,,,,,,,,,,,,,,,,,,,,,,,,,,,,,,,,,,,,
,,,,令和７年,,,,,,,,,,,,,,,,,,,,,,,,,,,,,,,,,,,,,,,,,,,,,,,,,,,,,,,,,
,,,,合計(１月〜３月),１月,２月,３月,４月,５月,６月,７月,８月,９月,１０月,１１月,１２月,,,,,,,,,,,,,,,,,,,,,,,,,,,,,,,,,,,,,,,,,,,,,
認知件数,,,,262,72,87,103,101,77,128,88,71,87,141,101,112,,,,,,,,,,,,,,,,,,,,,,,,,,,,,,,,,,,,,,,,,,,,,
,,うち既遂,,259,70,86,103,98,75,125,85,70,85,138,97,110,,,,,,,,,,,,,,,,,,,,,,,,,,,,,,,,,,,,,,,,,,,,,
実質的な被害総額　(単位：円),,,,"335,861,000","81,075,000","107,973,000","146,813,000","95,388,550","97,916,000","120,713,000","77,290,500","81,423,000","75,373,000","154,705,697","86,495,000","125,537,000",,,,,,,,,,,,,,,,,,,,,,,,,,,,,,,,,,,,,,,,,,,,,
検挙件数,,,,260,81,93,86,77,95,118,123,81,61,101,107,115,,,,,,,,,,,,,,,,,,,,,,,,,,,,,,,,,,,,,,,,,,,,,
検挙人員,,,,73,29,28,16,18,29,28,24,16,16,32,28,29,,,,,,,,,,,,,,,,,,,,,,,,,,,,,,,,,,,,,,,,,,,,,
,,,,,,,,,,,,,,,,,,,,,,,,,,,,,,,,,,,,,,,,,,,,,,,,,,,,,,,,,,,,,
,,,,平成３０年,令和元年,令和２年,令和３年,令和４年,令和５年,令和６年,令和７年,,,,,,,,,,,,,,,,,,,,,,,,,,,,,,,,,,,,,,,,,,,,,,,,,,
認知件数,,,,"1,348","3,777","2,850","2,602","3,074","2,217","1,385","1,168",,,,,,,,,,,,,,,,,,,,,,,,,,,,,,,,,,,,,,,,,,,,,,,,,,
,,うち既遂,,"1,339","3,722","2,771","2,542","2,998","2,156","1,346","1,142",,,,,,,,,,,,,,,,,,,,,,,,,,,,,,,,,,,,,,,,,,,,,,,,,,
実質的な被害総額　(単位：円),,,,"1,892,468,208","5,909,025,918","4,263,784,240","3,948,502,359","4,686,253,006","2,981,704,100","1,822,489,220","1,250,702,747",,,,,,,,,,,,,,,,,,,,,,,,,,,,,,,,,,,,,,,,,,,,,,,,,,
検挙件数,,,,391,"1,617","2,591","1,961","2,133","1,916","1,469","1,138",,,,,,,,,,,,,,,,,,,,,,,,,,,,,,,,,,,,,,,,,,,,,,,,,,
検挙人員,,,,151,461,714,597,543,493,373,293,,,,,,,,,,,,,,,,,,,,,,,,,,,,,,,,,,,,,,,,,,,,,,,,,,
,,,,,,,,,,,,,,,,,,,,,,,,,,,,,,,,,,,,,,,,,,,,,,,,,,,,,,,,,,,,,
"（注１）キャッシュカード詐欺盗とは、警察官や銀行協会、大手百貨店等の職員を装って被害者に電話をかけ、「キャッシュカードが不正に利用されている」等の名目により、キャッシュカード等を準備させた上で、隙を見るなどし、同キャッシュカード等を
　　窃取するものをいう。
",,,,,,,,,,,,,,,,,,,,,,,,,,,,,,,,,,,,,,,,,,,,,,,,,,,,,,,,,,,,,
（注２）令和８年から、検挙件数及び検挙人員には、キャッシュカード詐欺盗のほか、犯罪収益が同窃盗に由来する組織的犯罪処罰法違反を含む。,,,,,,,,,,,,,,,,,,,,,,,,,,,,,,,,,,,,,,,,,,,,,,,,,,,,,,,,,,,,,
,,,,,,,,,,,,,,,,,,,,,,,,,,,,,,,,,,,,,,,,,,,,,,,,,,,,,,,,,,,,,
２−13　その他の特殊詐欺,,,,,,,,,,,,,,,,,,,,,,,,,,,,,,,,,,,,,,,,,,,,,,,,,,,,,,,,,,,,,
,,,,令和８年,,,,,,,,,,,,,,,,,,,,,,,,,,,,,,,,,,,,,,,,,,,,,,,,,,,,,,,,,
,,,,合計(１月〜３月),１月,２月,３月,４月,５月,６月,７月,８月,９月,１０月,１１月,１２月,,,,,,,,,,,,,,,,,,,,,,,,,,,,,,,,,,,,,,,,,,,,,
認知件数,,,,271,92,83,96,,,,,,,,,,,,,,,,,,,,,,,,,,,,,,,,,,,,,,,,,,,,,,,,,,,,,,
,,うち既遂,,268,91,82,95,,,,,,,,,,,,,,,,,,,,,,,,,,,,,,,,,,,,,,,,,,,,,,,,,,,,,,
実質的な被害総額　(単位：円),,,,"1,333,664,000","563,465,000","515,318,000","254,881,000",,,,,,,,,,,,,,,,,,,,,,,,,,,,,,,,,,,,,,,,,,,,,,,,,,,,,,
検挙件数,,,,18,6,6,6,,,,,,,,,,,,,,,,,,,,,,,,,,,,,,,,,,,,,,,,,,,,,,,,,,,,,,
検挙人員,,,,6,2,3,1,,,,,,,,,,,,,,,,,,,,,,,,,,,,,,,,,,,,,,,,,,,,,,,,,,,,,,
,,,,,,,,,,,,,,,,,,,,,,,,,,,,,,,,,,,,,,,,,,,,,,,,,,,,,,,,,,,,,
,,,,令和７年,,,,,,,,,,,,,,,,,,,,,,,,,,,,,,,,,,,,,,,,,,,,,,,,,,,,,,,,,
,,,,合計(１月〜３月),１月,２月,３月,４月,５月,６月,７月,８月,９月,１０月,１１月,１２月,,,,,,,,,,,,,,,,,,,,,,,,,,,,,,,,,,,,,,,,,,,,,
認知件数,,,,90,35,24,31,35,22,40,36,37,36,57,39,65,,,,,,,,,,,,,,,,,,,,,,,,,,,,,,,,,,,,,,,,,,,,,
,,うち既遂,,90,35,24,31,35,22,39,36,37,36,55,39,64,,,,,,,,,,,,,,,,,,,,,,,,,,,,,,,,,,,,,,,,,,,,,
実質的な被害総額　(単位：円),,,,"204,387,000","78,199,000","56,353,000","69,835,000","52,858,000","42,657,000","119,112,000","46,698,000","56,458,000","50,865,000","183,236,000","80,615,000","711,217,000",,,,,,,,,,,,,,,,,,,,,,,,,,,,,,,,,,,,,,,,,,,,,
検挙件数,,,,5,3,2,0,3,4,2,4,1,2,6,3,2,,,,,,,,,,,,,,,,,,,,,,,,,,,,,,,,,,,,,,,,,,,,,
検挙人員,,,,2,1,0,1,5,5,1,5,1,1,0,6,4,,,,,,,,,,,,,,,,,,,,,,,,,,,,,,,,,,,,,,,,,,,,,
,,,,,,,,,,,,,,,,,,,,,,,,,,,,,,,,,,,,,,,,,,,,,,,,,,,,,,,,,,,,,
,,,,平成２２年,平成２３年,平成２４年,平成２５年,平成２６年,平成２７年,平成２８年,平成２９年,平成３０年,,,,,,,,,,,,,,,,,,,,,,,,,,,,,,,,,,,,,,,,,,,,,,,,,
認知件数,,,,7,13,55,279,388,102,60,48,27,,,,,,,,,,,,,,,,,,,,,,,,,,,,,,,,,,,,,,,,,,,,,,,,,
,,うち既遂,,7,13,53,270,371,101,55,47,26,,,,,,,,,,,,,,,,,,,,,,,,,,,,,,,,,,,,,,,,,,,,,,,,,
被害総額（平成25年〜実質的な被害総額）(単位：円),,,,"7,546,000","39,519,190","420,056,100","1,959,703,366","2,979,412,301","557,842,094","193,594,525","353,206,599","165,908,323",,,,,,,,,,,,,,,,,,,,,,,,,,,,,,,,,,,,,,,,,,,,,,,,,
検挙件数,,,,-,0,7,55,92,44,96,29,20,,,,,,,,,,,,,,,,,,,,,,,,,,,,,,,,,,,,,,,,,,,,,,,,,
検挙人員,,,,-,0,3,38,65,41,26,19,15,,,,,,,,,,,,,,,,,,,,,,,,,,,,,,,,,,,,,,,,,,,,,,,,,
,,,,,,,,,,,,,,,,,,,,,,,,,,,,,,,,,,,,,,,,,,,,,,,,,,,,,,,,,,,,,
,,,,令和元年,令和２年,令和３年,令和４年,令和５年,令和６年,令和７年,,,,,,,,,,,,,,,,,,,,,,,,,,,,,,,,,,,,,,,,,,,,,,,,,,,
認知件数,,,,10,6,4,14,102,321,457,,,,,,,,,,,,,,,,,,,,,,,,,,,,,,,,,,,,,,,,,,,,,,,,,,,
,,うち既遂,,9,6,4,14,102,320,453,,,,,,,,,,,,,,,,,,,,,,,,,,,,,,,,,,,,,,,,,,,,,,,,,,,
被害総額（平成25年〜実質的な被害総額）(単位：円),,,,"14,958,930","10,237,000","2,734,000","40,694,000","411,806,000","598,109,000","1,548,103,000",,,,,,,,,,,,,,,,,,,,,,,,,,,,,,,,,,,,,,,,,,,,,,,,,,,
検挙件数,,,,33,4,6,0,3,14,32,,,,,,,,,,,,,,,,,,,,,,,,,,,,,,,,,,,,,,,,,,,,,,,,,,,
検挙人員,,,,23,2,3,1,6,25,30,,,,,,,,,,,,,,,,,,,,,,,,,,,,,,,,,,,,,,,,,,,,,,,,,,,
,,,,,,,,,,,,,,,,,,,,,,,,,,,,,,,,,,,,,,,,,,,,,,,,,,,,,,,,,,,,,
（注１）その他の特殊詐欺とは、ニセ警察詐欺、オレオレ詐欺、預貯金詐欺、架空料金請求詐欺、還付金詐欺、融資保証金詐欺、金融商品詐欺、ギャンブル詐欺、交際あっせん詐欺及びキャッシュカード詐欺盗に該当しないものをいう。,,,,,,,,,,,,,,,,,,,,,,,,,,,,,,,,,,,,,,,,,,,,,,,,,,,,,,,,,,,,,
（注２）令和８年から、検挙件数及び検挙人員には、その他の特殊詐欺のほか、犯罪収益が同詐欺に由来する組織的犯罪処罰法違反を含む。,,,,,,,,,,,,,,,,,,,,,,,,,,,,,,,,,,,,,,,,,,,,,,,,,,,,,,,,,,,,,
,,,,,,,,,,,,,,,,,,,,,,,,,,,,,,,,,,,,,,,,,,,,,,,,,,,,,,,,,,,,,
３　組織的犯罪処罰法違反,,,,,,,,,,,,,,,,,,,,,,,,,,,,,,,,,,,,,,,,,,,,,,,,,,,,,,,,,,,,,
,,,,令和８年,,,,,,,,,,,,,,,,,,,,,,,,,,,,,,,,,,,,,,,,,,,,,,,,,,,,,,,,,
,,,,合計(１月〜３月),１月,２月,３月,４月,５月,６月,７月,８月,９月,１０月,１１月,１２月,,,,,,,,,,,,,,,,,,,,,,,,,,,,,,,,,,,,,,,,,,,,,
検挙件数,,,,196,63,51,82,,,,,,,,,,,,,,,,,,,,,,,,,,,,,,,,,,,,,,,,,,,,,,,,,,,,,,
検挙人員,,,,71,19,28,24,,,,,,,,,,,,,,,,,,,,,,,,,,,,,,,,,,,,,,,,,,,,,,,,,,,,,,
,,,,,,,,,,,,,,,,,,,,,,,,,,,,,,,,,,,,,,,,,,,,,,,,,,,,,,,,,,,,,
,,,,令和７年,,,,,,,,,,,,,,,,,,,,,,,,,,,,,,,,,,,,,,,,,,,,,,,,,,,,,,,,,
,,,,合計(１月〜３月),１月,２月,３月,４月,５月,６月,７月,８月,９月,１０月,１１月,１２月,,,,,,,,,,,,,,,,,,,,,,,,,,,,,,,,,,,,,,,,,,,,,
検挙件数,,,,215,89,49,77,99,54,90,98,97,80,102,139,134,,,,,,,,,,,,,,,,,,,,,,,,,,,,,,,,,,,,,,,,,,,,,
検挙人員,,,,63,19,16,28,17,26,33,33,28,36,42,62,79,,,,,,,,,,,,,,,,,,,,,,,,,,,,,,,,,,,,,,,,,,,,,
,,,,,,,,,,,,,,,,,,,,,,,,,,,,,,,,,,,,,,,,,,,,,,,,,,,,,,,,,,,,,
令和２年以降,,,,令和２年,令和３年,令和４年,令和５年,令和６年,令和７年,,,,,,,,,,,,,,,,,,,,,,,,,,,,,,,,,,,,,,,,,,,,,,,,,,,,
検挙件数,,,,147 ,124 ,137 ,356 ,692 ,"1,108 ",,,,,,,,,,,,,,,,,,,,,,,,,,,,,,,,,,,,,,,,,,,,,,,,,,,,
検挙人員,,,,22 ,29 ,18 ,127 ,254 ,419 ,,,,,,,,,,,,,,,,,,,,,,,,,,,,,,,,,,,,,,,,,,,,,,,,,,,,
,,,,,,,,,,,,,,,,,,,,,,,,,,,,,,,,,,,,,,,,,,,,,,,,,,,,,,,,,,,,,
（注）組織的犯罪処罰法とは、「組織的な犯罪の処罰及び犯罪収益の規制等に関する法律」を指す。　,,,,,,,,,,,,,,,,,,,,,,,,,,,,,,,,,,,,,,,,,,,,,,,,,,,,,,,,,,,,,
,,,,,,,,,,,,,,,,,,,,,,,,,,,,,,,,,,,,,,,,,,,,,,,,,,,,,,,,,,,,,
,,,４　口座開設詐欺,,,,,,,,,,,,,,,,,,,,,,,,,,,,,,,,,,,,,,,,,,,,,,,,,,,,,,,,,,
,,,,,令和８年,,,,,,,,,,,,,,,,,,,,,,,,,,,,,,,,,,,,,,,,,,,,,,,,,,,,,,,,
,,,,,合計(１月〜３月),１月,２月,３月,４月,５月,６月,７月,８月,９月,１０月,１１月,１２月,,,,,,,,,,,,,,,,,,,,,,,,,,,,,,,,,,,,,,,,,,,,
,,,口座開設詐欺,検挙件数,330,84,105,141,,,,,,,,,,,,,,,,,,,,,,,,,,,,,,,,,,,,,,,,,,,,,,,,,,,,,
,,,,検挙人員,163,37,56,70,,,,,,,,,,,,,,,,,,,,,,,,,,,,,,,,,,,,,,,,,,,,,,,,,,,,,
,,,,,,,,,,,,,,,,,,,,,,,,,,,,,,,,,,,,,,,,,,,,,,,,,,,,,,,,,,,,,
,,,,,令和７年,,,,,,,,,,,,,,,,,,,,,,,,,,,,,,,,,,,,,,,,,,,,,,,,,,,,,,,,
,,,,,合計(１月〜３月),１月,２月,３月,４月,５月,６月,７月,８月,９月,１０月,１１月,１２月,,,,,,,,,,,,,,,,,,,,,,,,,,,,,,,,,,,,,,,,,,,,
,,,口座開設詐欺,検挙件数,244,72,96,76,71,73,87,78,78,71,141,137,106,,,,,,,,,,,,,,,,,,,,,,,,,,,,,,,,,,,,,,,,,,,,
,,,,検挙人員,125,36,52,37,35,45,36,43,43,37,54,65,60,,,,,,,,,,,,,,,,,,,,,,,,,,,,,,,,,,,,,,,,,,,,
,,,,,,,,,,,,,,,,,,,,,,,,,,,,,,,,,,,,,,,,,,,,,,,,,,,,,,,,,,,,,
,,,平成２０年以前,,平成１６年,平成１７年,平成１８年,平成１９年,平成２０年,,,,,,,,,,,,,,,,,,,,,,,,,,,,,,,,,,,,,,,,,,,,,,,,,,,,
,,,口座開設詐欺,検挙件数,"1,365","1,222","1,558","1,602","2,849",,,,,,,,,,,,,,,,,,,,,,,,,,,,,,,,,,,,,,,,,,,,,,,,,,,,
,,,,検挙人員,597,866,818,700,"1,023",,,,,,,,,,,,,,,,,,,,,,,,,,,,,,,,,,,,,,,,,,,,,,,,,,,,
,,,,,,,,,,,,,,,,,,,,,,,,,,,,,,,,,,,,,,,,,,,,,,,,,,,,,,,,,,,,,
,,,平成２１年から平成３０年,,平成２１年,平成２２年,平成２３年,平成２４年,平成２５年,平成２６年,平成２７年,平成２８年,平成２９年,平成３０年,,,,,,,,,,,,,,,,,,,,,,,,,,,,,,,,,,,,,,,,,,,,,,,
,,,口座開設詐欺,検挙件数,"3,778","2,288","2,097","2,049","2,016","1,928","1,741","1,587","1,512","1,277",,,,,,,,,,,,,,,,,,,,,,,,,,,,,,,,,,,,,,,,,,,,,,,
,,,,検挙人員,"1,439",925,"1,053","1,102","1,103","1,079","1,087","1,017",886,709,,,,,,,,,,,,,,,,,,,,,,,,,,,,,,,,,,,,,,,,,,,,,,,
,,,,,,,,,,,,,,,,,,,,,,,,,,,,,,,,,,,,,,,,,,,,,,,,,,,,,,,,,,,,,
,,,令和元年以降,,令和元年,令和２年,令和３年,令和４年,令和５年,令和６年,令和７年,,,,,,,,,,,,,,,,,,,,,,,,,,,,,,,,,,,,,,,,,,,,,,,,,,
,,,口座開設詐欺,検挙件数,919,696,710,733,726,907,"1,086",,,,,,,,,,,,,,,,,,,,,,,,,,,,,,,,,,,,,,,,,,,,,,,,,,
,,,,検挙人員,548,485,426,410,398,444,543,,,,,,,,,,,,,,,,,,,,,,,,,,,,,,,,,,,,,,,,,,,,,,,,,,
,,,,,,,,,,,,,,,,,,,,,,,,,,,,,,,,,,,,,,,,,,,,,,,,,,,,,,,,,,,,,
,,,,,,,,,,,,,,,,,,,,,,,,,,,,,,,,,,,,,,,,,,,,,,,,,,,,,,,,,,,,,
,,,,,,,,,,,,,,,,,,,,,,,,,,,,,,,,,,,,,,,,,,,,,,,,,,,,,,,,,,,,,
,,,５　盗品等譲受け等,,,,,,,,,,,,,,,,,,,,,,,,,,,,,,,,,,,,,,,,,,,,,,,,,,,,,,,,,,
,,,,,令和８年,,,,,,,,,,,,,,,,,,,,,,,,,,,,,,,,,,,,,,,,,,,,,,,,,,,,,,,,
,,,,,合計(１月〜３月),１月,２月,３月,４月,５月,６月,７月,８月,９月,１０月,１１月,１２月,,,,,,,,,,,,,,,,,,,,,,,,,,,,,,,,,,,,,,,,,,,,
,,,盗品等譲受け等,検挙件数,0,0,0,0,,,,,,,,,,,,,,,,,,,,,,,,,,,,,,,,,,,,,,,,,,,,,,,,,,,,,
,,,,検挙人員,0,0,0,0,,,,,,,,,,,,,,,,,,,,,,,,,,,,,,,,,,,,,,,,,,,,,,,,,,,,,
,,,,,,,,,,,,,,,,,,,,,,,,,,,,,,,,,,,,,,,,,,,,,,,,,,,,,,,,,,,,,
,,,,,令和７年,,,,,,,,,,,,,,,,,,,,,,,,,,,,,,,,,,,,,,,,,,,,,,,,,,,,,,,,
,,,,,合計(１月〜３月),１月,２月,３月,４月,５月,６月,７月,８月,９月,１０月,１１月,１２月,,,,,,,,,,,,,,,,,,,,,,,,,,,,,,,,,,,,,,,,,,,,
,,,盗品等譲受け等,検挙件数,1,1,0,0,0,0,0,1,0,0,0,0,0,,,,,,,,,,,,,,,,,,,,,,,,,,,,,,,,,,,,,,,,,,,,
,,,,検挙人員,0,0,0,0,0,0,0,1,0,0,0,0,0,,,,,,,,,,,,,,,,,,,,,,,,,,,,,,,,,,,,,,,,,,,,
,,,,,,,,,,,,,,,,,,,,,,,,,,,,,,,,,,,,,,,,,,,,,,,,,,,,,,,,,,,,,
,,,平成２０年以前,,平成１６年,平成１７年,平成１８年,平成１９年,平成２０年,,,,,,,,,,,,,,,,,,,,,,,,,,,,,,,,,,,,,,,,,,,,,,,,,,,,
,,,盗品等譲受け等,検挙件数,95,148,108,48,81,,,,,,,,,,,,,,,,,,,,,,,,,,,,,,,,,,,,,,,,,,,,,,,,,,,,
,,,,検挙人員,84,161,94,40,57,,,,,,,,,,,,,,,,,,,,,,,,,,,,,,,,,,,,,,,,,,,,,,,,,,,,
,,,,,,,,,,,,,,,,,,,,,,,,,,,,,,,,,,,,,,,,,,,,,,,,,,,,,,,,,,,,,
,,,平成２１年から平成３０年,,平成２１年,平成２２年,平成２３年,平成２４年,平成２５年,平成２６年,平成２７年,平成２８年,平成２９年,平成３０年,,,,,,,,,,,,,,,,,,,,,,,,,,,,,,,,,,,,,,,,,,,,,,,
,,,盗品等譲受け等,検挙件数,83,40,41,21,15,7,12,4,6,4,,,,,,,,,,,,,,,,,,,,,,,,,,,,,,,,,,,,,,,,,,,,,,,
,,,,検挙人員,50,36,32,16,12,6,1,2,4,3,,,,,,,,,,,,,,,,,,,,,,,,,,,,,,,,,,,,,,,,,,,,,,,
,,,,,,,,,,,,,,,,,,,,,,,,,,,,,,,,,,,,,,,,,,,,,,,,,,,,,,,,,,,,,
,,,令和元年以降,,令和元年,令和２年,令和３年,令和４年,令和５年,令和６年,令和７年,,,,,,,,,,,,,,,,,,,,,,,,,,,,,,,,,,,,,,,,,,,,,,,,,,
,,,盗品等譲受け等,検挙件数,6,7,1,0,3,0,2,,,,,,,,,,,,,,,,,,,,,,,,,,,,,,,,,,,,,,,,,,,,,,,,,,
,,,,検挙人員,4,5,0,0,2,0,1,,,,,,,,,,,,,,,,,,,,,,,,,,,,,,,,,,,,,,,,,,,,,,,,,,
,,,,,,,,,,,,,,,,,,,,,,,,,,,,,,,,,,,,,,,,,,,,,,,,,,,,,,,,,,,,,
,,,（注）口座開設詐欺の被害品に係る盗品等譲受け等で検挙した事件を計上した。,,,,,,,,,,,,,,,,,,,,,,,,,,,,,,,,,,,,,,,,,,,,,,,,,,,,,,,,,,
,,,,,,,,,,,,,,,,,,,,,,,,,,,,,,,,,,,,,,,,,,,,,,,,,,,,,,,,,,,,,
,,,,,,,,,,,,,,,,,,,,,,,,,,,,,,,,,,,,,,,,,,,,,,,,,,,,,,,,,,,,,
,,,６　金融機関本人確認法違反及び犯罪収益移転防止法違反,,,,,,,,,,,,,,,,,,,,,,,,,,,,,,,,,,,,,,,,,,,,,,,,,,,,,,,,,,
,,,,,令和８年,,,,,,,,,,,,,,,,,,,,,,,,,,,,,,,,,,,,,,,,,,,,,,,,,,,,,,,,
,,,,,合計(１月〜３月),１月,２月,３月,４月,５月,６月,７月,８月,９月,１０月,１１月,１２月,,,,,,,,,,,,,,,,,,,,,,,,,,,,,,,,,,,,,,,,,,,,
,,,犯罪収益移転防止法,検挙件数,"1,354",294,428,632,,,,,,,,,,,,,,,,,,,,,,,,,,,,,,,,,,,,,,,,,,,,,,,,,,,,,
,,,,検挙人員,932,210,298,424,,,,,,,,,,,,,,,,,,,,,,,,,,,,,,,,,,,,,,,,,,,,,,,,,,,,,
,,,,,,,,,,,,,,,,,,,,,,,,,,,,,,,,,,,,,,,,,,,,,,,,,,,,,,,,,,,,,
,,,,,令和７年,,,,,,,,,,,,,,,,,,,,,,,,,,,,,,,,,,,,,,,,,,,,,,,,,,,,,,,,
,,,,,合計(１月〜３月),１月,２月,３月,４月,５月,６月,７月,８月,９月,１０月,１１月,１２月,,,,,,,,,,,,,,,,,,,,,,,,,,,,,,,,,,,,,,,,,,,,
,,,犯罪収益移転防止法,検挙件数,"1,001",256,372,373,267,264,366,287,315,274,417,453,311,,,,,,,,,,,,,,,,,,,,,,,,,,,,,,,,,,,,,,,,,,,,
,,,,検挙人員,787,194,277,316,206,189,247,197,231,199,280,336,225,,,,,,,,,,,,,,,,,,,,,,,,,,,,,,,,,,,,,,,,,,,,
,,,,,,,,,,,,,,,,,,,,,,,,,,,,,,,,,,,,,,,,,,,,,,,,,,,,,,,,,,,,,
,,,平成２０年以前,,平成１８年,平成１９年,平成２０年,,,,,,,,,,,,,,,,,,,,,,,,,,,,,,,,,,,,,,,,,,,,,,,,,,,,,,
,,,本人確認法,検挙件数,183 ,203 ,287 ,,,,,,,,,,,,,,,,,,,,,,,,,,,,,,,,,,,,,,,,,,,,,,,,,,,,,,
,,,,検挙人員,145 ,139 ,130 ,,,,,,,,,,,,,,,,,,,,,,,,,,,,,,,,,,,,,,,,,,,,,,,,,,,,,,
,,,犯罪収益移転防止法,検挙件数,-,-,198 ,,,,,,,,,,,,,,,,,,,,,,,,,,,,,,,,,,,,,,,,,,,,,,,,,,,,,,
,,,,検挙人員,-,-,149 ,,,,,,,,,,,,,,,,,,,,,,,,,,,,,,,,,,,,,,,,,,,,,,,,,,,,,,
,,,合計,検挙件数,183 ,203 ,485 ,,,,,,,,,,,,,,,,,,,,,,,,,,,,,,,,,,,,,,,,,,,,,,,,,,,,,,
,,,,検挙人員,145 ,139 ,279 ,,,,,,,,,,,,,,,,,,,,,,,,,,,,,,,,,,,,,,,,,,,,,,,,,,,,,,
,,,,,,,,,,,,,,,,,,,,,,,,,,,,,,,,,,,,,,,,,,,,,,,,,,,,,,,,,,,,,
,,,平成２１年から平成３０年,,平成２１年,平成２２年,平成２３年,平成２４年,平成２５年,平成２６年,平成２７年,平成２８年,平成２９年,平成３０年,,,,,,,,,,,,,,,,,,,,,,,,,,,,,,,,,,,,,,,,,,,,,,,
,,,本人確認法,検挙件数,171 ,25 ,-,-,-,-,-,-,-,-,,,,,,,,,,,,,,,,,,,,,,,,,,,,,,,,,,,,,,,,,,,,,,,
,,,,検挙人員,110 ,19 ,-,-,-,-,-,-,-,-,,,,,,,,,,,,,,,,,,,,,,,,,,,,,,,,,,,,,,,,,,,,,,,
,,,犯罪収益移転防止法,検挙件数,739 ,723 ,"1,288 ","1,581 ","1,729 ","1,610 ","1,523 ","1,918 ","2,466 ","2,496 ",,,,,,,,,,,,,,,,,,,,,,,,,,,,,,,,,,,,,,,,,,,,,,,
,,,,検挙人員,538 ,531 ,981 ,"1,167 ","1,200 ","1,180 ","1,168 ","1,423 ","2,047 ","2,056 ",,,,,,,,,,,,,,,,,,,,,,,,,,,,,,,,,,,,,,,,,,,,,,,
,,,合計,検挙件数,910 ,748 ,,,,,,,,,,,,,,,,,,,,,,,,,,,,,,,,,,,,,,,,,,,,,,,,,,,,,,,
,,,,検挙人員,648 ,550 ,,,,,,,,,,,,,,,,,,,,,,,,,,,,,,,,,,,,,,,,,,,,,,,,,,,,,,,
,,,,,,,,,,,,,,,,,,,,,,,,,,,,,,,,,,,,,,,,,,,,,,,,,,,,,,,,,,,,,
,,,令和元年以降,,令和元年,令和２年,令和３年,令和４年,令和５年,令和６年,令和７年,,,,,,,,,,,,,,,,,,,,,,,,,,,,,,,,,,,,,,,,,,,,,,,,,,
,,,犯罪収益移転防止法,検挙件数,"2,417 ","2,469 ","2,370 ","2,781 ","2,916 ","3,957 ","3,955 ",,,,,,,,,,,,,,,,,,,,,,,,,,,,,,,,,,,,,,,,,,,,,,,,,,
,,,,検挙人員,"1,987 ","2,001 ","1,908 ","2,247 ","2,232 ","2,920 ","2,897 ",,,,,,,,,,,,,,,,,,,,,,,,,,,,,,,,,,,,,,,,,,,,,,,,,,
,,,,,,,,,,,,,,,,,,,,,,,,,,,,,,,,,,,,,,,,,,,,,,,,,,,,,,,,,,,,,
,,,（注１）金融機関本人確認法とは、「金融機関等による顧客等の本人確認等及び預金口座等の不正な利用の防止に関する法律」を指す。,,,,,,,,,,,,,,,,,,,,,,,,,,,,,,,,,,,,,,,,,,,,,,,,,,,,,,,,,,
,,,（注２）犯罪収益移転防止法とは、「犯罪による収益の移転防止に関する法律」を指す。,,,,,,,,,,,,,,,,,,,,,,,,,,,,,,,,,,,,,,,,,,,,,,,,,,,,,,,,,,
,,,（注３）従前、金融機関本人確認法違反として検挙してきた犯罪のうち、平成２０年３月１日以降に敢行されたものについては、犯罪収益移転防止法の全面施行により同法違反として検挙している。,,,,,,,,,,,,,,,,,,,,,,,,,,,,,,,,,,,,,,,,,,,,,,,,,,,,,,,,,,
,,,,,,,,,,,,,,,,,,,,,,,,,,,,,,,,,,,,,,,,,,,,,,,,,,,,,,,,,,,,,
,,,７　携帯電話契約詐欺,,,,,,,,,,,,,,,,,,,,,,,,,,,,,,,,,,,,,,,,,,,,,,,,,,,,,,,,,,
,,,,,令和８年,,,,,,,,,,,,,,,,,,,,,,,,,,,,,,,,,,,,,,,,,,,,,,,,,,,,,,,,
,,,,,合計(１月〜３月),１月,２月,３月,４月,５月,６月,７月,８月,９月,１０月,１１月,１２月,,,,,,,,,,,,,,,,,,,,,,,,,,,,,,,,,,,,,,,,,,,,
,,,携帯電話契約詐欺,検挙件数,22,3,3,16,,,,,,,,,,,,,,,,,,,,,,,,,,,,,,,,,,,,,,,,,,,,,,,,,,,,,
,,,,検挙人員,20,4,2,14,,,,,,,,,,,,,,,,,,,,,,,,,,,,,,,,,,,,,,,,,,,,,,,,,,,,,
,,,,,,,,,,,,,,,,,,,,,,,,,,,,,,,,,,,,,,,,,,,,,,,,,,,,,,,,,,,,,
,,,,,令和７年,,,,,,,,,,,,,,,,,,,,,,,,,,,,,,,,,,,,,,,,,,,,,,,,,,,,,,,,
,,,,,合計(１月〜３月),１月,２月,３月,４月,５月,６月,７月,８月,９月,１０月,１１月,１２月,,,,,,,,,,,,,,,,,,,,,,,,,,,,,,,,,,,,,,,,,,,,
,,,携帯電話契約詐欺,検挙件数,31,6,13,12,12,3,8,3,12,12,13,7,15,,,,,,,,,,,,,,,,,,,,,,,,,,,,,,,,,,,,,,,,,,,,
,,,,検挙人員,36,8,11,17,6,5,12,1,12,9,11,12,7,,,,,,,,,,,,,,,,,,,,,,,,,,,,,,,,,,,,,,,,,,,,
,,,,,,,,,,,,,,,,,,,,,,,,,,,,,,,,,,,,,,,,,,,,,,,,,,,,,,,,,,,,,
,,,平成２０年以前,,平成１９年,平成２０年,,,,,,,,,,,,,,,,,,,,,,,,,,,,,,,,,,,,,,,,,,,,,,,,,,,,,,,
,,,携帯電話契約詐欺,検挙件数,281 ,"1,182",,,,,,,,,,,,,,,,,,,,,,,,,,,,,,,,,,,,,,,,,,,,,,,,,,,,,,,
,,,,検挙人員,224 ,579 ,,,,,,,,,,,,,,,,,,,,,,,,,,,,,,,,,,,,,,,,,,,,,,,,,,,,,,,
,,,,,,,,,,,,,,,,,,,,,,,,,,,,,,,,,,,,,,,,,,,,,,,,,,,,,,,,,,,,,
,,,平成２１年から平成３０年,,平成２１年,平成２２年,平成２３年,平成２４年,平成２５年,平成２６年,平成２７年,平成２８年,平成２９年,平成３０年,,,,,,,,,,,,,,,,,,,,,,,,,,,,,,,,,,,,,,,,,,,,,,,
,,,携帯電話契約詐欺,検挙件数,939 ,554 ,392 ,411 ,432 ,624 ,703 ,502 ,370 ,305 ,,,,,,,,,,,,,,,,,,,,,,,,,,,,,,,,,,,,,,,,,,,,,,,
,,,,検挙人員,370 ,277 ,277 ,225 ,275 ,406 ,452 ,410 ,318 ,239 ,,,,,,,,,,,,,,,,,,,,,,,,,,,,,,,,,,,,,,,,,,,,,,,
,,,,,,,,,,,,,,,,,,,,,,,,,,,,,,,,,,,,,,,,,,,,,,,,,,,,,,,,,,,,,
,,,令和元年以降,,令和元年,令和２年,令和３年,令和４年,令和５年,令和６年,令和７年,,,,,,,,,,,,,,,,,,,,,,,,,,,,,,,,,,,,,,,,,,,,,,,,,,
,,,携帯電話契約詐欺,検挙件数,287 ,208,166,114,188,149,116,,,,,,,,,,,,,,,,,,,,,,,,,,,,,,,,,,,,,,,,,,,,,,,,,,
,,,,検挙人員,211 ,173 ,150 ,103 ,163 ,144,111,,,,,,,,,,,,,,,,,,,,,,,,,,,,,,,,,,,,,,,,,,,,,,,,,,
,,,,,,,,,,,,,,,,,,,,,,,,,,,,,,,,,,,,,,,,,,,,,,,,,,,,,,,,,,,,,
,,,,,,,,,,,,,,,,,,,,,,,,,,,,,,,,,,,,,,,,,,,,,,,,,,,,,,,,,,,,,
,,,,,,,,,,,,,,,,,,,,,,,,,,,,,,,,,,,,,,,,,,,,,,,,,,,,,,,,,,,,,
,,,８　携帯電話不正利用防止法違反,,,,,,,,,,,,,,,,,,,,,,,,,,,,,,,,,,,,,,,,,,,,,,,,,,,,,,,,,,
,,,,,令和８年,,,,,,,,,,,,,,,,,,,,,,,,,,,,,,,,,,,,,,,,,,,,,,,,,,,,,,,,
,,,,,合計(１月〜３月),１月,２月,３月,４月,５月,６月,７月,８月,９月,１０月,１１月,１２月,,,,,,,,,,,,,,,,,,,,,,,,,,,,,,,,,,,,,,,,,,,,
,,,"携帯電話不正
利用防止法",検挙件数,15,3,8,4,,,,,,,,,,,,,,,,,,,,,,,,,,,,,,,,,,,,,,,,,,,,,,,,,,,,,
,,,,検挙人員,8,3,4,1,,,,,,,,,,,,,,,,,,,,,,,,,,,,,,,,,,,,,,,,,,,,,,,,,,,,,
,,,,,,,,,,,,,,,,,,,,,,,,,,,,,,,,,,,,,,,,,,,,,,,,,,,,,,,,,,,,,
,,,,,令和７年,,,,,,,,,,,,,,,,,,,,,,,,,,,,,,,,,,,,,,,,,,,,,,,,,,,,,,,,
,,,,,合計(１月〜３月),１月,２月,３月,４月,５月,６月,７月,８月,９月,１０月,１１月,１２月,,,,,,,,,,,,,,,,,,,,,,,,,,,,,,,,,,,,,,,,,,,,
,,,"携帯電話不正
利用防止法",検挙件数,10,2,3,5,3,0,1,1,3,1,9,5,1,,,,,,,,,,,,,,,,,,,,,,,,,,,,,,,,,,,,,,,,,,,,
,,,,検挙人員,4,4,0,0,3,0,1,1,3,1,8,5,1,,,,,,,,,,,,,,,,,,,,,,,,,,,,,,,,,,,,,,,,,,,,
,,,,,,,,,,,,,,,,,,,,,,,,,,,,,,,,,,,,,,,,,,,,,,,,,,,,,,,,,,,,,
,,,平成２０年以前,,平成１８年,平成１９年,平成２０年,,,,,,,,,,,,,,,,,,,,,,,,,,,,,,,,,,,,,,,,,,,,,,,,,,,,,,
,,,"携帯電話不正
利用防止法",検挙件数,62 ,85 ,61 ,,,,,,,,,,,,,,,,,,,,,,,,,,,,,,,,,,,,,,,,,,,,,,,,,,,,,,
,,,,検挙人員,44 ,16 ,36 ,,,,,,,,,,,,,,,,,,,,,,,,,,,,,,,,,,,,,,,,,,,,,,,,,,,,,,
,,,,,,,,,,,,,,,,,,,,,,,,,,,,,,,,,,,,,,,,,,,,,,,,,,,,,,,,,,,,,
,,,平成２１年から平成３０年,,平成２１年,平成２２年,平成２３年,平成２４年,平成２５年,平成２６年,平成２７年,平成２８年,平成２９年,平成３０年,,,,,,,,,,,,,,,,,,,,,,,,,,,,,,,,,,,,,,,,,,,,,,,
,,,"携帯電話不正
利用防止法",検挙件数,64 ,44 ,33 ,41 ,85 ,53 ,48 ,73 ,51 ,40 ,,,,,,,,,,,,,,,,,,,,,,,,,,,,,,,,,,,,,,,,,,,,,,,
,,,,検挙人員,50 ,37 ,28 ,30 ,57 ,52 ,49 ,53 ,52 ,39 ,,,,,,,,,,,,,,,,,,,,,,,,,,,,,,,,,,,,,,,,,,,,,,,
,,,,,,,,,,,,,,,,,,,,,,,,,,,,,,,,,,,,,,,,,,,,,,,,,,,,,,,,,,,,,
,,,令和元年以降,,令和元年,令和２年,令和３年,令和４年,令和５年,令和６年,令和７年,,,,,,,,,,,,,,,,,,,,,,,,,,,,,,,,,,,,,,,,,,,,,,,,,,
,,,"携帯電話不正
利用防止法",検挙件数,44 ,29 ,22 ,13 ,30 ,16 ,34 ,,,,,,,,,,,,,,,,,,,,,,,,,,,,,,,,,,,,,,,,,,,,,,,,,,
,,,,検挙人員,29 ,24 ,17 ,11 ,23 ,15 ,27 ,,,,,,,,,,,,,,,,,,,,,,,,,,,,,,,,,,,,,,,,,,,,,,,,,,
,,,,,,,,,,,,,,,,,,,,,,,,,,,,,,,,,,,,,,,,,,,,,,,,,,,,,,,,,,,,,
,,,（注）携帯電話不正利用防止法とは、「携帯音声通信事業者による契約者等の本人確認等及び携帯音声通信役務の不正な利用の防止に関する法律」を指す。　,,,,,,,,,,,,,,,,,,,,,,,,,,,,,,,,,,,,,,,,,,,,,,,,,,,,,,,,,,
,,,,,,,,,,,,,,,,,,,,,,,,,,,,,,,,,,,,,,,,,,,,,,,,,,,,,,,,,,,,,
,,９　被害者の年齢・性別構成（令和８年１月〜３月） ,,,,,,,,,,,,,,,,,,,,,,,,,,,,,,,,,,,,,,,,,,,,,,,,,,,,,,,,,,,
,,,,,,,,,,,,,,,,,,,,,,,,,,,,,,,,,,,,,,,,,,,,,,,,,,,,,,,,,,,,,
,,,（１）特殊詐欺,,,,（２−１）ＳＮＳ型投資詐欺,,,,（２−２）ＳＮＳ型ロマンス詐欺,,,,（２−３）ニセ警察詐欺,,,,（２−４）オレオレ詐欺,,,,（２−５）預貯金詐欺,,,,,,,,,,,,,,,,,,,,,,,,,,,,,,,,,,,,,,
,,,,男（％）,女（％）,,,男（％）,女（％）,,,男（％）,女（％）,,,男（％）,女（％）,,,男（％）,女（％）,,,男（％）,女（％）,,,,,,,,,,,,,,,,,,,,,,,,,,,,,,,,,,,,
,,,19歳以下,0.3%,0.2%,,19歳以下,0.1%,0.0%,,19歳以下,0.1%,0.1%,,19歳以下,0.4%,0.2%,,19歳以下,0.3%,0.0%,,19歳以下,0.0%,0.0%,,,,,,,,,,,,,,,,,,,,,,,,,,,,,,,,,,,,
,,,20〜29歳,4.1%,3.8%,,20〜29歳,2.2%,2.6%,,20〜29歳,2.5%,2.0%,,20〜29歳,7.7%,4.1%,,20〜29歳,0.4%,0.4%,,20〜29歳,0.0%,0.4%,,,,,,,,,,,,,,,,,,,,,,,,,,,,,,,,,,,,
,,,30〜39歳,5.2%,4.8%,,30〜39歳,4.7%,4.3%,,30〜39歳,8.4%,3.0%,,30〜39歳,8.1%,7.5%,,30〜39歳,1.0%,0.1%,,30〜39歳,0.4%,0.0%,,,,,,,,,,,,,,,,,,,,,,,,,,,,,,,,,,,,
,,,40〜49歳,6.5%,6.5%,,40〜49歳,8.7%,8.0%,,40〜49歳,12.2%,10.5%,,40〜49歳,6.0%,7.3%,,40〜49歳,0.6%,0.8%,,40〜49歳,0.4%,0.0%,,,,,,,,,,,,,,,,,,,,,,,,,,,,,,,,,,,,
,,,50〜59歳,10.0%,8.4%,,50〜59歳,14.3%,13.6%,,50〜59歳,20.2%,11.0%,,50〜59歳,5.0%,6.9%,,50〜59歳,1.5%,0.6%,,50〜59歳,0.4%,0.4%,,,,,,,,,,,,,,,,,,,,,,,,,,,,,,,,,,,,
,,,60〜64歳,6.0%,4.3%,,60〜64歳,8.8%,6.0%,,60〜64歳,8.6%,3.4%,,60〜64歳,3.6%,3.5%,,60〜64歳,0.5%,0.6%,,60〜64歳,0.0%,0.9%,,,,,,,,,,,,,,,,,,,,,,,,,,,,,,,,,,,,
,,,65〜69歳,5.7%,3.9%,,65〜69歳,7.1%,3.9%,,65〜69歳,7.0%,3.1%,,65〜69歳,3.7%,3.4%,,65〜69歳,0.8%,1.4%,,65〜69歳,0.0%,0.4%,,,,,,,,,,,,,,,,,,,,,,,,,,,,,,,,,,,,
,,,70〜79歳,8.2%,7.9%,,70〜79歳,8.7%,3.9%,,70〜79歳,5.0%,2.1%,,70〜79歳,8.3%,11.8%,,70〜79歳,5.7%,22.3%,,70〜79歳,5.1%,12.8%,,,,,,,,,,,,,,,,,,,,,,,,,,,,,,,,,,,,
,,,80〜89歳,4.2%,8.5%,,80〜89歳,2.1%,1.0%,,80〜89歳,0.7%,0.2%,,80〜89歳,4.0%,7.3%,,80〜89歳,13.1%,42.0%,,80〜89歳,8.1%,59.4%,,,,,,,,,,,,,,,,,,,,,,,,,,,,,,,,,,,,
,,,90〜99歳,0.6%,0.9%,,90〜99歳,0.0%,0.0%,,90〜99歳,0.0%,0.0%,,90〜99歳,0.5%,0.6%,,90〜99歳,2.5%,5.3%,,90〜99歳,3.8%,7.3%,,,,,,,,,,,,,,,,,,,,,,,,,,,,,,,,,,,,
,,,100歳以上,0.0%,0.0%,,100歳以上,0.0%,0.0%,,100歳以上,0.0%,0.0%,,100歳以上,0.0%,0.0%,,100歳以上,0.0%,0.0%,,100歳以上,0.0%,0.0%,,,,,,,,,,,,,,,,,,,,,,,,,,,,,,,,,,,,
,,,合計,50.7%,49.3%,,合計,56.7%,43.3%,,合計,64.7%,35.3%,,合計,47.3%,52.7%,,合計,26.5%,73.5%,,合計,18.4%,81.6%,,,,,,,,,,,,,,,,,,,,,,,,,,,,,,,,,,,,
,,,,,,,,,,,,,,,,,,,,,,,,,,,,,,,,,,,,,,,,,,,,,,,,,,,,,,,,,,,,,
,,,（２−６）架空料金請求詐欺,,,,（２−７）還付金詐欺,,,,（２−８）融資保証金詐欺,,,,（２−９）金融商品詐欺,,,,（２−10）ギャンブル詐欺,,,,（２−11）交際あっせん詐欺,,,,,,,,,,,,,,,,,,,,,,,,,,,,,,,,,,,,,,
,,,,男（％）,女（％）,,,男（％）,女（％）,,,男（％）,女（％）,,,男（％）,女（％）,,,男（％）,女（％）,,,男（％）,女（％）,,,,,,,,,,,,,,,,,,,,,,,,,,,,,,,,,,,,
,,,19歳以下,0.7%,0.9%,,19歳以下,0.0%,0.0%,,19歳以下,0.0%,2.7%,,19歳以下,1.1%,0.0%,,19歳以下,0.0%,0.0%,,19歳以下,0.6%,0.0%,,,,,,,,,,,,,,,,,,,,,,,,,,,,,,,,,,,,
,,,20〜29歳,8.1%,11.8%,,20〜29歳,0.0%,0.2%,,20〜29歳,12.0%,5.3%,,20〜29歳,1.1%,2.2%,,20〜29歳,0.0%,0.0%,,20〜29歳,6.9%,0.0%,,,,,,,,,,,,,,,,,,,,,,,,,,,,,,,,,,,,
,,,30〜39歳,4.0%,9.4%,,30〜39歳,0.8%,0.8%,,30〜39歳,21.3%,2.7%,,30〜39歳,1.1%,1.1%,,30〜39歳,8.3%,0.0%,,30〜39歳,10.0%,0.6%,,,,,,,,,,,,,,,,,,,,,,,,,,,,,,,,,,,,
,,,40〜49歳,4.7%,6.9%,,40〜49歳,0.3%,0.8%,,40〜49歳,17.3%,8.0%,,40〜49歳,5.5%,4.4%,,40〜49歳,0.0%,8.3%,,40〜49歳,8.1%,0.0%,,,,,,,,,,,,,,,,,,,,,,,,,,,,,,,,,,,,
,,,50〜59歳,7.9%,6.3%,,50〜59歳,2.7%,4.7%,,50〜59歳,9.3%,6.7%,,50〜59歳,7.7%,8.8%,,50〜59歳,16.7%,0.0%,,50〜59歳,31.9%,0.0%,,,,,,,,,,,,,,,,,,,,,,,,,,,,,,,,,,,,
,,,60〜64歳,5.4%,2.8%,,60〜64歳,5.9%,12.5%,,60〜64歳,5.3%,4.0%,,60〜64歳,4.4%,4.4%,,60〜64歳,0.0%,16.7%,,60〜64歳,18.8%,0.0%,,,,,,,,,,,,,,,,,,,,,,,,,,,,,,,,,,,,
,,,65〜69歳,5.6%,3.5%,,65〜69歳,9.5%,15.2%,,65〜69歳,2.7%,1.3%,,65〜69歳,22.0%,7.7%,,65〜69歳,16.7%,0.0%,,65〜69歳,13.8%,0.0%,,,,,,,,,,,,,,,,,,,,,,,,,,,,,,,,,,,,
,,,70〜79歳,10.6%,5.2%,,70〜79歳,15.8%,17.2%,,70〜79歳,1.3%,0.0%,,70〜79歳,13.2%,6.6%,,70〜79歳,8.3%,16.7%,,70〜79歳,8.8%,0.0%,,,,,,,,,,,,,,,,,,,,,,,,,,,,,,,,,,,,
,,,80〜89歳,4.3%,1.4%,,80〜89歳,7.0%,5.8%,,80〜89歳,0.0%,0.0%,,80〜89歳,4.4%,3.3%,,80〜89歳,8.3%,0.0%,,80〜89歳,0.6%,0.0%,,,,,,,,,,,,,,,,,,,,,,,,,,,,,,,,,,,,
,,,90〜99歳,0.1%,0.1%,,90〜99歳,0.6%,0.2%,,90〜99歳,0.0%,0.0%,,90〜99歳,1.1%,0.0%,,90〜99歳,0.0%,0.0%,,90〜99歳,0.0%,0.0%,,,,,,,,,,,,,,,,,,,,,,,,,,,,,,,,,,,,
,,,100歳以上,0.0%,0.0%,,100歳以上,0.0%,0.0%,,100歳以上,0.0%,0.0%,,100歳以上,0.0%,0.0%,,100歳以上,0.0%,0.0%,,100歳以上,0.0%,0.0%,,,,,,,,,,,,,,,,,,,,,,,,,,,,,,,,,,,,
,,,合計,51.6%,48.4%,,合計,42.7%,57.3%,,合計,69.3%,30.7%,,合計,61.5%,38.5%,,合計,58.3%,41.7%,,合計,99.4%,0.6%,,,,,,,,,,,,,,,,,,,,,,,,,,,,,,,,,,,,
,,,,,,,,,,,,,,,,,,,,,,,,,,,,,,,,,,,,,,,,,,,,,,,,,,,,,,,,,,,,,
,,,（２−12）キャッシュカード詐欺盗,,,,（２−13）その他の特殊詐欺,,,,（３）特殊詐欺被害者全体に占める高齢被害者の割合,,,,,,,,,,,,,,,,,,,,,,,,,,,,,,,,,,,,,,,,,,,,,,,,,,
,,,,男（％）,女（％）,,,男（％）,女（％）,,,,"65歳以上
の割合(％)",,,,,,,,,,,,,,,,,,,,,,,,,,,,,,,,,,,,,,,,,,,,,,,,
,,,19歳以下,0.0%,0.0%,,19歳以下,1.2%,2.0%,,,,,男（％）,女（％）,,,,,,,,,,,,,,,,,,,,,,,,,,,,,,,,,,,,,,,,,,,,,,
,,,20〜29歳,0.0%,0.0%,,20〜29歳,10.1%,10.9%,,特殊詐欺,,39.9%,46.8%,53.2%,,,,,,,,,,,,,,,,,,,,,,,,,,,,,,,,,,,,,,,,,,,,,,
,,,30〜39歳,0.0%,0.0%,,30〜39歳,5.2%,12.5%,,ＳＮＳ型投資詐欺,,26.7%,67.0%,33.0%,,,,,,,,,,,,,,,,,,,,,,,,,,,,,,,,,,,,,,,,,,,,,,
,,,40〜49歳,0.0%,0.0%,,40〜49歳,8.1%,8.5%,,ＳＮＳ型ロマンス詐欺,,18.0%,70.3%,29.7%,,,,,,,,,,,,,,,,,,,,,,,,,,,,,,,,,,,,,,,,,,,,,,
,,,50〜59歳,0.3%,0.3%,,50〜59歳,9.3%,7.7%,,ニセ警察詐欺,,39.7%,41.6%,58.4%,,,,,,,,,,,,,,,,,,,,,,,,,,,,,,,,,,,,,,,,,,,,,,
,,,60〜64歳,0.0%,0.0%,,60〜64歳,4.4%,3.2%,,オレオレ詐欺,,93.1%,23.8%,76.2%,,,,,,,,,,,,,,,,,,,,,,,,,,,,,,,,,,,,,,,,,,,,,,
,,,65〜69歳,0.0%,0.8%,,65〜69歳,6.0%,3.2%,,預貯金詐欺,,97.0%,17.6%,82.4%,,,,,,,,,,,,,,,,,,,,,,,,,,,,,,,,,,,,,,,,,,,,,,
,,,70〜79歳,1.4%,14.0%,,70〜79歳,3.2%,0.8%,,架空料金請求詐欺,,30.9%,67.0%,33.0%,,,,,,,,,,,,,,,,,,,,,,,,,,,,,,,,,,,,,,,,,,,,,,
,,,80〜89歳,13.5%,58.4%,,80〜89歳,2.8%,0.8%,,還付金詐欺,,71.4%,46.3%,53.7%,,,,,,,,,,,,,,,,,,,,,,,,,,,,,,,,,,,,,,,,,,,,,,
,,,90〜99歳,4.8%,6.5%,,90〜99歳,0.0%,0.0%,,融資保証金詐欺,,5.3%,75.0%,25.0%,,,,,,,,,,,,,,,,,,,,,,,,,,,,,,,,,,,,,,,,,,,,,,
,,,100歳以上,0.0%,0.0%,,100歳以上,0.0%,0.0%,,金融商品詐欺,,58.2%,69.8%,30.2%,,,,,,,,,,,,,,,,,,,,,,,,,,,,,,,,,,,,,,,,,,,,,,
,,,合計,19.9%,80.1%,,合計,50.4%,49.6%,,ギャンブル詐欺,,50.0%,66.7%,33.3%,,,,,,,,,,,,,,,,,,,,,,,,,,,,,,,,,,,,,,,,,,,,,,
,,,,,,,,,,,交際あっせん詐欺,,23.1%,100.0%,0.0%,,,,,,,,,,,,,,,,,,,,,,,,,,,,,,,,,,,,,,,,,,,,,,
,,,,,,,,,,,キャッシュカード詐欺盗,,99.4%,19.8%,80.2%,,,,,,,,,,,,,,,,,,,,,,,,,,,,,,,,,,,,,,,,,,,,,,
,,,,,,,,,,,その他の特殊詐欺,,16.9%,71.4%,28.6%,,,,,,,,,,,,,,,,,,,,,,,,,,,,,,,,,,,,,,,,,,,,,,
,,,,,,,,,,,,,,,,,,,,,,,,,,,,,,,,,,,,,,,,,,,,,,,,,,,,,,,,,,,,,
,,,※　各欄それぞれを四捨五入しているので、各欄の数値の合計が１００%にならない場合がある。なお、本表の数値は、被害者が法人・団体等であるものを除いて集計したものである。,,,,,,,,,,,,,,,,,,,,,,,,,,,,,,,,,,,,,,,,,,,,,,,,,,,,,,,,,,
,,,,,,,,,,,,,,,,,,,,,,,,,,,,,,,,,,,,,,,,,,,,,,,,,,,,,,,,,,,,,
,,,,,,,,,,,,,,,,,,,,,,,,,,,,,,,,,,,,,,,,,,,,,,,,,,,,,,,,,,,,,
,,,,,,,,,,,,,,,,,,,,,,,,,,,,,,,,,,,,,,,,,,,,,,,,,,,,,,,,,,,,,
,,,,,,,,,,,,,,,,,,,,,,,,,,,,,,,,,,,,,,,,,,,,,,,,,,,,,,,,,,,,,
,,,,,,,,,,,,,,,,,,,,,,,,,,,,,,,,,,,,,,,,,,,,,,,,,,,,,,,,,,,,,
,,,,,,,,,,,,,,,,,,,,,,,,,,,,,,,,,,,,,,,,,,,,,,,,,,,,,,,,,,,,,
,,,,,,,,,,,,,,,,,,,,,,,,,,,,,,,,,,,,,,,,,,,,,,,,,,,,,,,,,,,,,
,,,,,,,,,,,,,,,,,,,,,,,,,,,,,,,,,,,,,,,,,,,,,,,,,,,,,,,,,,,,,
,,,,,,,,,,,,,,,,,,,,,,,,,,,,,,,,,,,,,,,,,,,,,,,,,,,,,,,,,,,,,
,,,,,,,,,,,,,,,,,,,,,,,,,,,,,,,,,,,,,,,,,,,,,,,,,,,,,,,,,,,,,
,,,,,,,,,,,,,,,,,,,,,,,,,,,,,,,,,,,,,,,,,,,,,,,,,,,,,,,,,,,,,
,,,,,,,,,,,,,,,,,,,,,,,,,,,,,,,,,,,,,,,,,,,,,,,,,,,,,,,,,,,,,
,,,,,,,,,,,,,,,,,,,,,,,,,,,,,,,,,,,,,,,,,,,,,,,,,,,,,,,,,,,,,
,,,,,,,,,,,,,,,,,,,,,,,,,,,,,,,,,,,,,,,,,,,,,,,,,,,,,,,,,,,,,
,,,,,,,,,,,,,,,,,,,,,,,,,,,,,,,,,,,,,,,,,,,,,,,,,,,,,,,,,,,,,
,,,,,,,,,,,,,,,,,,,,,,,,,,,,,,,,,,,,,,,,,,,,,,,,,,,,,,,,,,,,,
,,,,,,,,,,,,,,,,,,,,,,,,,,,,,,,,,,,,,,,,,,,,,,,,,,,,,,,,,,,,,
,,,,,,,,,,,,,,,,,,,,,,,,,,,,,,,,,,,,,,,,,,,,,,,,,,,,,,,,,,,,,
,,,,,,,,,,,,,,,,,,,,,,,,,,,,,,,,,,,,,,,,,,,,,,,,,,,,,,,,,,,,,
,,,,,,,,,,,,,,,,,,,,,,,,,,,,,,,,,,,,,,,,,,,,,,,,,,,,,,,,,,,,,
,,,,,,,,,,,,,,,,,,,,,,,,,,,,,,,,,,,,,,,,,,,,,,,,,,,,,,,,,,,,,
,,,,,,,,,,,,,,,,,,,,,,,,,,,,,,,,,,,,,,,,,,,,,,,,,,,,,,,,,,,,,
,,,,,,,,,,,,,,,,,,,,,,,,,,,,,,,,,,,,,,,,,,,,,,,,,,,,,,,,,,,,,
,,,,,,,,,,,,,,,,,,,,,,,,,,,,,,,,,,,,,,,,,,,,,,,,,,,,,,,,,,,,,
,,,,,,,,,,,,,,,,,,,,,,,,,,,,,,,,,,,,,,,,,,,,,,,,,,,,,,,,,,,,,
,,,,,,,,,,,,,,,,,,,,,,,,,,,,,,,,,,,,,,,,,,,,,,,,,,,,,,,,,,,,,
,,,,,,,,,,,,,,,,,,,,,,,,,,,,,,,,,,,,,,,,,,,,,,,,,,,,,,,,,,,,,
,,,,,,,,,,,,,,,,,,,,,,,,,,,,,,,,,,,,,,,,,,,,,,,,,,,,,,,,,,,,,
,,,,,,,,,,,,,,,,,,,,,,,,,,,,,,,,,,,,,,,,,,,,,,,,,,,,,,,,,,,,,
,,,,,,,,,,,,,,,,,,,,,,,,,,,,,,,,,,,,,,,,,,,,,,,,,,,,,,,,,,,,,
,,,,,,,,,,,,,,,,,,,,,,,,,,,,,,,,,,,,,,,,,,,,,,,,,,,,,,,,,,,,,
,,,,,,,,,,,,,,,,,,,,,,,,,,,,,,,,,,,,,,,,,,,,,,,,,,,,,,,,,,,,,
,,,,,,,,,,,,,,,,,,,,,,,,,,,,,,,,,,,,,,,,,,,,,,,,,,,,,,,,,,,,,
,,,,,,,,,,,,,,,,,,,,,,,,,,,,,,,,,,,,,,,,,,,,,,,,,,,,,,,,,,,,,
,,,,,,,,,,,,,,,,,,,,,,,,,,,,,,,,,,,,,,,,,,,,,,,,,,,,,,,,,,,,,
,,,,,,,,,,,,,,,,,,,,,,,,,,,,,,,,,,,,,,,,,,,,,,,,,,,,,,,,,,,,,
,,,,,,,,,,,,,,,,,,,,,,,,,,,,,,,,,,,,,,,,,,,,,,,,,,,,,,,,,,,,,
,,,,,,,,,,,,,,,,,,,,,,,,,,,,,,,,,,,,,,,,,,,,,,,,,,,,,,,,,,,,,
,,,,,,,,,,,,,,,,,,,,,,,,,,,,,,,,,,,,,,,,,,,,,,,,,,,,,,,,,,,,,
,,,,,,,,,,,,,,,,,,,,,,,,,,,,,,,,,,,,,,,,,,,,,,,,,,,,,,,,,,,,,
,,,,,,,,,,,,,,,,,,,,,,,,,,,,,,,,,,,,,,,,,,,,,,,,,,,,,,,,,,,,,
