REF_AREA,Reference area,TIME_PERIOD,OBS_VALUE
SWE,Sweden,1950,1820.795
SWE,Sweden,1951,1812.666
SWE,Sweden,1952,1812.666
SWE,Sweden,1953,1794.603
SWE,Sweden,1954,1804.538
SWE,Sweden,1955,1794.603
SWE,Sweden,1956,1772.023
SWE,Sweden,1957,1772.023
SWE,Sweden,1958,1743.122
SWE,Sweden,1959,1719.639
SWE,Sweden,1960,1715.123
SWE,Sweden,1961,1716.93
SWE,Sweden,1962,1706.092
SWE,Sweden,1963,1700.673
SWE,Sweden,1964,1672.674
SWE,Sweden,1965,1662.74
SWE,Sweden,1966,1650.095
SWE,Sweden,1967,1622.097
SWE,Sweden,1968,1583.26
SWE,Sweden,1969,1562.487
SWE,Sweden,1970,1562.084
SWE,Sweden,1971,1533.19
SWE,Sweden,1972,1497.073
SWE,Sweden,1973,1482.626
SWE,Sweden,1974,1465.47
SWE,Sweden,1975,1443.799
SWE,Sweden,1976,1451.926
SWE,Sweden,1977,1427.547
SWE,Sweden,1978,1391.429
SWE,Sweden,1979,1381.497
SWE,Sweden,1980,1380.594
SWE,Sweden,1981,1373.37
SWE,Sweden,1982,1386.011
SWE,Sweden,1983,1395.041
SWE,Sweden,1984,1396.847
SWE,Sweden,1985,1401.361
SWE,Sweden,1986,1399.555
SWE,Sweden,1987,1407.682
SWE,Sweden,1988,1425.741
SWE,Sweden,1989,1423.935
SWE,Sweden,1990,1422.129
SWE,Sweden,1991,1410.391
SWE,Sweden,1992,1424.838
SWE,Sweden,1993,1441.091
SWE,Sweden,1994,1476.305
SWE,Sweden,1995,1481.736
SWE,Sweden,1996,1492.611
SWE,Sweden,1997,1497.143
SWE,Sweden,1998,1496.236
SWE,Sweden,1999,1505.299
SWE,Sweden,2000,1488.986
SWE,Sweden,2001,1468.142
SWE,Sweden,2002,1446.392
SWE,Sweden,2003,1432.798
SWE,Sweden,2004,1452.736
SWE,Sweden,2005,1451.83
SWE,Sweden,2006,1450.017
SWE,Sweden,2007,1461.798
SWE,Sweden,2008,1474.486
SWE,Sweden,2009,1459.986
SWE,Sweden,2010,1485.361
SWE,Sweden,2011,1486.267
SWE,Sweden,2012,1472.674
SWE,Sweden,2013,1464.517
SWE,Sweden,2014,1465.423
SWE,Sweden,2015,1466.33
SWE,Sweden,2016,1478.111
SWE,Sweden,2017,1465.423
SWE,Sweden,2018,1464.517
SWE,Sweden,2019,1450.923
SWE,Sweden,2020,1421.923
SWE,Sweden,2021,1440.954
SWE,Sweden,2022,1435.517
SWE,Sweden,2023,1430.986
SWE,Sweden,2024,1430.986
USA,United States,1950,2002.852
USA,United States,1951,2021.636
USA,United States,1952,2023.635
USA,United States,1953,2028.495
USA,United States,1954,2019.623
USA,United States,1955,2039.928
USA,United States,1956,2038.26
USA,United States,1957,2010.177
USA,United States,1958,1983.864
USA,United States,1959,1994.137
USA,United States,1960,1988.789
USA,United States,1961,1977.861
USA,United States,1962,1996.248
USA,United States,1963,2009.988
USA,United States,1964,2016.407
USA,United States,1965,2025.908
USA,United States,1966,2015.689
USA,United States,1967,1991.881
USA,United States,1968,1980.662
USA,United States,1969,1978.575
USA,United States,1970,1948.727
USA,United States,1971,1936.431
USA,United States,1972,1931.682
USA,United States,1973,1932.577
USA,United States,1974,1901.462
USA,United States,1975,1880.672
USA,United States,1976,1883.513
USA,United States,1977,1886.473
USA,United States,1978,1877.741
USA,United States,1979,1875.686
USA,United States,1980,1859.109
USA,United States,1981,1854.333
USA,United States,1982,1846.421
USA,United States,1983,1866.917
USA,United States,1984,1883.263
USA,United States,1985,1881.752
USA,United States,1986,1874.623
USA,United States,1987,1883.439
USA,United States,1988,1882.867
USA,United States,1989,1895.148
USA,United States,1990,1878.419
USA,United States,1991,1868.058
USA,United States,1992,1867.28
USA,United States,1993,1875.011
USA,United States,1994,1886.99
USA,United States,1995,1886.286
USA,United States,1996,1887.026
USA,United States,1997,1893.567
USA,United States,1998,1891.635
USA,United States,1999,1889.274
USA,United States,2000,1879.846
USA,United States,2001,1859.869
USA,United States,2002,1854.013
USA,United States,2003,1844.095
USA,United States,2004,1845.116
USA,United States,2005,1842.134
USA,United States,2006,1846.845
USA,United States,2007,1841.875
USA,United States,2008,1830.442
USA,United States,2009,1798.778
USA,United States,2010,1810.388
USA,United States,2011,1820.304
USA,United States,2012,1827.068
USA,United States,2013,1825.439
USA,United States,2014,1830.36
USA,United States,2015,1831.118
USA,United States,2016,1822.366
USA,United States,2017,1820.449
USA,United States,2018,1825.66
USA,United States,2019,1822.579
USA,United States,2020,1799.777
USA,United States,2021,1819.895
USA,United States,2022,1810.944
USA,United States,2023,1804.95
USA,United States,2024,1795.906
FIN,Finland,1960,1994.751
FIN,Finland,1961,1993.784
FIN,Finland,1962,1987.009
FIN,Finland,1963,1983.137
FIN,Finland,1964,2008.301
FIN,Finland,1965,2008.301
FIN,Finland,1966,1984.105
FIN,Finland,1967,1967.652
FIN,Finland,1968,1952.166
FIN,Finland,1969,1933.777
FIN,Finland,1970,1918.653
FIN,Finland,1971,1884.772
FIN,Finland,1972,1869.283
FIN,Finland,1973,1853.794
FIN,Finland,1974,1847.986
FIN,Finland,1975,1751.182
FIN,Finland,1976,1743.438
FIN,Finland,1977,1730.854
FIN,Finland,1978,1736.662
FIN,Finland,1979,1730.854
FIN,Finland,1980,1732.79
FIN,Finland,1981,1726.981
FIN,Finland,1982,1719.237
FIN,Finland,1983,1709.557
FIN,Finland,1984,1705.685
FIN,Finland,1985,1699.876
FIN,Finland,1986,1683.42
FIN,Finland,1987,1690.196
FIN,Finland,1988,1694.068
FIN,Finland,1989,1694.068
FIN,Finland,1990,1670.835
FIN,Finland,1991,1652.442
FIN,Finland,1992,1651.474
FIN,Finland,1993,1651.474
FIN,Finland,1994,1671.803
FIN,Finland,1995,1676.643
FIN,Finland,1996,1675.675
FIN,Finland,1997,1671.803
FIN,Finland,1998,1662.123
FIN,Finland,1999,1661.155
FIN,Finland,2000,1652.564
FIN,Finland,2001,1638.026
FIN,Finland,2002,1630.272
FIN,Finland,2003,1624.456
FIN,Finland,2004,1626.395
FIN,Finland,2005,1615.733
FIN,Finland,2006,1610.887
FIN,Finland,2007,1607.01
FIN,Finland,2008,1603.133
FIN,Finland,2009,1582.779
FIN,Finland,2010,1587.625
FIN,Finland,2011,1579.871
FIN,Finland,2012,1568.24
FIN,Finland,2013,1560.486
FIN,Finland,2014,1556.609
FIN,Finland,2015,1555.64
FIN,Finland,2016,1554.67
FIN,Finland,2017,1548.855
FIN,Finland,2018,1546.916
FIN,Finland,2019,1537.224
FIN,Finland,2020,1529.47
FIN,Finland,2021,1527.532
FIN,Finland,2022,1512.993
FIN,Finland,2023,1497.485
FIN,Finland,2024,1509.116
AUS,Australia,1979,1819.902
AUS,Australia,1980,1818.165
AUS,Australia,1981,1803.143
AUS,Australia,1982,1781.569
AUS,Australia,1983,1765.077
AUS,Australia,1984,1785.128
AUS,Australia,1985,1778.954
AUS,Australia,1986,1782.335
AUS,Australia,1987,1781.48
AUS,Australia,1988,1778.658
AUS,Australia,1989,1791.204
AUS,Australia,1990,1777.58
AUS,Australia,1991,1763.491
AUS,Australia,1992,1760.266
AUS,Australia,1993,1778.604
AUS,Australia,1994,1785.088
AUS,Australia,2010,1688.0
AUS,Australia,2011,1690.0
AUS,Australia,2012,1682.0
AUS,Australia,2016,1661.0
AUS,Australia,2017,1665.0
AUS,Australia,2018,1653.0
AUS,Australia,2020,1610.0
AUS,Australia,2021,1620.0
AUS,Australia,2022,1626.0
AUS,Australia,2023,1645.0
AUS,Australia,2024,1627.0
AUT,Austria,1995,1614.639
AUT,Austria,1996,1644.521
AUT,Austria,1997,1653.751
AUT,Austria,1998,1634.743
AUT,Austria,1999,1639.861
AUT,Austria,2000,1639.861
AUT,Austria,2001,1628.986
AUT,Austria,2002,1625.97
AUT,Austria,2003,1618.477
AUT,Austria,2004,1623.138
AUT,Austria,2005,1602.851
AUT,Austria,2006,1587.681
AUT,Austria,2007,1579.365
AUT,Austria,2008,1574.248
AUT,Austria,2009,1531.846
AUT,Austria,2010,1528.374
AUT,Austria,2011,1538.06
AUT,Austria,2012,1520.058
AUT,Austria,2013,1512.016
AUT,Austria,2014,1510.189
AUT,Austria,2015,1495.111
AUT,Austria,2016,1507.173
AUT,Austria,2017,1499.04
AUT,Austria,2018,1505.163
AUT,Austria,2019,1515.398
AUT,Austria,2020,1401.169
AUT,Austria,2021,1443.297
AUT,Austria,2022,1444.759
AUT,Austria,2023,1447.957
AUT,Austria,2024,1432.239
BEL,Belgium,1970,1883.657
BEL,Belgium,1971,1873.855
BEL,Belgium,1972,1847.948
BEL,Belgium,1973,1820.542
BEL,Belgium,1974,1792.335
BEL,Belgium,1975,1783.133
BEL,Belgium,1976,1785.933
BEL,Belgium,1977,1760.227
BEL,Belgium,1978,1743.423
BEL,Belgium,1979,1727.019
BEL,Belgium,1980,1706.914
BEL,Belgium,1981,1683.808
BEL,Belgium,1982,1669.405
BEL,Belgium,1983,1675.306
BEL,Belgium,1984,1699.412
BEL,Belgium,1985,1705.414
BEL,Belgium,1986,1685.409
BEL,Belgium,1987,1670.305
BEL,Belgium,1988,1658.302
BEL,Belgium,1989,1649.3
BEL,Belgium,1990,1663.303
BEL,Belgium,1991,1626.194
BEL,Belgium,1992,1603.089
BEL,Belgium,1993,1558.978
BEL,Belgium,1994,1558.978
BEL,Belgium,1995,1578.383
BEL,Belgium,1996,1575.382
BEL,Belgium,1997,1582.384
BEL,Belgium,1998,1574.382
BEL,Belgium,1999,1575.382
BEL,Belgium,2000,1589.102
BEL,Belgium,2001,1581.243
BEL,Belgium,2002,1593.646
BEL,Belgium,2003,1598.22
BEL,Belgium,2004,1587.803
BEL,Belgium,2005,1577.676
BEL,Belgium,2006,1591.638
BEL,Belgium,2007,1593.658
BEL,Belgium,2008,1582.505
BEL,Belgium,2009,1564.164
BEL,Belgium,2010,1578.194
BEL,Belgium,2011,1594.696
BEL,Belgium,2012,1592.525
BEL,Belgium,2013,1591.506
BEL,Belgium,2014,1587.92
BEL,Belgium,2015,1582.106
BEL,Belgium,2016,1582.189
BEL,Belgium,2017,1584.384
BEL,Belgium,2018,1587.5
BEL,Belgium,2019,1587.405
BEL,Belgium,2020,1458.985
BEL,Belgium,2021,1550.989
BEL,Belgium,2022,1589.981
BEL,Belgium,2023,1593.289
BEL,Belgium,2024,1593.244
CAN,Canada,2016,1705.0
CAN,Canada,2017,1694.0
CAN,Canada,2018,1704.0
CAN,Canada,2019,1693.0
CAN,Canada,2020,1658.0
CAN,Canada,2021,1691.0
CAN,Canada,2022,1693.0
CAN,Canada,2023,1694.0
CAN,Canada,2024,1697.0
CHL,Chile,2010,2076.0
CHL,Chile,2011,2056.0
CHL,Chile,2012,2033.0
CHL,Chile,2013,2027.0
CHL,Chile,2014,2000.0
CHL,Chile,2023,1953.0
CHL,Chile,2024,1919.0
COL,Colombia,1970,2603.34
COL,Colombia,1971,2591.69
COL,Colombia,1972,2580.093
COL,Colombia,1973,2568.548
COL,Colombia,1974,2556.908
COL,Colombia,1975,2545.321
COL,Colombia,1976,2533.787
COL,Colombia,1977,2522.304
COL,Colombia,1978,2510.874
COL,Colombia,1979,2499.496
COL,Colombia,1980,2488.169
COL,Colombia,1981,2475.24
COL,Colombia,1982,2462.378
COL,Colombia,1983,2449.583
COL,Colombia,1984,2436.855
COL,Colombia,1985,2424.192
COL,Colombia,1986,2411.596
COL,Colombia,1987,2399.065
COL,Colombia,1988,2386.599
COL,Colombia,1989,2374.198
COL,Colombia,1990,2362.201
COL,Colombia,1991,2350.173
COL,Colombia,1992,2338.207
COL,Colombia,1993,2353.751
COL,Colombia,1994,2369.399
COL,Colombia,2015,2395.831
COL,Colombia,2016,2392.209
COL,Colombia,2017,2376.426
COL,Colombia,2018,2385.939
COL,Colombia,2019,2382.611
COL,Colombia,2020,2069.439
COL,Colombia,2021,2287.544
COL,Colombia,2022,2282.116
COL,Colombia,2023,2252.462
CRI,Costa Rica,2023,2170.5
CRI,Costa Rica,2024,2149.0
CZE,Czechia,1995,1831.48
CZE,Czechia,1996,1829.348
CZE,Czechia,1997,1837.643
CZE,Czechia,1998,1860.957
CZE,Czechia,1999,1890.646
CZE,Czechia,2000,1900.422
CZE,Czechia,2001,1823.254
CZE,Czechia,2002,1812.366
CZE,Czechia,2003,1799.214
CZE,Czechia,2004,1813.586
CZE,Czechia,2005,1802.671
CZE,Czechia,2006,1789.104
CZE,Czechia,2007,1774.68
CZE,Czechia,2008,1789.289
CZE,Czechia,2009,1779.339
CZE,Czechia,2010,1798.807
CZE,Czechia,2011,1804.786
CZE,Czechia,2012,1774.424
CZE,Czechia,2013,1761.224
CZE,Czechia,2014,1771.798
CZE,Czechia,2015,1749.727
CZE,Czechia,2016,1773.193
CZE,Czechia,2017,1775.649
CZE,Czechia,2018,1783.554
CZE,Czechia,2019,1783.152
CZE,Czechia,2020,1672.854
CZE,Czechia,2021,1721.574
CZE,Czechia,2022,1779.403
CZE,Czechia,2023,1774.155
CZE,Czechia,2024,1770.708
DNK,Denmark,1970,1845.348
DNK,Denmark,1971,1809.736
DNK,Denmark,1972,1751.845
DNK,Denmark,1973,1709.507
DNK,Denmark,1974,1691.495
DNK,Denmark,1975,1616.505
DNK,Denmark,1976,1623.536
DNK,Denmark,1977,1598.425
DNK,Denmark,1978,1575.157
DNK,Denmark,1979,1563.845
DNK,Denmark,1980,1577.436
DNK,Denmark,1981,1546.399
DNK,Denmark,1982,1552.841
DNK,Denmark,1983,1545.958
DNK,Denmark,1984,1540.836
DNK,Denmark,1985,1527.464
DNK,Denmark,1986,1530.954
DNK,Denmark,1987,1493.025
DNK,Denmark,1988,1471.17
DNK,Denmark,1989,1454.952
DNK,Denmark,1990,1440.502
DNK,Denmark,1991,1437.314
DNK,Denmark,1992,1452.365
DNK,Denmark,1993,1448.921
DNK,Denmark,1994,1406.661
DNK,Denmark,1995,1419.133
DNK,Denmark,1996,1412.261
DNK,Denmark,1997,1428.088
DNK,Denmark,1998,1441.122
DNK,Denmark,1999,1456.503
DNK,Denmark,2000,1465.946
DNK,Denmark,2001,1468.658
DNK,Denmark,2002,1462.575
DNK,Denmark,2003,1457.813
DNK,Denmark,2004,1458.082
DNK,Denmark,2005,1451.37
DNK,Denmark,2006,1455.689
DNK,Denmark,2007,1432.765
DNK,Denmark,2008,1429.972
DNK,Denmark,2009,1416.854
DNK,Denmark,2010,1422.293
DNK,Denmark,2011,1436.826
DNK,Denmark,2012,1423.267
DNK,Denmark,2013,1425.736
DNK,Denmark,2014,1413.646
DNK,Denmark,2015,1406.894
DNK,Denmark,2016,1412.018
DNK,Denmark,2017,1404.081
DNK,Denmark,2018,1380.78
DNK,Denmark,2019,1372.385
DNK,Denmark,2020,1340.595
DNK,Denmark,2021,1388.907
DNK,Denmark,2022,1385.049
DNK,Denmark,2023,1379.945
DNK,Denmark,2024,1378.748
EST,Estonia,2000,1883.541
EST,Estonia,2001,1876.516
EST,Estonia,2002,1878.605
EST,Estonia,2003,1883.98
EST,Estonia,2004,1891.719
EST,Estonia,2005,1912.586
EST,Estonia,2006,1905.556
EST,Estonia,2007,1903.169
EST,Estonia,2008,1873.919
EST,Estonia,2009,1744.758
EST,Estonia,2010,1785.29
EST,Estonia,2011,1827.345
EST,Estonia,2012,1795.751
EST,Estonia,2013,1776.854
EST,Estonia,2014,1770.748
EST,Estonia,2015,1763.306
EST,Estonia,2016,1766.718
EST,Estonia,2017,1768.131
EST,Estonia,2018,1707.299
EST,Estonia,2019,1694.293
EST,Estonia,2020,1637.233
EST,Estonia,2021,1625.451
EST,Estonia,2022,1601.718
EST,Estonia,2023,1605.743
EST,Estonia,2024,1611.124
FRA,France,1990,1644.851
FRA,France,1991,1637.782
FRA,France,1992,1635.152
FRA,France,1993,1626.686
FRA,France,1994,1623.234
FRA,France,1995,1579.078
FRA,France,1996,1575.092
FRA,France,1997,1573.885
FRA,France,1998,1564.927
FRA,France,1999,1560.667
FRA,France,2000,1542.145
FRA,France,2001,1523.128
FRA,France,2002,1489.72
FRA,France,2003,1493.354
FRA,France,2004,1517.261
FRA,France,2005,1518.586
FRA,France,2006,1503.363
FRA,France,2007,1525.35
FRA,France,2008,1531.923
FRA,France,2009,1520.032
FRA,France,2010,1528.035
FRA,France,2011,1533.702
FRA,France,2012,1527.898
FRA,France,2013,1512.796
FRA,France,2014,1504.182
FRA,France,2015,1504.331
FRA,France,2016,1507.395
FRA,France,2017,1492.042
FRA,France,2018,1499.651
FRA,France,2019,1504.382
FRA,France,2020,1390.85
FRA,France,2021,1468.614
FRA,France,2022,1493.84
FRA,France,2023,1488.518
FRA,France,2024,1490.729
DEU,Germany,1970,1960.449
DEU,Germany,1971,1928.538
DEU,Germany,1972,1905.509
DEU,Germany,1974,1837.596
DEU,Germany,1975,1800.829
DEU,Germany,1976,1813.297
DEU,Germany,1977,1795.818
DEU,Germany,1978,1776.881
DEU,Germany,1979,1765.023
DEU,Germany,1980,1745.688
DEU,Germany,1981,1724.153
DEU,Germany,1982,1712.987
DEU,Germany,1983,1700.126
DEU,Germany,1984,1688.562
DEU,Germany,1985,1665.532
DEU,Germany,1986,1646.589
DEU,Germany,1987,1624.457
DEU,Germany,1988,1619.272
DEU,Germany,1989,1595.844
DEU,Germany,1990,1572.814
DEU,Germany,1991,1554.071
DEU,Germany,1992,1565.105
DEU,Germany,1993,1540.173
DEU,Germany,1994,1536.58
DEU,Germany,1995,1528.897
DEU,Germany,1996,1515.496
DEU,Germany,1997,1506.156
DEU,Germany,1998,1503.01
DEU,Germany,1999,1490.267
DEU,Germany,2000,1464.534
DEU,Germany,2001,1457.354
DEU,Germany,2002,1448.336
DEU,Germany,2003,1443.067
DEU,Germany,2004,1442.652
DEU,Germany,2005,1431.893
DEU,Germany,2006,1452.421
DEU,Germany,2007,1453.857
DEU,Germany,2008,1446.892
DEU,Germany,2009,1406.77
DEU,Germany,2010,1425.368
DEU,Germany,2011,1427.183
DEU,Germany,2012,1405.995
DEU,Germany,2013,1395.734
DEU,Germany,2014,1400.007
DEU,Germany,2015,1401.59
DEU,Germany,2016,1395.829
DEU,Germany,2017,1388.212
DEU,Germany,2018,1380.726
DEU,Germany,2019,1372.045
DEU,Germany,2020,1313.566
DEU,Germany,2021,1341.88
DEU,Germany,2022,1340.14
DEU,Germany,2023,1335.274
DEU,Germany,2024,1331.451
GRC,Greece,1983,2072.195
GRC,Greece,1984,2002.995
GRC,Greece,1985,2020.058
GRC,Greece,1986,2008.683
GRC,Greece,1987,1967.921
GRC,Greece,1988,1956.546
GRC,Greece,1989,1997.307
GRC,Greece,1990,1975.505
GRC,Greece,1991,2004.891
GRC,Greece,1992,2031.433
GRC,Greece,1993,2051.34
GRC,Greece,1994,2018.162
GRC,Greece,1995,2000.821
GRC,Greece,1996,1999.584
GRC,Greece,1997,1998.202
GRC,Greece,1998,1998.667
GRC,Greece,1999,1995.27
GRC,Greece,2000,1997.913
GRC,Greece,2001,1991.742
GRC,Greece,2002,1984.239
GRC,Greece,2003,1982.592
GRC,Greece,2004,1974.129
GRC,Greece,2005,2025.022
GRC,Greece,2006,2014.69
GRC,Greece,2007,2001.087
GRC,Greece,2008,1996.603
GRC,Greece,2009,1972.859
GRC,Greece,2010,1931.078
GRC,Greece,2011,1950.219
GRC,Greece,2012,1989.93
GRC,Greece,2013,1996.605
GRC,Greece,2014,1949.332
GRC,Greece,2015,1934.986
GRC,Greece,2016,1942.727
GRC,Greece,2017,1946.938
GRC,Greece,2018,1961.081
GRC,Greece,2019,1917.592
GRC,Greece,2020,1735.434
GRC,Greece,2021,1853.799
GRC,Greece,2022,1881.747
GRC,Greece,2023,1893.062
GRC,Greece,2024,1898.22
HUN,Hungary,1995,1952.371
HUN,Hungary,1996,1950.144
HUN,Hungary,1997,1958.439
HUN,Hungary,1998,1945.358
HUN,Hungary,1999,1945.036
HUN,Hungary,2000,1940.261
HUN,Hungary,2001,1906.431
HUN,Hungary,2002,1892.032
HUN,Hungary,2003,1857.141
HUN,Hungary,2004,1850.891
HUN,Hungary,2005,1827.059
HUN,Hungary,2006,1817.931
HUN,Hungary,2007,1795.226
HUN,Hungary,2008,1790.623
HUN,Hungary,2009,1755.303
HUN,Hungary,2010,1759.832
HUN,Hungary,2011,1747.195
HUN,Hungary,2012,1744.73
HUN,Hungary,2013,1740.719
HUN,Hungary,2014,1749.015
HUN,Hungary,2015,1742.848
HUN,Hungary,2016,1755.904
HUN,Hungary,2017,1749.673
HUN,Hungary,2018,1736.875
HUN,Hungary,2019,1728.264
HUN,Hungary,2020,1653.149
HUN,Hungary,2021,1682.396
HUN,Hungary,2022,1691.617
HUN,Hungary,2023,1671.139
HUN,Hungary,2024,1674.274
ISL,Iceland,1970,2046.67
ISL,Iceland,1971,2006.881
ISL,Iceland,1972,1972.663
ISL,Iceland,1973,1954.659
ISL,Iceland,1974,1929.074
ISL,Iceland,1975,1903.458
ISL,Iceland,1976,1874.998
ISL,Iceland,1977,1831.44
ISL,Iceland,1978,1791.557
ISL,Iceland,1979,1778.233
ISL,Iceland,1980,1767.798
ISL,Iceland,1981,1761.146
ISL,Iceland,1982,1763.98
ISL,Iceland,1983,1763.995
ISL,Iceland,1984,1762.092
ISL,Iceland,1985,1761.153
ISL,Iceland,1986,1753.577
ISL,Iceland,1987,1751.647
ISL,Iceland,1988,1759.242
ISL,Iceland,1989,1754.53
ISL,Iceland,1990,1744.093
ISL,Iceland,1991,1747.822
ISL,Iceland,1992,1752.689
ISL,Iceland,1993,1756.434
ISL,Iceland,1994,1764.222
ISL,Iceland,1995,1733.685
ISL,Iceland,1996,1758.782
ISL,Iceland,1997,1736.957
ISL,Iceland,1998,1741.122
ISL,Iceland,1999,1742.37
ISL,Iceland,2000,1728.713
ISL,Iceland,2001,1714.427
ISL,Iceland,2002,1714.466
ISL,Iceland,2003,1682.435
ISL,Iceland,2004,1686.855
ISL,Iceland,2005,1614.845
ISL,Iceland,2006,1588.35
ISL,Iceland,2007,1553.874
ISL,Iceland,2008,1625.204
ISL,Iceland,2009,1536.385
ISL,Iceland,2010,1527.852
ISL,Iceland,2011,1537.681
ISL,Iceland,2012,1523.065
ISL,Iceland,2013,1524.133
ISL,Iceland,2014,1513.436
ISL,Iceland,2015,1511.402
ISL,Iceland,2016,1519.995
ISL,Iceland,2017,1507.077
ISL,Iceland,2018,1496.456
ISL,Iceland,2019,1480.148
ISL,Iceland,2020,1464.424
ISL,Iceland,2021,1460.389
ISL,Iceland,2022,1459.89
ISL,Iceland,2023,1451.993
ISL,Iceland,2024,1434.11
IRL,Ireland,1970,2288.492
IRL,Ireland,1971,2271.817
IRL,Ireland,1972,2252.065
IRL,Ireland,1973,2239.751
IRL,Ireland,1974,2204.094
IRL,Ireland,1975,2194.346
IRL,Ireland,1976,2188.959
IRL,Ireland,1977,2159.971
IRL,Ireland,1978,2140.731
IRL,Ireland,1979,2119.439
IRL,Ireland,1980,2080.96
IRL,Ireland,1981,2050.177
IRL,Ireland,1982,2042.994
IRL,Ireland,1983,2032.989
IRL,Ireland,1984,2015.289
IRL,Ireland,1985,2022.215
IRL,Ireland,1986,2056.077
IRL,Ireland,1987,2035.811
IRL,Ireland,1988,2044.02
IRL,Ireland,1989,2051.203
IRL,Ireland,1990,2039.915
IRL,Ireland,1991,2005.541
IRL,Ireland,1992,1958.083
IRL,Ireland,1993,1931.917
IRL,Ireland,1994,1932.173
IRL,Ireland,1995,1962.008
IRL,Ireland,1996,1953.599
IRL,Ireland,1997,1954.201
IRL,Ireland,1998,1914.3
IRL,Ireland,1999,1890.1
IRL,Ireland,2000,1877.0
IRL,Ireland,2001,1853.8
IRL,Ireland,2002,1838.7
IRL,Ireland,2003,1808.0
IRL,Ireland,2004,1792.6
IRL,Ireland,2005,1793.0
IRL,Ireland,2006,1772.1
IRL,Ireland,2007,1744.8
IRL,Ireland,2008,1710.6
IRL,Ireland,2009,1660.5
IRL,Ireland,2010,1664.9
IRL,Ireland,2013,1677.3
IRL,Ireland,2014,1688.9
IRL,Ireland,2015,1682.1
IRL,Ireland,2016,1705.0
IRL,Ireland,2017,1727.3
IRL,Ireland,2018,1742.4
IRL,Ireland,2020,1620.2
IRL,Ireland,2021,1629.8
IRL,Ireland,2022,1658.8
IRL,Ireland,2023,1629.3
IRL,Ireland,2024,1621.7
ISR,Israel,1981,1966.364
ISR,Israel,1982,1942.088
ISR,Israel,1983,1928.939
ISR,Israel,1984,1931.973
ISR,Israel,1985,1931.973
ISR,Israel,1986,1926.916
ISR,Israel,1987,1920.847
ISR,Israel,1988,1878.364
ISR,Israel,1989,1909.72
ISR,Israel,1990,1904.663
ISR,Israel,1991,1897.582
ISR,Israel,1992,1951.192
ISR,Israel,1993,1953.215
ISR,Israel,1994,1993.675
ISR,Israel,1995,2019.569
ISR,Israel,1996,2037.771
ISR,Israel,1997,2041.117
ISR,Israel,1998,2016.306
ISR,Israel,1999,2023.139
ISR,Israel,2000,2033.031
ISR,Israel,2001,1992.15
ISR,Israel,2002,2008.505
ISR,Israel,2003,1989.037
ISR,Israel,2004,1966.233
ISR,Israel,2005,1957.112
ISR,Israel,2006,1945.005
ISR,Israel,2007,1957.866
ISR,Israel,2008,1955.662
ISR,Israel,2009,1956.012
ISR,Israel,2010,1950.301
ISR,Israel,2011,1941.947
ISR,Israel,2012,1916.593
ISR,Israel,2013,1906.779
ISR,Israel,2014,1893.307
ISR,Israel,2015,1894.42
ISR,Israel,2016,1918.541
ISR,Israel,2017,1918.016
ISR,Israel,2018,1910.715
ISR,Israel,2019,1894.942
ISR,Israel,2020,1778.438
ISR,Israel,2021,1877.381
ISR,Israel,2022,1890.858
ISR,Israel,2023,1880.809
ISR,Israel,2024,1877.038
ITA,Italy,1970,2042.316
ITA,Italy,1971,1989.836
ITA,Italy,1972,1970.973
ITA,Italy,1973,1954.73
ITA,Italy,1974,1924.153
ITA,Italy,1975,1908.631
ITA,Italy,1976,1906.535
ITA,Italy,1977,1871.688
ITA,Italy,1978,1861.644
ITA,Italy,1979,1855.108
ITA,Italy,1980,1856.145
ITA,Italy,1981,1862.422
ITA,Italy,1982,1873.828
ITA,Italy,1983,1873.101
ITA,Italy,1984,1862.735
ITA,Italy,1985,1859.236
ITA,Italy,1986,1867.672
ITA,Italy,1987,1886.798
ITA,Italy,1988,1890.464
ITA,Italy,1989,1874.599
ITA,Italy,1990,1863.888
ITA,Italy,1991,1856.938
ITA,Italy,1992,1860.098
ITA,Italy,1993,1859.962
ITA,Italy,1994,1853.881
ITA,Italy,1996,1841.439
ITA,Italy,1997,1835.325
ITA,Italy,1998,1849.668
ITA,Italy,1999,1847.116
ITA,Italy,2000,1827.7
ITA,Italy,2001,1818.168
ITA,Italy,2002,1801.002
ITA,Italy,2003,1784.348
ITA,Italy,2004,1783.564
ITA,Italy,2005,1779.861
ITA,Italy,2006,1781.106
ITA,Italy,2007,1786.214
ITA,Italy,2008,1775.378
ITA,Italy,2009,1742.563
ITA,Italy,2010,1743.237
ITA,Italy,2011,1739.031
ITA,Italy,2012,1700.625
ITA,Italy,2013,1687.479
ITA,Italy,2014,1685.58
ITA,Italy,2015,1688.082
ITA,Italy,2016,1692.141
ITA,Italy,2017,1690.696
ITA,Italy,2018,1690.236
ITA,Italy,2019,1680.492
ITA,Italy,2020,1513.929
ITA,Italy,2021,1653.027
ITA,Italy,2022,1691.253
ITA,Italy,2023,1701.421
ITA,Italy,2024,1709.15
JPN,Japan,2020,1597.011
JPN,Japan,2021,1607.483
JPN,Japan,2022,1606.995
JPN,Japan,2023,1610.745
JPN,Japan,2024,1617.381
KOR,Korea,2013,2105.0
KOR,Korea,2014,2075.0
KOR,Korea,2015,2082.0
KOR,Korea,2018,1992.0
KOR,Korea,2019,1966.0
KOR,Korea,2020,1907.0
KOR,Korea,2022,1900.0
KOR,Korea,2023,1872.0
KOR,Korea,2024,1865.0
LVA,Latvia,1995,1867.147
LVA,Latvia,1996,1865.496
LVA,Latvia,1997,1861.21
LVA,Latvia,1998,1860.042
LVA,Latvia,1999,1861.487
LVA,Latvia,2000,1864.652
LVA,Latvia,2001,1872.527
LVA,Latvia,2002,1841.687
LVA,Latvia,2003,1836.005
LVA,Latvia,2004,1802.164
LVA,Latvia,2005,1842.139
LVA,Latvia,2006,1829.009
LVA,Latvia,2007,1793.631
LVA,Latvia,2008,1751.089
LVA,Latvia,2009,1707.336
LVA,Latvia,2010,1692.401
LVA,Latvia,2011,1707.045
LVA,Latvia,2012,1691.64
LVA,Latvia,2013,1685.934
LVA,Latvia,2014,1695.308
LVA,Latvia,2015,1663.186
LVA,Latvia,2016,1663.836
LVA,Latvia,2017,1649.865
LVA,Latvia,2018,1661.178
LVA,Latvia,2019,1660.633
LVA,Latvia,2020,1570.681
LVA,Latvia,2021,1597.461
LVA,Latvia,2022,1630.316
LVA,Latvia,2023,1625.241
LVA,Latvia,2024,1636.665
LTU,Lithuania,1995,1552.343
LTU,Lithuania,1996,1550.065
LTU,Lithuania,1997,1554.901
LTU,Lithuania,1998,1596.507
LTU,Lithuania,1999,1549.766
LTU,Lithuania,2000,1657.845
LTU,Lithuania,2001,1645.638
LTU,Lithuania,2002,1619.101
LTU,Lithuania,2003,1603.989
LTU,Lithuania,2004,1685.643
LTU,Lithuania,2005,1688.635
LTU,Lithuania,2006,1680.991
LTU,Lithuania,2007,1708.159
LTU,Lithuania,2008,1733.278
LTU,Lithuania,2009,1670.844
LTU,Lithuania,2010,1697.472
LTU,Lithuania,2011,1674.999
LTU,Lithuania,2012,1673.034
LTU,Lithuania,2013,1658.257
LTU,Lithuania,2014,1650.661
LTU,Lithuania,2015,1673.202
LTU,Lithuania,2016,1694.331
LTU,Lithuania,2017,1656.934
LTU,Lithuania,2018,1664.095
LTU,Lithuania,2019,1665.665
LTU,Lithuania,2020,1595.552
LTU,Lithuania,2021,1619.266
LTU,Lithuania,2022,1624.95
LTU,Lithuania,2023,1640.355
LTU,Lithuania,2024,1659.65
LUX,Luxembourg,1970,1884.545
LUX,Luxembourg,1971,1880.96
LUX,Luxembourg,1972,1859.946
LUX,Luxembourg,1973,1830.072
LUX,Luxembourg,1974,1806.08
LUX,Luxembourg,1975,1777.873
LUX,Luxembourg,1976,1794.686
LUX,Luxembourg,1977,1769.056
LUX,Luxembourg,1978,1751.087
LUX,Luxembourg,1979,1734.128
LUX,Luxembourg,1980,1717.581
LUX,Luxembourg,1981,1692.823
LUX,Luxembourg,1982,1674.813
LUX,Luxembourg,1983,1669.064
LUX,Luxembourg,1984,1655.194
LUX,Luxembourg,1985,1659.818
LUX,Luxembourg,1986,1651.495
LUX,Luxembourg,1987,1649.646
LUX,Luxembourg,1988,1669.989
LUX,Luxembourg,1989,1658.893
LUX,Luxembourg,1990,1658.893
LUX,Luxembourg,1991,1641.324
LUX,Luxembourg,1992,1620.056
LUX,Luxembourg,1993,1626.529
LUX,Luxembourg,1994,1605.261
LUX,Luxembourg,1998,1598.0
LUX,Luxembourg,2005,1566.0
LUX,Luxembourg,2011,1519.0
LUX,Luxembourg,2020,1388.0
LUX,Luxembourg,2021,1475.0
LUX,Luxembourg,2022,1472.0
LUX,Luxembourg,2023,1466.0
LUX,Luxembourg,2024,1468.0
MEX,Mexico,2005,2284.318
MEX,Mexico,2006,2271.572
MEX,Mexico,2007,2252.178
MEX,Mexico,2008,2255.999
MEX,Mexico,2009,2245.172
MEX,Mexico,2010,2243.893
MEX,Mexico,2011,2236.718
MEX,Mexico,2012,2226.199
MEX,Mexico,2013,2230.844
MEX,Mexico,2014,2229.068
MEX,Mexico,2015,2233.595
MEX,Mexico,2016,2237.939
MEX,Mexico,2017,2237.741
MEX,Mexico,2018,2237.945
MEX,Mexico,2019,2227.517
MEX,Mexico,2020,2207.426
MEX,Mexico,2021,2216.265
MEX,Mexico,2022,2226.3
MEX,Mexico,2023,2206.628
MEX,Mexico,2024,2193.358
NLD,Netherlands,1995,1502.953
NLD,Netherlands,1996,1514.931
NLD,Netherlands,1997,1505.469
NLD,Netherlands,1998,1498.38
NLD,Netherlands,1999,1491.954
NLD,Netherlands,2000,1485.914
NLD,Netherlands,2001,1475.767
NLD,Netherlands,2002,1458.44
NLD,Netherlands,2003,1449.821
NLD,Netherlands,2004,1459.46
NLD,Netherlands,2005,1450.0
NLD,Netherlands,2006,1449.103
NLD,Netherlands,2007,1451.464
NLD,Netherlands,2008,1447.427
NLD,Netherlands,2009,1438.088
NLD,Netherlands,2010,1437.442
NLD,Netherlands,2011,1435.548
NLD,Netherlands,2012,1430.18
NLD,Netherlands,2013,1438.8
NLD,Netherlands,2014,1446.646
NLD,Netherlands,2015,1449.67
NLD,Netherlands,2016,1459.737
NLD,Netherlands,2017,1463.482
NLD,Netherlands,2018,1463.412
NLD,Netherlands,2019,1465.361
NLD,Netherlands,2020,1416.243
NLD,Netherlands,2021,1445.17
NLD,Netherlands,2022,1449.757
NLD,Netherlands,2023,1449.243
NLD,Netherlands,2024,1445.043
NZL,New Zealand,1970,1863.992
NZL,New Zealand,1971,1860.782
NZL,New Zealand,1972,1846.338
NZL,New Zealand,1973,1844.031
NZL,New Zealand,1974,1852.456
NZL,New Zealand,1975,1836.708
NZL,New Zealand,1976,1833.498
NZL,New Zealand,1977,1838.915
NZL,New Zealand,1978,1830.088
NZL,New Zealand,1979,1820.86
NZL,New Zealand,1980,1810.027
NZL,New Zealand,1981,1791.972
NZL,New Zealand,1982,1799.294
NZL,New Zealand,1983,1852.858
NZL,New Zealand,1984,1846.338
NZL,New Zealand,1985,1840.319
NZL,New Zealand,2023,1751.0
NZL,New Zealand,2024,1741.0
NOR,Norway,1986,1527.8
NOR,Norway,1987,1500.8
NOR,Norway,1988,1503.6
NOR,Norway,1989,1500.6
NOR,Norway,1990,1492.676
NOR,Norway,1991,1489.897
NOR,Norway,1993,1496.569
NOR,Norway,1994,1494.442
NOR,Norway,2022,1422.0
NOR,Norway,2023,1412.0
NOR,Norway,2024,1407.0
POL,Poland,1993,1903.245
POL,Poland,1994,1940.738
POL,Poland,1995,1858.513
POL,Poland,1996,1858.66
POL,Poland,1997,1858.48
POL,Poland,1998,1858.427
POL,Poland,1999,1874.98
POL,Poland,2000,1858.34
POL,Poland,2001,1860.119
POL,Poland,2002,1855.463
POL,Poland,2003,1860.549
POL,Poland,2004,1860.871
POL,Poland,2005,1855.975
POL,Poland,2006,1857.342
POL,Poland,2007,1854.695
POL,Poland,2008,1847.54
POL,Poland,2009,1833.614
POL,Poland,2010,1828.972
POL,Poland,2011,1824.33
POL,Poland,2012,1819.688
POL,Poland,2013,1816.434
POL,Poland,2014,1822.296
POL,Poland,2015,1829.159
POL,Poland,2016,1831.364
POL,Poland,2017,1811.616
POL,Poland,2018,1787.329
POL,Poland,2019,1796.511
POL,Poland,2020,1779.211
POL,Poland,2021,1827.92
POL,Poland,2022,1818.444
POL,Poland,2023,1806.919
POL,Poland,2024,1785.142
PRT,Portugal,1970,1963.479
PRT,Portugal,1971,1950.573
PRT,Portugal,1972,1938.59
PRT,Portugal,1973,1926.606
PRT,Portugal,1974,1914.622
PRT,Portugal,1975,1903.561
PRT,Portugal,1976,1892.499
PRT,Portugal,1977,1881.437
PRT,Portugal,1978,1870.375
PRT,Portugal,1979,1859.313
PRT,Portugal,1980,1849.173
PRT,Portugal,1981,1838.111
PRT,Portugal,1982,1827.049
PRT,Portugal,1983,1816.909
PRT,Portugal,1984,1805.847
PRT,Portugal,1985,1795.707
PRT,Portugal,1986,1784.646
PRT,Portugal,1987,1799.395
PRT,Portugal,1988,1798.473
PRT,Portugal,1989,1817.831
PRT,Portugal,1990,1805.847
PRT,Portugal,1991,1739.476
PRT,Portugal,1992,1682.323
PRT,Portugal,1993,1684.167
PRT,Portugal,1994,1691.542
PRT,Portugal,1995,1758.83
PRT,Portugal,1996,1759.807
PRT,Portugal,1997,1755.126
PRT,Portugal,1998,1769.461
PRT,Portugal,1999,1771.1
PRT,Portugal,2000,1780.003
PRT,Portugal,2001,1764.59
PRT,Portugal,2002,1758.152
PRT,Portugal,2003,1751.637
PRT,Portugal,2004,1757.32
PRT,Portugal,2005,1759.227
PRT,Portugal,2006,1748.284
PRT,Portugal,2007,1764.177
PRT,Portugal,2008,1752.014
PRT,Portugal,2009,1752.415
PRT,Portugal,2010,1755.048
PRT,Portugal,2011,1729.588
PRT,Portugal,2012,1708.598
PRT,Portugal,2013,1718.767
PRT,Portugal,2014,1726.294
PRT,Portugal,2015,1731.758
PRT,Portugal,2016,1737.476
PRT,Portugal,2017,1727.047
PRT,Portugal,2018,1736.839
PRT,Portugal,2019,1741.303
PRT,Portugal,2020,1630.844
PRT,Portugal,2021,1680.509
PRT,Portugal,2022,1720.243
PRT,Portugal,2023,1734.942
PRT,Portugal,2024,1715.776
SVK,Slovak Republic,2021,1581.0
SVK,Slovak Republic,2022,1610.0
SVK,Slovak Republic,2023,1621.0
SVK,Slovak Republic,2024,1624.0
SVN,Slovenia,2003,1723.0
SVN,Slovenia,2020,1533.0
SVN,Slovenia,2021,1594.0
SVN,Slovenia,2023,1588.0
SVN,Slovenia,2024,1602.0
ESP,Spain,1970,2046.445
ESP,Spain,1971,2042.168
ESP,Spain,1972,2038.095
ESP,Spain,1973,2034.019
ESP,Spain,1974,2029.952
ESP,Spain,1975,2025.893
ESP,Spain,1976,2021.829
ESP,Spain,1977,2017.729
ESP,Spain,1978,1986.616
ESP,Spain,1979,1936.477
ESP,Spain,1980,1918.344
ESP,Spain,1981,1884.258
ESP,Spain,1982,1863.152
ESP,Spain,1983,1831.047
ESP,Spain,1984,1786.953
ESP,Spain,1985,1776.945
ESP,Spain,1986,1768.919
ESP,Spain,1987,1760.893
ESP,Spain,1988,1756.83
ESP,Spain,1989,1744.841
ESP,Spain,1990,1746.823
ESP,Spain,1991,1755.84
ESP,Spain,1992,1747.813
ESP,Spain,1993,1739.787
ESP,Spain,1994,1738.796
ESP,Spain,1995,1735.916
ESP,Spain,1996,1740.426
ESP,Spain,1997,1743.212
ESP,Spain,1998,1752.442
ESP,Spain,1999,1758.401
ESP,Spain,2000,1753.089
ESP,Spain,2001,1762.652
ESP,Spain,2002,1762.219
ESP,Spain,2003,1751.272
ESP,Spain,2004,1735.051
ESP,Spain,2005,1717.967
ESP,Spain,2006,1707.05
ESP,Spain,2007,1694.868
ESP,Spain,2008,1705.075
ESP,Spain,2009,1711.16
ESP,Spain,2010,1703.215
ESP,Spain,2011,1708.592
ESP,Spain,2012,1699.222
ESP,Spain,2013,1688.109
ESP,Spain,2014,1688.149
ESP,Spain,2015,1689.956
ESP,Spain,2016,1696.839
ESP,Spain,2017,1688.791
ESP,Spain,2018,1693.496
ESP,Spain,2019,1678.23
ESP,Spain,2020,1562.677
ESP,Spain,2021,1633.474
ESP,Spain,2022,1653.44
ESP,Spain,2023,1637.986
ESP,Spain,2024,1633.531
CHE,Switzerland,1995,1720.264
CHE,Switzerland,1996,1696.873
CHE,Switzerland,1997,1687.455
CHE,Switzerland,1998,1695.534
CHE,Switzerland,1999,1717.399
CHE,Switzerland,2000,1712.744
CHE,Switzerland,2001,1672.849
CHE,Switzerland,2002,1651.259
CHE,Switzerland,2003,1664.542
CHE,Switzerland,2004,1694.952
CHE,Switzerland,2005,1689.969
CHE,Switzerland,2006,1679.238
CHE,Switzerland,2007,1668.869
CHE,Switzerland,2008,1659.458
CHE,Switzerland,2009,1650.777
CHE,Switzerland,2010,1611.235
CHE,Switzerland,2011,1608.309
CHE,Switzerland,2012,1592.564
CHE,Switzerland,2013,1572.689
CHE,Switzerland,2014,1564.47
CHE,Switzerland,2015,1576.62
CHE,Switzerland,2016,1577.044
CHE,Switzerland,2017,1559.09
CHE,Switzerland,2018,1551.416
CHE,Switzerland,2019,1549.095
CHE,Switzerland,2020,1498.798
CHE,Switzerland,2021,1532.479
CHE,Switzerland,2022,1536.634
CHE,Switzerland,2023,1529.574
CHE,Switzerland,2024,1531.708
TUR,Türkiye,2014,1829.543
TUR,Türkiye,2015,1810.707
TUR,Türkiye,2016,1789.414
TUR,Türkiye,2017,1775.492
TUR,Türkiye,2018,1745.191
TUR,Türkiye,2019,1732.088
TUR,Türkiye,2020,1572.392
TUR,Türkiye,2021,1732.088
GBR,United Kingdom,1970,1774.941
GBR,United Kingdom,1971,1740.12
GBR,United Kingdom,1972,1708.965
GBR,United Kingdom,1973,1760.279
GBR,United Kingdom,1974,1724.542
GBR,United Kingdom,1975,1719.961
GBR,United Kingdom,1976,1704.383
GBR,United Kingdom,1977,1686.973
GBR,United Kingdom,1978,1668.646
GBR,United Kingdom,1979,1661.315
GBR,United Kingdom,1980,1619.164
GBR,United Kingdom,1981,1566.933
GBR,United Kingdom,1982,1580.678
GBR,United Kingdom,1983,1567.849
GBR,United Kingdom,1984,1582.51
GBR,United Kingdom,1985,1612.749
GBR,United Kingdom,1986,1615.498
GBR,United Kingdom,1987,1605.419
GBR,United Kingdom,1988,1642.072
GBR,United Kingdom,1989,1631.076
GBR,United Kingdom,1990,1617.331
GBR,United Kingdom,1991,1614.582
GBR,United Kingdom,1992,1582.51
GBR,United Kingdom,1993,1577.012
GBR,United Kingdom,1994,1586.176
GBR,United Kingdom,1995,1586.176
GBR,United Kingdom,1996,1586.176
GBR,United Kingdom,1997,1586.176
GBR,United Kingdom,1998,1581.594
GBR,United Kingdom,1999,1572.431
GBR,United Kingdom,2000,1526.015
GBR,United Kingdom,2001,1530.503
GBR,United Kingdom,2002,1511.653
GBR,United Kingdom,2003,1502.676
GBR,United Kingdom,2004,1502.676
GBR,United Kingdom,2005,1524.22
GBR,United Kingdom,2006,1504.471
GBR,United Kingdom,2007,1512.55
GBR,United Kingdom,2008,1516.141
GBR,United Kingdom,2009,1491.904
GBR,United Kingdom,2010,1491.904
GBR,United Kingdom,2011,1481.132
GBR,United Kingdom,2012,1497.29
GBR,United Kingdom,2013,1523.322
GBR,United Kingdom,2014,1517.039
GBR,United Kingdom,2015,1513.448
GBR,United Kingdom,2016,1541.275
GBR,United Kingdom,2017,1521.527
GBR,United Kingdom,2018,1519.732
GBR,United Kingdom,2019,1508.96
GBR,United Kingdom,2020,1207.347
GBR,United Kingdom,2021,1485.621
GBR,United Kingdom,2022,1505.369
GBR,United Kingdom,2023,1496.393
GBR,United Kingdom,2024,1511.653
OECD,OECD,1970,2030.934
OECD,OECD,1971,2017.232
OECD,OECD,1972,2004.117
OECD,OECD,1973,1997.145
OECD,OECD,1974,1969.925
OECD,OECD,1975,1953.19
OECD,OECD,1976,1955.59
OECD,OECD,1977,1946.7
OECD,OECD,1978,1935.719
OECD,OECD,1979,1929.831
OECD,OECD,1980,1918.752
OECD,OECD,1981,1907.943
OECD,OECD,1982,1899.946
OECD,OECD,1983,1898.851
OECD,OECD,1984,1898.059
OECD,OECD,1985,1893.165
OECD,OECD,1986,1888.71
OECD,OECD,1987,1887.901
OECD,OECD,1988,1888.203
OECD,OECD,1989,1884.989
OECD,OECD,1990,1871.295
OECD,OECD,1991,1860.666
OECD,OECD,1992,1856.922
OECD,OECD,1993,1851.252
OECD,OECD,1994,1858.548
OECD,OECD,1995,1850.264
OECD,OECD,1996,1854.459
OECD,OECD,1997,1855.441
OECD,OECD,1998,1846.067
OECD,OECD,1999,1846.94
OECD,OECD,2000,1835.318
OECD,OECD,2001,1821.649
OECD,OECD,2002,1820.274
OECD,OECD,2003,1811.405
OECD,OECD,2004,1810.196
OECD,OECD,2005,1820.914
OECD,OECD,2006,1821.828
OECD,OECD,2007,1818.865
OECD,OECD,2008,1814.279
OECD,OECD,2009,1787.078
OECD,OECD,2010,1794.279
OECD,OECD,2011,1794.887
OECD,OECD,2012,1793.991
OECD,OECD,2013,1790.179
OECD,OECD,2014,1788.446
OECD,OECD,2015,1787.889
OECD,OECD,2016,1785.746
OECD,OECD,2017,1777.285
OECD,OECD,2018,1772.627
OECD,OECD,2019,1762.864
OECD,OECD,2020,1676.398
OECD,OECD,2021,1738.584
OECD,OECD,2022,1745.584
OECD,OECD,2023,1740.168
OECD,OECD,2024,1736.445
BGR,Bulgaria,2008,1693.596
BGR,Bulgaria,2009,1646.275
BGR,Bulgaria,2010,1644.838
BGR,Bulgaria,2011,1643.593
BGR,Bulgaria,2012,1644.45
BGR,Bulgaria,2013,1644.98
BGR,Bulgaria,2014,1644.059
BGR,Bulgaria,2015,1644.385
BGR,Bulgaria,2016,1643.547
BGR,Bulgaria,2017,1643.258
BGR,Bulgaria,2018,1644.572
BGR,Bulgaria,2019,1647.279
BGR,Bulgaria,2020,1609.076
BGR,Bulgaria,2021,1620.664
BGR,Bulgaria,2022,1618.987
BGR,Bulgaria,2023,1659.33
BGR,Bulgaria,2024,1625.275
HRV,Croatia,2008,1931.175
HRV,Croatia,2009,1927.961
HRV,Croatia,2010,1941.841
HRV,Croatia,2011,1939.251
HRV,Croatia,2012,1922.981
HRV,Croatia,2013,1908.49
HRV,Croatia,2014,1890.608
HRV,Croatia,2015,1826.636
HRV,Croatia,2016,1834.403
HRV,Croatia,2017,1823.602
HRV,Croatia,2018,1811.057
HRV,Croatia,2019,1995.753
HRV,Croatia,2020,1975.554
HRV,Croatia,2021,1970.4
HRV,Croatia,2022,1963.428
HRV,Croatia,2023,1974.043
HRV,Croatia,2024,1955.869
CYP,Cyprus,2008,1867.718
CYP,Cyprus,2009,1847.104
CYP,Cyprus,2010,1844.997
CYP,Cyprus,2011,1847.274
CYP,Cyprus,2012,1845.269
CYP,Cyprus,2013,1810.279
CYP,Cyprus,2014,1815.434
CYP,Cyprus,2015,1824.331
CYP,Cyprus,2016,1839.675
CYP,Cyprus,2017,1821.455
CYP,Cyprus,2018,1806.559
CYP,Cyprus,2019,1812.651
CYP,Cyprus,2020,1725.319
CYP,Cyprus,2021,1817.599
CYP,Cyprus,2022,1836.271
CYP,Cyprus,2023,1839.561
CYP,Cyprus,2024,1843.781
MLT,Malta,2000,2113.6
MLT,Malta,2001,2089.585
MLT,Malta,2002,2071.887
MLT,Malta,2003,2041.805
MLT,Malta,2004,1969.598
MLT,Malta,2008,2012.017
MLT,Malta,2009,2006.417
MLT,Malta,2010,1982.877
MLT,Malta,2011,1929.973
MLT,Malta,2012,1905.932
MLT,Malta,2013,1887.626
MLT,Malta,2014,1869.915
MLT,Malta,2015,1864.757
MLT,Malta,2016,1915.836
MLT,Malta,2017,1902.362
MLT,Malta,2018,1928.963
MLT,Malta,2019,1988.468
MLT,Malta,2020,1833.576
MLT,Malta,2021,1840.742
MLT,Malta,2022,1846.514
MLT,Malta,2023,1847.832
MLT,Malta,2024,1818.94
PER,Peru,2004,2452.0
PER,Peru,2005,2452.0
PER,Peru,2006,2435.0
PER,Peru,2007,2455.0
PER,Peru,2008,2456.0
PER,Peru,2009,2424.0
PER,Peru,2010,2395.0
PER,Peru,2011,2372.0
PER,Peru,2012,2362.0
PER,Peru,2013,2336.0
PER,Peru,2014,2325.0
PER,Peru,2015,2334.0
PER,Peru,2016,2309.0
PER,Peru,2017,2312.0
PER,Peru,2018,2333.0
PER,Peru,2019,2329.0
PER,Peru,2020,2253.0
PER,Peru,2021,2303.0
PER,Peru,2022,2232.0
PER,Peru,2023,2252.0
PER,Peru,2024,2263.0
ROU,Romania,1995,1822.647
ROU,Romania,1996,1861.459
ROU,Romania,1997,1860.526
ROU,Romania,1998,1859.146
ROU,Romania,1999,1850.048
ROU,Romania,2000,1853.002
ROU,Romania,2001,1852.477
ROU,Romania,2002,1867.181
ROU,Romania,2003,1837.064
ROU,Romania,2004,1886.585
ROU,Romania,2005,1876.988
ROU,Romania,2006,1836.085
ROU,Romania,2007,1839.936
ROU,Romania,2008,1835.245
ROU,Romania,2009,1815.491
ROU,Romania,2010,1840.677
ROU,Romania,2011,1849.275
ROU,Romania,2012,1811.539
ROU,Romania,2013,1806.463
ROU,Romania,2014,1792.532
ROU,Romania,2015,1785.672
ROU,Romania,2016,1809.03
ROU,Romania,2017,1785.842
ROU,Romania,2018,1786.984
ROU,Romania,2019,1803.11
ROU,Romania,2020,1756.282
ROU,Romania,2021,1823.531
ROU,Romania,2022,1802.465
ROU,Romania,2023,1825.914
ROU,Romania,2024,1828.915
CHL,Chile,1986,2399.0
CHL,Chile,1987,2405.0
CHL,Chile,1988,2411.0
CHL,Chile,1989,2416.0
CHL,Chile,1990,2422.0
CHL,Chile,1991,2419.0
CHL,Chile,1992,2415.0
CHL,Chile,1993,2389.0
CHL,Chile,1994,2364.0
CHL,Chile,1995,2338.0
CHL,Chile,1996,2313.0
CHL,Chile,1997,2256.0
CHL,Chile,1998,2299.0
CHL,Chile,1999,2277.0
CHL,Chile,2000,2263.0
CHL,Chile,2001,2242.0
CHL,Chile,2002,2250.0
CHL,Chile,2003,2235.0
CHL,Chile,2004,2232.0
CHL,Chile,2005,2157.0
CHL,Chile,2006,2165.0
CHL,Chile,2007,2128.0
CHL,Chile,2008,2095.0
CHL,Chile,2009,2074.0
CRI,Costa Rica,1987,2366.0
CRI,Costa Rica,1988,2346.0
CRI,Costa Rica,1989,2307.0
CRI,Costa Rica,1990,2358.0
CRI,Costa Rica,1991,2272.0
CRI,Costa Rica,1992,2359.0
CRI,Costa Rica,1993,2346.0
CRI,Costa Rica,1994,2370.0
CRI,Costa Rica,1995,2345.0
CRI,Costa Rica,1996,2387.0
CRI,Costa Rica,1997,2365.0
CRI,Costa Rica,1998,2356.0
CRI,Costa Rica,1999,2370.0
CRI,Costa Rica,2000,2362.0
CRI,Costa Rica,2001,2329.0
CRI,Costa Rica,2002,2357.0
CRI,Costa Rica,2003,2350.0
CRI,Costa Rica,2004,2369.0
CRI,Costa Rica,2005,2352.0
CRI,Costa Rica,2006,2360.0
CRI,Costa Rica,2007,2387.0
CRI,Costa Rica,2008,2392.0
CRI,Costa Rica,2009,2348.0
CRI,Costa Rica,2010,2243.1
CRI,Costa Rica,2011,2285.3
CRI,Costa Rica,2012,2233.4
CRI,Costa Rica,2013,2140.6
CRI,Costa Rica,2014,2121.7
CRI,Costa Rica,2015,2148.2
CRI,Costa Rica,2016,2204.7
CRI,Costa Rica,2017,2178.9
CRI,Costa Rica,2018,2121.0
CRI,Costa Rica,2019,2059.6
CRI,Costa Rica,2020,1913.2
CRI,Costa Rica,2021,2073.3
CRI,Costa Rica,2022,2149.0
CZE,Czechia,1993,1857.0
CZE,Czechia,1994,1839.0
HUN,Hungary,1980,2348.0
HUN,Hungary,1981,2347.0
HUN,Hungary,1982,2248.0
HUN,Hungary,1983,2226.0
HUN,Hungary,1984,2149.0
HUN,Hungary,1985,2120.0
HUN,Hungary,1986,2111.0
HUN,Hungary,1987,2158.0
HUN,Hungary,1988,2151.0
HUN,Hungary,1989,2125.0
HUN,Hungary,1990,2082.0
HUN,Hungary,1991,2048.0
HUN,Hungary,1992,2002.0
HUN,Hungary,1993,2002.0
HUN,Hungary,1994,2142.0
JPN,Japan,1970,2243.0
JPN,Japan,1971,2239.0
JPN,Japan,1972,2228.0
JPN,Japan,1973,2201.0
JPN,Japan,1974,2137.0
JPN,Japan,1975,2112.0
JPN,Japan,1976,2128.0
JPN,Japan,1977,2129.0
JPN,Japan,1978,2123.0
JPN,Japan,1979,2126.0
JPN,Japan,1980,2121.0
JPN,Japan,1981,2106.0
JPN,Japan,1982,2104.0
JPN,Japan,1983,2095.0
JPN,Japan,1984,2108.0
JPN,Japan,1985,2093.0
JPN,Japan,1986,2097.0
JPN,Japan,1987,2096.0
JPN,Japan,1988,2092.0
JPN,Japan,1989,2070.0
JPN,Japan,1990,2031.0
JPN,Japan,1991,1998.0
JPN,Japan,1992,1965.0
JPN,Japan,1993,1905.0
JPN,Japan,1994,1898.0
JPN,Japan,1995,1884.0
JPN,Japan,1996,1892.0
JPN,Japan,1997,1865.0
JPN,Japan,1998,1842.0
JPN,Japan,1999,1810.0
JPN,Japan,2000,1821.0
JPN,Japan,2001,1809.0
JPN,Japan,2002,1798.0
JPN,Japan,2003,1799.0
JPN,Japan,2004,1785.0
JPN,Japan,2005,1777.0
JPN,Japan,2006,1786.0
JPN,Japan,2007,1785.0
JPN,Japan,2008,1771.0
JPN,Japan,2009,1714.0
JPN,Japan,2010,1733.0
JPN,Japan,2011,1728.0
JPN,Japan,2012,1745.0
JPN,Japan,2013,1734.0
JPN,Japan,2014,1729.0
JPN,Japan,2015,1719.0
JPN,Japan,2016,1714.0
JPN,Japan,2017,1709.0
JPN,Japan,2018,1680.0
JPN,Japan,2019,1644.0
KOR,Korea,2008,2228.0
KOR,Korea,2009,2174.0
KOR,Korea,2010,2163.0
KOR,Korea,2011,2136.0
KOR,Korea,2012,2119.0
KOR,Korea,2016,2068.0
KOR,Korea,2017,2018.0
KOR,Korea,2021,1910.0
MEX,Mexico,1991,2113.0
MEX,Mexico,1992,2104.0
MEX,Mexico,1993,2112.0
MEX,Mexico,1994,2146.0
MEX,Mexico,1995,2161.0
MEX,Mexico,1996,2192.0
MEX,Mexico,1997,2241.0
MEX,Mexico,1998,2168.0
MEX,Mexico,1999,2242.0
MEX,Mexico,2000,2174.0
MEX,Mexico,2001,2146.0
MEX,Mexico,2002,2196.0
MEX,Mexico,2003,2143.0
MEX,Mexico,2004,2123.0
NLD,Netherlands,1977,1608.0
NLD,Netherlands,1979,1559.0
NLD,Netherlands,1980,1556.0
NLD,Netherlands,1981,1556.0
NLD,Netherlands,1982,1542.0
NLD,Netherlands,1983,1527.0
NLD,Netherlands,1984,1519.0
NLD,Netherlands,1985,1502.0
NLD,Netherlands,1986,1488.0
NLD,Netherlands,1987,1467.0
NLD,Netherlands,1988,1464.0
NLD,Netherlands,1989,1459.0
NLD,Netherlands,1990,1454.0
NLD,Netherlands,1991,1444.0
NLD,Netherlands,1992,1451.0
NLD,Netherlands,1993,1440.0
NLD,Netherlands,1994,1447.0
NOR,Norway,1962,1995.0
NOR,Norway,1963,1986.0
NOR,Norway,1964,1996.0
NOR,Norway,1965,1951.0
NOR,Norway,1966,1952.0
NOR,Norway,1967,1936.0
NOR,Norway,1968,1897.0
NOR,Norway,1969,1849.0
NOR,Norway,1970,1819.1
NOR,Norway,1971,1798.1
NOR,Norway,1972,1765.6
NOR,Norway,1973,1751.5
NOR,Norway,1974,1730.9
NOR,Norway,1975,1715.3
NOR,Norway,1976,1662.9
NOR,Norway,1977,1627.4
NOR,Norway,1978,1591.6
NOR,Norway,1979,1569.4
NOR,Norway,1980,1569.4
NOR,Norway,1981,1560.5
NOR,Norway,1982,1549.4
NOR,Norway,1983,1542.8
NOR,Norway,1984,1537.9
NOR,Norway,1985,1532.0
NOR,Norway,1992,1500.0
CHE,Switzerland,1991,1718.1
CHE,Switzerland,1992,1725.4
CHE,Switzerland,1993,1720.4
CHE,Switzerland,1994,1739.7
TUR,Türkiye,1970,2086.0
TUR,Türkiye,1971,2077.0
TUR,Türkiye,1972,2069.0
TUR,Türkiye,1973,2060.0
TUR,Türkiye,1974,2044.0
TUR,Türkiye,1975,2028.0
TUR,Türkiye,1976,2012.0
TUR,Türkiye,1977,1996.0
TUR,Türkiye,1978,1980.0
TUR,Türkiye,1979,1964.0
TUR,Türkiye,1980,1957.0
TUR,Türkiye,1981,1950.0
TUR,Türkiye,1982,1943.0
TUR,Türkiye,1983,1935.0
TUR,Türkiye,1984,1871.0
TUR,Türkiye,1985,1898.0
TUR,Türkiye,1986,1883.0
TUR,Türkiye,1987,1844.0
TUR,Türkiye,1988,1837.0
TUR,Türkiye,1989,1867.0
TUR,Türkiye,1990,1866.0
TUR,Türkiye,1991,1870.0
TUR,Türkiye,1992,1897.0
TUR,Türkiye,1993,1917.0
TUR,Türkiye,1994,1886.0
TUR,Türkiye,1995,1876.0
TUR,Türkiye,1996,1892.0
TUR,Türkiye,1997,1878.0
TUR,Türkiye,1998,1884.0
TUR,Türkiye,1999,1925.0
TUR,Türkiye,2000,1937.0
TUR,Türkiye,2001,1942.0
TUR,Türkiye,2002,1943.0
TUR,Türkiye,2003,1943.0
TUR,Türkiye,2004,1918.0
TUR,Türkiye,2005,1936.0
TUR,Türkiye,2006,1944.0
TUR,Türkiye,2007,1911.0
TUR,Türkiye,2008,1900.0
TUR,Türkiye,2009,1881.0
TUR,Türkiye,2010,1877.0
TUR,Türkiye,2011,1864.0
TUR,Türkiye,2012,1855.0
TUR,Türkiye,2013,1832.0
RUS,Russia,1992,1933.0
RUS,Russia,1993,1939.0
RUS,Russia,1994,1895.0
RUS,Russia,1995,1891.0
RUS,Russia,1996,1894.0
RUS,Russia,1997,1951.0
RUS,Russia,1998,1946.0
RUS,Russia,1999,1964.0
RUS,Russia,2000,1982.0
RUS,Russia,2001,1980.0
RUS,Russia,2002,1982.0
RUS,Russia,2003,1993.0
RUS,Russia,2004,1993.0
RUS,Russia,2005,1989.0
RUS,Russia,2006,1998.0
RUS,Russia,2007,1999.0
RUS,Russia,2008,1997.0
RUS,Russia,2009,1974.0
RUS,Russia,2010,1976.0
RUS,Russia,2011,1979.0
RUS,Russia,2012,1982.0
RUS,Russia,2013,1980.0
RUS,Russia,2014,1985.0
RUS,Russia,2015,1978.0
RUS,Russia,2016,1974.0
RUS,Russia,2017,1979.0
RUS,Russia,2018,1970.0
RUS,Russia,2019,1965.0
RUS,Russia,2020,1874.0
NZL,New Zealand,1986,1834.0
NZL,New Zealand,1987,1838.0
NZL,New Zealand,1988,1829.0
NZL,New Zealand,1989,1820.0
NZL,New Zealand,1990,1809.0
NZL,New Zealand,1991,1792.0
NZL,New Zealand,1992,1799.0
NZL,New Zealand,1993,1853.0
NZL,New Zealand,1994,1848.0
NZL,New Zealand,1995,1841.0
NZL,New Zealand,1996,1834.0
NZL,New Zealand,1997,1826.0
NZL,New Zealand,1998,1829.0
NZL,New Zealand,1999,1845.0
NZL,New Zealand,2000,1836.0
NZL,New Zealand,2001,1825.0
NZL,New Zealand,2002,1826.0
NZL,New Zealand,2003,1823.0
NZL,New Zealand,2004,1830.0
NZL,New Zealand,2005,1815.0
NZL,New Zealand,2006,1795.0
NZL,New Zealand,2007,1774.0
NZL,New Zealand,2008,1761.0
NZL,New Zealand,2009,1740.0
NZL,New Zealand,2010,1755.0
NZL,New Zealand,2011,1746.0
NZL,New Zealand,2012,1734.0
NZL,New Zealand,2013,1756.0
NZL,New Zealand,2014,1758.0
NZL,New Zealand,2015,1753.0
NZL,New Zealand,2016,1754.0
NZL,New Zealand,2017,1756.0
NZL,New Zealand,2018,1759.0
NZL,New Zealand,2019,1783.0
NZL,New Zealand,2020,1739.0
NZL,New Zealand,2021,1730.0
NZL,New Zealand,2022,1748.0
FRA,France,1950,2351.0
FRA,France,1951,2360.0
FRA,France,1952,2339.0
FRA,France,1953,2313.0
FRA,France,1954,2316.0
FRA,France,1955,2292.0
FRA,France,1956,2236.0
FRA,France,1957,2200.0
FRA,France,1958,2179.0
FRA,France,1959,2179.0
FRA,France,1960,2188.0
FRA,France,1961,2165.0
FRA,France,1962,2178.0
FRA,France,1963,2159.0
FRA,France,1964,2166.0
FRA,France,1965,2153.0
FRA,France,1966,2145.0
FRA,France,1967,2110.0
FRA,France,1968,2087.0
FRA,France,1969,2012.0
FRA,France,1970,1993.0
FRA,France,1971,1990.0
FRA,France,1972,1937.0
FRA,France,1973,1920.0
FRA,France,1974,1888.0
FRA,France,1975,1863.0
FRA,France,1976,1889.0
FRA,France,1977,1850.0
FRA,France,1978,1819.0
FRA,France,1979,1816.0
FRA,France,1980,1806.0
FRA,France,1981,1786.0
FRA,France,1982,1714.0
FRA,France,1983,1696.0
FRA,France,1984,1690.0
FRA,France,1985,1654.0
FRA,France,1986,1648.0
FRA,France,1987,1659.0
FRA,France,1988,1667.0
FRA,France,1989,1651.0
CAN,Canada,1961,2059.0
CAN,Canada,1962,2058.0
CAN,Canada,1963,2041.0
CAN,Canada,1964,2033.0
CAN,Canada,1965,2016.0
CAN,Canada,1966,2001.0
CAN,Canada,1967,1993.0
CAN,Canada,1968,1958.0
CAN,Canada,1969,1943.0
CAN,Canada,1970,1925.0
CAN,Canada,1971,1912.0
CAN,Canada,1972,1904.0
CAN,Canada,1973,1898.0
CAN,Canada,1974,1891.0
CAN,Canada,1975,1872.0
CAN,Canada,1976,1862.0
CAN,Canada,1977,1834.0
CAN,Canada,1978,1836.0
CAN,Canada,1979,1841.0
CAN,Canada,1980,1827.0
CAN,Canada,1981,1812.0
CAN,Canada,1982,1789.0
CAN,Canada,1983,1779.0
CAN,Canada,1984,1789.0
CAN,Canada,1985,1795.0
CAN,Canada,1986,1797.0
CAN,Canada,1987,1807.0
CAN,Canada,1988,1808.0
CAN,Canada,1989,1802.0
CAN,Canada,1990,1797.0
CAN,Canada,1991,1775.0
CAN,Canada,1992,1772.0
CAN,Canada,1993,1769.0
CAN,Canada,1994,1778.0
CAN,Canada,1995,1775.0
CAN,Canada,1996,1790.0
CAN,Canada,1997,1802.0
CAN,Canada,1998,1797.0
CAN,Canada,1999,1795.0
CAN,Canada,2000,1789.0
CAN,Canada,2001,1775.0
CAN,Canada,2002,1757.0
CAN,Canada,2003,1747.0
CAN,Canada,2004,1757.0
CAN,Canada,2005,1747.0
CAN,Canada,2006,1745.0
CAN,Canada,2007,1745.0
CAN,Canada,2008,1742.0
CAN,Canada,2009,1710.0
CAN,Canada,2010,1715.0
CAN,Canada,2011,1711.0
CAN,Canada,2012,1721.0
CAN,Canada,2013,1714.0
CAN,Canada,2014,1709.0
CAN,Canada,2015,1710.0
AUS,Australia,1995,1786.0
AUS,Australia,1996,1781.0
AUS,Australia,1997,1778.0
AUS,Australia,1998,1764.0
AUS,Australia,1999,1768.0
AUS,Australia,2000,1767.0
AUS,Australia,2001,1736.0
AUS,Australia,2002,1728.0
AUS,Australia,2003,1723.0
AUS,Australia,2004,1721.0
AUS,Australia,2005,1719.0
AUS,Australia,2006,1709.0
AUS,Australia,2007,1709.0
AUS,Australia,2008,1709.0
AUS,Australia,2009,1681.0
AUS,Australia,2013,1680.0
AUS,Australia,2014,1672.0
AUS,Australia,2015,1670.0
AUS,Australia,2019,1651.0
CHL,Chile,2015,1999.0
CHL,Chile,2016,1983.0
CHL,Chile,2017,1968.0
CHL,Chile,2018,1961.0
CHL,Chile,2019,1940.0
CHL,Chile,2020,1828.0
CHL,Chile,2021,1921.0
CHL,Chile,2022,1966.0
COL,Colombia,1995,2364.0
COL,Colombia,1996,2358.0
COL,Colombia,1997,2352.0
COL,Colombia,1998,2347.0
COL,Colombia,1999,2347.0
COL,Colombia,2000,2347.0
COL,Colombia,2001,2347.0
COL,Colombia,2002,2438.0
COL,Colombia,2003,2419.0
COL,Colombia,2004,2404.0
COL,Colombia,2005,2416.0
COL,Colombia,2006,2445.0
COL,Colombia,2007,2473.0
COL,Colombia,2008,2503.0
COL,Colombia,2009,2461.0
COL,Colombia,2010,2454.0
COL,Colombia,2011,2435.0
COL,Colombia,2012,2420.0
COL,Colombia,2013,2413.0
COL,Colombia,2014,2405.0
DEU,Germany,1973,1877.0
IRL,Ireland,2011,1668.0
IRL,Ireland,2012,1663.0
IRL,Ireland,2019,1742.0
LUX,Luxembourg,1995,1615.0
LUX,Luxembourg,1996,1593.0
LUX,Luxembourg,1997,1600.0
LUX,Luxembourg,1999,1598.0
LUX,Luxembourg,2000,1605.0
LUX,Luxembourg,2001,1593.0
LUX,Luxembourg,2002,1588.0
LUX,Luxembourg,2003,1586.0
LUX,Luxembourg,2004,1586.0
LUX,Luxembourg,2006,1567.0
LUX,Luxembourg,2007,1581.0
LUX,Luxembourg,2008,1581.0
LUX,Luxembourg,2009,1518.0
LUX,Luxembourg,2010,1521.0
LUX,Luxembourg,2012,1514.0
LUX,Luxembourg,2013,1506.0
LUX,Luxembourg,2014,1512.0
LUX,Luxembourg,2015,1519.0
LUX,Luxembourg,2016,1518.0
LUX,Luxembourg,2017,1508.0
LUX,Luxembourg,2018,1499.0
LUX,Luxembourg,2019,1493.0
NLD,Netherlands,1970,1809.0
NLD,Netherlands,1971,1777.0
NLD,Netherlands,1972,1775.0
NLD,Netherlands,1973,1749.0
NLD,Netherlands,1974,1696.0
NLD,Netherlands,1975,1644.0
NLD,Netherlands,1976,1628.0
NLD,Netherlands,1978,1580.0
NOR,Norway,1995,1479.0
NOR,Norway,1996,1474.0
NOR,Norway,1997,1468.0
NOR,Norway,1998,1467.0
NOR,Norway,1999,1465.0
NOR,Norway,2000,1448.0
NOR,Norway,2001,1424.0
NOR,Norway,2002,1412.0
NOR,Norway,2003,1401.0
NOR,Norway,2004,1423.0
NOR,Norway,2005,1429.0
NOR,Norway,2006,1426.0
NOR,Norway,2007,1438.0
NOR,Norway,2008,1443.0
NOR,Norway,2009,1422.0
NOR,Norway,2010,1430.0
NOR,Norway,2011,1435.0
NOR,Norway,2012,1431.0
NOR,Norway,2013,1421.0
NOR,Norway,2014,1424.0
NOR,Norway,2015,1427.0
NOR,Norway,2016,1430.0
NOR,Norway,2017,1419.0
NOR,Norway,2018,1419.0
NOR,Norway,2019,1419.0
NOR,Norway,2020,1410.0
NOR,Norway,2021,1426.0
SVK,Slovak Republic,1995,1853.0
SVK,Slovak Republic,1996,1820.0
SVK,Slovak Republic,1997,1830.0
SVK,Slovak Republic,1998,1822.0
SVK,Slovak Republic,1999,1816.0
SVK,Slovak Republic,2000,1816.0
SVK,Slovak Republic,2001,1801.0
SVK,Slovak Republic,2002,1754.0
SVK,Slovak Republic,2003,1698.0
SVK,Slovak Republic,2004,1742.0
SVK,Slovak Republic,2005,1769.0
SVK,Slovak Republic,2006,1774.0
SVK,Slovak Republic,2007,1791.0
SVK,Slovak Republic,2008,1793.0
SVK,Slovak Republic,2009,1780.0
SVK,Slovak Republic,2010,1805.0
SVK,Slovak Republic,2011,1793.0
SVK,Slovak Republic,2012,1789.0
SVK,Slovak Republic,2013,1772.0
SVK,Slovak Republic,2014,1760.0
SVK,Slovak Republic,2015,1754.0
SVK,Slovak Republic,2016,1740.0
SVK,Slovak Republic,2017,1714.0
SVK,Slovak Republic,2018,1704.0
SVK,Slovak Republic,2019,1692.0
SVK,Slovak Republic,2020,1572.0
SVN,Slovenia,1995,1756.0
SVN,Slovenia,1996,1728.0
SVN,Slovenia,1997,1715.0
SVN,Slovenia,1998,1728.0
SVN,Slovenia,1999,1730.0
SVN,Slovenia,2000,1710.0
SVN,Slovenia,2001,1696.0
SVN,Slovenia,2002,1720.0
SVN,Slovenia,2004,1737.0
SVN,Slovenia,2005,1697.0
SVN,Slovenia,2006,1667.0
SVN,Slovenia,2007,1655.0
SVN,Slovenia,2008,1673.0
SVN,Slovenia,2009,1679.0
SVN,Slovenia,2010,1680.0
SVN,Slovenia,2011,1663.0
SVN,Slovenia,2012,1644.0
SVN,Slovenia,2013,1662.0
SVN,Slovenia,2014,1682.0
SVN,Slovenia,2015,1687.0
SVN,Slovenia,2016,1652.0
SVN,Slovenia,2017,1622.0
SVN,Slovenia,2018,1603.0
SVN,Slovenia,2019,1601.0
SVN,Slovenia,2022,1610.0
BGR,Bulgaria,1995,1711.0
BGR,Bulgaria,1996,1708.0
BGR,Bulgaria,1997,1707.0
BGR,Bulgaria,1998,1650.0
BGR,Bulgaria,1999,1670.0
BGR,Bulgaria,2000,1640.0
BGR,Bulgaria,2001,1652.0
BGR,Bulgaria,2002,1651.0
BGR,Bulgaria,2003,1641.0
BGR,Bulgaria,2004,1664.0
BGR,Bulgaria,2005,1659.0
BGR,Bulgaria,2006,1654.0
BGR,Bulgaria,2007,1655.0
HRV,Croatia,1995,1923.0
HRV,Croatia,1996,1923.0
HRV,Croatia,1997,1923.0
HRV,Croatia,1998,1923.0
HRV,Croatia,1999,1923.0
HRV,Croatia,2000,1922.0
HRV,Croatia,2001,1923.0
HRV,Croatia,2002,1923.0
HRV,Croatia,2003,1924.0
HRV,Croatia,2004,1926.0
HRV,Croatia,2005,1926.0
HRV,Croatia,2006,1928.0
HRV,Croatia,2007,1930.0
CYP,Cyprus,1995,1900.0
CYP,Cyprus,1996,1899.0
CYP,Cyprus,1997,1906.0
CYP,Cyprus,1998,1913.0
CYP,Cyprus,1999,1920.0
CYP,Cyprus,2000,1926.0
CYP,Cyprus,2001,1951.0
CYP,Cyprus,2002,1923.0
CYP,Cyprus,2003,1916.0
CYP,Cyprus,2004,1879.0
CYP,Cyprus,2005,1847.0
CYP,Cyprus,2006,1833.0
CYP,Cyprus,2007,1862.0
MLT,Malta,1995,2092.0
MLT,Malta,1996,2119.0
MLT,Malta,1997,2142.0
MLT,Malta,1998,2164.0
MLT,Malta,1999,2183.0
MLT,Malta,2005,2167.0
MLT,Malta,2006,2175.0
MLT,Malta,2007,2171.0
ITA,Italy,1995,1832.5
