video_id,category,duration_sec,views,title
SlQR9iu09bQ,10,258,14046088,SON TUNG M-TP x TYGA | COME MY WAY | OFFICIAL MUSIC VIDEO
e4M8z1xGTw0,10,232,553712,M!LK - アイドルパワー (Official Promotion Video)
6ItK-vqYXAw,10,296,1073535,B&ZAI【衝動Never end】LIVE TOUR 2026 -ROCK’N’DOL- in日本武道館より
OR8h4197xJo,10,243,447130,MANATO (BE:FIRST) / Rain on me -Special Video-
SfjSTlEHCSg,10,129,619707,【MV】OBF / ジョー・力一【にじさんじ】
VQmdUnlNnds,10,250,586091,【MV】CUTIE STREET「キュートなキューたい」
4FOSHKro21k,10,201,1181188,【MV】きゃわぽっぴんどぅー / iLiFE!
V1Lr-_AxeR8,10,209,11764265,LE SSERAFIM (르세라핌) 'BOOMPALA' OFFICIAL MV
jK_uGTE66oo,10,251,636022,STARGLOW / Good Boys Anthem -Music Video-
83C3TZ4Zm_o,10,192,6212194,aespa 에스파 'LEMONADE' MV
cBfYIb1w1iw,10,186,17088054,ALPHA DRIVE ONE 'OMG!' MV
4HfAH746QJo,10,250,1527755,櫻坂46『Lonesome rabbit』 MUSIC VIDEO
KuN3Wu_q1JU,10,353,422347,SEKAI NO OWARI「炎と森のカーニバル」from「Tarkus」
VYA55gOMRKE,10,219,673781,BE:FIRST / Rondo -from TBS系「CDTVライブ！ライブ！」-
iR5vQeUQ32Q,10,194,745817,ShowMinorSavage / ROMEO -Special Dance Performance-
Wx4-lfsgUlo,10,244,223618,なにわ男子 - Celebrate [Official Music Video]
ae6N-FcsJmQ,10,231,376574,櫻坂46 『コインランドリー』 MUSIC VIDEO
_YShE6reM_w,10,277,2014100,HALCALI - おつかれSUMMER / THE FIRST TAKE
2_YP8aL78bM,10,194,467754,ごんべさんのあかちゃん【どこでもジャンボリー！】 童謡
AEDHtt5QDfk,10,195,203276,Aぇ! group 「でこぼこライフ」Special Movie
eDkDzcG98Xo,10,188,605053,＜期間限定公開＞Motoki Ohmori – 催し【LIVE on TBS “CDTVライブ!ライブ!”】
whN1vysBkkU,10,261,161736,クライマックス
82SGsHkhySg,10,206,279223,初星学園 「コンテンポラリのダンス」Official Music Video (HATSUBOSHI GAKUEN - contemporary dance)
CE6VVjxwsQw,10,330,1007993,天国 - Mrs. GREEN APPLE / 町田ちま(Cover)
7iF80U3RFus,10,309,157328,SEKAI NO OWARI「Dragon Night」from「Tarkus」
uYyfD5A-w8Q,10,210,231634,気まぐれ
O9oCfxSJXTY,10,223,1281269,初星学園 「ガラクタロード」Official Music Video (HATSUBOSHI GAKUEN - GARAKUTA ROAD)
fPsqWwRkqCE,10,326,163645,SEKAI NO OWARI「眠り姫」from「Tarkus」
0u_zA8BJG6A,10,301,1085506,イデアが溢れて眠れない / Vaundy：MUSIC VIDEO
PFGfaQfzD64,10,194,531976,おねがいダーリン／莉犬【歌ってみた 2026 ver.】
dab8DsN4Lkw,20,4865,307565,【4人実況】NGワードを言ったら「仲間が死ぬ」おもしろホラーゲーム『 Cursed Companions 』
lDSBe18Sn18,20,3276,343109,【マインクラフト】全ての行動がポイントになる可能性がある世界【日常組】
JCUceDhnXz4,20,2630,221375,レベル100の超難しいネザー要塞を作ってドズル社に攻略させたらカオスでした【マイクラ】
SH20RpKuNH0,20,2854,198291,怪しい会社に入社しました。【スパイ大作戦】
mFBBrHQGKIU,20,1010,171311,【スト6】勝率80%オーバーで初日1位まで到達！ イングリッドでレジェンド達成しました
nRKyyK7S-Zw,20,540,2528224,ドラゴンクエストからのお知らせ
5kIuQsEwLyc,20,3918,187277,【Vasilisa】なんか狼男とか兎とか色々あってアレ
z0pjqXHVBVQ,20,4457,219537,【神曲】GONと聴く歴代のスプラのフェス映像が名曲の連続すぎてヤバい
ZhCq7k1jxeU,20,761,86882,最強のEX牧原が爆誕したぞ！！熱気持ち最新スピリッツでこの能力は強すぎるぞ！！【プロスピA】# 1889
wXPth-7v5Ok,20,2631,95002,みんなが仲良く暮らすポケモンアパートを作りたかったんですよ【ぽこ あ ポケモン】＃２６
EJF5WOK0JDc,20,2440,73919,イナズマイレブン特別公式配信番組「イナダイ」2026.5.29
F-A2Ko2frtA,20,1059,147242,【PART2】老人達の会話に一生笑ってくれる可愛いベリたん、でも分類はりりむとフレン【にじさんじ/切り抜き/葛葉/早乙女ベリー/卯月コウ/PUBGモバイル】
bWRT5Zab6_k,20,926,84753,【スラー】なんでっ 超究極にタマネギ入っとんねん～～～～～～！！！！【モンスト】
IkHkrwuLRtg,20,1277,101131,徒歩０秒で全てが揃う最高に便利な街を作った
gLu9RUUVUeY,20,1447,110670,"ドミニカ共和国の英雄がついに参戦！このメンバーでSFLを盛り上げます！ // ももち, ひぐち, ヤマグチ, MenaRD, じゃじい"
8azVCupCPCY,20,3263,84409,変人だらけのトモダチコレクションわくわく生活 #8『レトルト』
R603ZRwDCjs,20,1112,87950,先生にバレずにテストカンニング大作戦！【まいくら / マインクラフト】
k9TUrpEi-iY,20,2452,74451,【友達がうらやましい....】マイクラ/車イスの死んだ？友達を生き返らせる(#ぴこみんず)
9uk2ZgTWYHo,20,1044,131025,「ザ・ローカスト」
UP4vbXrXzV4,20,2297,54039,どうあがいてもオシャレな部屋になるゲーム｜hozy
fZeXj3SNDc4,20,1687,55015,【総勢28名】蔵出しトーク＆ゲーム未公開シーン一挙大公開SP #ロクフリにじさんじ
KVFKgH4II5k,20,1548,66658,【神回】ポケモンGOの最強イベント行ったら色違いでまくったwww【Pokémon GO Fest 2026】
ODR8ABJGbMg,20,2595,86524,50人が魚になった広大な海の世界で全員集合 - マインクラフト【KUN】
Atsh3Hd4Qn4,20,801,221097,イングリッドのSA2が無限に悪いことできそうなので早速募集したらヤバすぎた【スト6・カワノ】
Z_ZE7CHJc-I,20,3252,60557,【4番線 | Platform 4】このホーム、異変だらけです【弟者】
2bEql931bws,20,1569,64578,もしもマイクラに『ハムスター』が追加されたら…🐹🌱？【マインクラフト / Minecraft】【たまちゃん】
n4rawE-AhvU,20,1337,92510,とりあえずコレ!!プロが教えるイングリッド立ち回り解説【ぷげら/スト6】
8uCFKyeCWLE,20,487,74949,【ポケモンXY】色違いカロス図鑑をコンプするぞ！！！
u4KHZhrbJP8,20,1368,63705,『何かがおかしい』チャプター5がヤバすぎた！【後編】【ポピープレイタイム】
4RzYnWVy1lg,20,3295,167024,#ホロドリ 新情報公開特番！～企画の告知も！？～
JwDP_fHw0cc,20,3842,45953,【トモコレ】超大物が参戦！！島民との恋愛、喧嘩、友情も進展して大カオス状態wwwww
XK4VZrCID8k,20,1331,308664,なぜか木に嫌われて酷い目に遭わされるゲーム【Trees Hate You】
Gv4Jpyj_PZ8,20,5247,37904,『覆面をした連続○人鬼』がいるマンションに引っ越してしまいました【悪意/Dread Neighbor】
9Hq6OScqZfY,20,7355,63231,『ロマンシング サガ リ・ユニバース』公式生放送 7.5周年スペシャル
XTMrj0Jgi2Y,20,5284,36234,【FH6】借り物のハチロクで転落し、911ターボで壁を走り、深淵に飲まれながら3つ星を取る動画【Forza Horizon 6】
RIOSY95EWQU,20,3278,183265,"カメックスが何故か「イナズマドライブ」を使えるバグを利用して３タテ連発しました。""だいちのはどうメガカメックス""【ポケモンチャンピオンズ|Pokemon Champions】実況プレイ"
8CcGAmwbUNo,20,2281,49451,【テリワンSP】蚊でストーリーを攻略する
3qnRjeMlhr8,20,1366,79476,50人で50枚の超豪華な床を作ってみた - マインクラフト【KUN】
zJwxmHbNryY,20,1034,201570,Daigo tries out Ingrid and gives his first impressions 【Street Fighter 6 Daigo Umehara】
xTM66SEOzuo,20,1060,43193,規制される前に見てくれ
TZnuJqy5K_k,20,861,43785,【この役割は唯一】バンギラス、メガメガニウムの弱点を消し去る“神性能”でしたｗｗｗ【ポケモンチャンピオンズ】
Ub4Q9Fpwfi4,20,1688,37398,【ミューズの夢からミューズを追放】ようせい1人旅 おかわりなしの固定敵縛りで真・破壊するものを倒しに行く part9【ロマサガ3リマスター】
ELcr6hN-I5k,20,1830,57689,ごめん。もう無理。【スプラトゥーン3 splatoon3】【初心者】【Vtuber】
zowvOf80Mns,20,1137,43538,【世界スクリム】Yuma&KoyotaがWキーで破壊!?ボットIGLの神伸ばし!?日本勢が止まりません...【フォートナイト】
fx2dvvxFfkM,20,1765,44377,【CoD MWR】#10 元ロシア軍の将校のテロリストを始末せよ- SASの狙撃任務【ゆっくり実況・Call of Duty・キャンペーン】
htKDdjZxVJs,20,5625,63622,【🔴モンストLIVE配信】超究極『殺し屋殺し X(スラー)』に初見で挑む！！【SAKAMOTO DAYSコラボ】【しろ】
5fEg7t5Y83Q,20,2127,315865,モンストニュース[5/28]超究極「X(スラー)」登場！新たな期間限定イベント「転界の遺跡」が登場！「祝宴！モンストブライダル6」開催！【モンスト公式】
wlaS7EyL1fA,20,10568,92954,【 トモダチコレクション わくわく生活 】トモコレ最新作👻舞元よ幸せになれ【 椎名唯華/にじさんじ】
impPzwQ9KrU,20,922,40374,【vlog#2】世界大会前スクリムで驚異の11キルビクロイした！！【フォートナイト/fortnite】
BTZOAZvaJfo,20,1479,297869,ドラクエ12が発表されたが全部作り直し＆発売日未定＆まだ待てで全世界のファンの感情が壊れる..なぜ作り直したのか？その必要は？ドラクエはもうこれで終わり？スクエニはドラクエを救えるのか
BUoIweiUzzU,24,17,3941608,警察を顔パスするshoさんw#すごい #お笑い #警察 #shorts
wPy6Di04qE0,24,30,1763305,ひょうろくっぽい人いたら反射的に声かけちゃう説! 小峠英二 ひょうろく 高野正成 白澤直樹  #水曜日のダウンタウン #小峠英二  #ひょうろく# 高野正成 #白澤直樹
Ol8bnzLicKQ,24,30,2885485,バイクでも無風…スポーツカー級じゃないと無理だったｗ#水曜日のダウンタウン
2M8qi1Ac4KA,24,22,2573072,コッシーが魔改造されました・・・
Vc2Eyh5TV_8,24,27,2291447,#おもしろ #面白い #こども
_lBs848F2sA,24,26,1775540,彼はお金の価値を誰よりも知っている 🥶🥶 #ヒカキン #切り抜き
JBuz82wCol4,24,12,2368761,令和版EXILE #shorts #おもしろ #おすすめ #すごい #バズれ#海外
TIGSKsHCePs,24,33,2655884,【神回】日常がコントすぎる⁉︎野球部のおもしろハプニングの瞬間TOP5
RVY5W0pyXqA,24,77,4435916,マジどーいう仕組みなのDaiGoの心理戦#shorts #smap #daigo
3M2i3JxNx-0,24,33,68425273,Ranking The Best Wasp Nest Removal Moments 2
ja2bqneY5Js,24,52,2801880,ナダルの信頼ゲームがおもろすぎるw#すごい #お笑い #shorts
kw4JLEyO7ng,24,58,2752972,トイレのやつ、思ってたん私だけじゃなくて安心した！笑 #月曜から夜ふかし #マツコ・デラックス#マツコ #デラックス
yamBWQtNSDI,24,180,4117309,心があたたかくなる90年代の名作映画
XGvpKRxG3pc,24,36,1096933,新宝島MVで大失敗！？
KCuwW-lUvKg,24,78,2870282,家族のバズった5選！
6wwnpAvMmPY,24,57,3149700,【神回】クッパさん好きだわw  #お笑い #爆笑
h1qP1YYnK0o,24,94,1325084,立派に成長してくれてありがとう #shorts
8JqrKxC_uhQ,24,60,1892203,頭おかしいが咄嗟に出てくる女の人最高 #月曜から夜ふかし #マツコ・デラックス#マツコ #デラックス
kes6dekQ82o,24,3385,3132935,瓜田さんの頭突きで田中雄士がマジギレ、大乱闘で収録ストップ【Breaking Down20のオーディションVol.1】
BErb342WGN4,24,38,2819968,双子テレパシーシンクロチャレンジ！
ojQGXS6coAU,24,63,1470253,逮捕で経験すること👮 #shorts #警察
7-LI3QPk4dM,24,91,3192290,10年間無欠勤の社員に本社が訪れた理由
iXumYogM45Q,24,21,2004343,女は黙って男にこれをあげれば全部うまく行く #shorts
td3hxD1Sal4,24,64,2205631,㊗️400万再生！【竹田恒泰】最後には人間が勝つ?!｢AIはルールを破れない｣
L63hcqU1Sk8,24,54,3861592,嫌なヤツには面白がるって作戦😊 #サカナクション #山口一郎 #切り抜き
vQw2Z6TqUmI,24,31,2424923,たった一発の蹴りだけ許可 — 空手家はプロに勝てるのか？ #水曜日のダウンタウン  空手家が道具に踏り1発OKのルールでプロと5番勝負!  #空手家 #爆笑
cw1xqivhNSU,24,52,841033,【濱田祐太郎】ミャクミャク#神速49秒 #お笑い #毒吐き #ルールは守る #偏見 #最速 #まい賞 #おすすめバラエティ #49秒グランプリ #shorts
MyrJP7S6VEo,24,66,2586088,畑山隆則が梅宮にマジギレする直前… #shorts #畑山隆則 #竹原慎二 #ガチンコ #ガチンコファイトクラブ
kA_JBgvCV2A,24,66,1271163,加熱式７割くらいだと思ってた😳僕は以前吸ってたけど吸った後カラダがめっちゃ重くなるのが嫌でやめた😂喫煙所での上司は優しかったしタバコミュニケーション確実にあるよね。偉い世代の喫煙率高いし！#喫煙者
vK6sjLsQH0s,24,57,1021010,シロの一戸建て #クレしん #アニメ #漫画 #グルメ #料理 #anime #shorts
my7jBJ-2AXc,24,58,1153727,ぉ前 全然 俺のことを分かってねえよ〟 #ドラマ #shorts #マイボス マイヒーロー
keWiI6m2lpE,24,24,802746,スタッフにキレられる2人がおもろすぎるw#すごい #お笑い #shorts
_WJwNtmOMBA,24,138,1460172,フランスって嫌われすぎ？ #文化の違い #ヨーロッパの偏見 #フランス
05Khx49jh90,24,19,868550,上司と部下が喧嘩しました。
yQ9WenZpQEo,24,11,947192,初めから真っ直ぐにしておいてほしい #すごい #おもしろ #バズれ #おすすめ #おもしろ動画 #shorts #海外
Ox1BZSoanwA,24,58,2768033,暗金ウシジマくん外伝 暗金ウシジマさん — 闇金の女王、降臨 🔥
z9tyCkv-7nA,24,50,1415799,ストーカーなのにエンジョイ勢な奴
timOQ5XDJ6E,24,31,1521135,フラッシュ暗算に挑戦するナイスガイ #QuizKnockと学ぼう #Shorts
DYv2uyjXvaU,24,37,1106181,作曲発表会に向けピアノの練習に力が入る娘の足元で変な趣味を愉しむウサギ #ウサギ #うさぎ #うさぎのいる暮らし #shorts
eez7TNoWGdI,24,30,936155,フジモン「顔デカイからや」発動集www #水曜日のダウンタウン
UU7wisNsFoY,24,56,3152999,みさえvsモンスターペアレント『子供のケンカに親が出るゾ』#クレヨンしんちゃん #野原しんのすけ #野原みさえ #野原ひろし #野原ひまわり #爆笑
cyIhEqCbcNw,24,22,2174056,モッパン撮ってたらカメラ奪われたYouTuber
PZTOEyDkAkg,24,16,740214,体張ってる日本のお笑い芸人に圧倒される外国人 #tiktok #tiktokvideo #memes #shorts #おもしろ #おすすめ #お笑い芸人 #海外 #レース
2SAnBWCBIKo,24,62,1732133,彼女がメロジョイの新作メロジョイミニランドを狙ってたので遂に遂に遂にです。#メロジョイ #スクイーズ
xJRDPHtkJhM,24,21,828511,軍隊のダンスを比較してみたら
QvqsEpNJMi8,24,32,984197,子供の頃のあなたの行動当てます！ #shorts
NDUkfSfZ4n4,24,11,1397057,海外の美女たちもメロメロにするめめ #snowman #目黒蓮
UX7VwQoYF1E,24,66,4996688,友達との中を深める方法
016jOixxeN4,24,56,1715249,【究極の二択】結婚式までに60kg痩せてドレスを着ろ！ #重音テト #初音ミク #巡音ルカ #鏡音リン #VOCALOID
13X4-sVQUPc,24,79,1394818,酒を飲まなくても呑まれた話
8ecZGtuLQVw,25,74,313766,【会見冒頭コメント】巨人・阿部慎之助監督が辞任　本人が取材に応じる　暴行容疑での逮捕受け ｜TBS NEWS DIG　#shorts
r0hQF7vgZ1c,25,61,86075,ニュース5選！最後のみんなどっち派？？#ニュース #世界 #隕石 #クイズ
gegklqUFT24,25,2038,184074,【同志社が虚偽報告】文科省による辺野古転覆事故の聞き取り調査報告書について・・・（虎ノ門ニュース×須田慎一郎）
Qu3CE7d_Bkk,25,613,481993,【速報】プロ野球・巨人の阿部前監督が会見  長女への暴行容疑できのう逮捕後釈放
mv_npTUF7mY,25,136,802318,車の窓から顔を出し…21歳女性死亡　直前の映像を入手　事故の詳しい状況は？ 岐阜・笠松町
2lFIs-2u19s,25,1918,611463,【栃木強盗殺人】少年4人(16)を逮捕…なぜ低年齢化？“トクリュウ型”闇バイトの実態｜アベプラ
h6vqSu8EEIw,25,99,390028,巨人軍 阿部慎之助監督 逮捕され釈放　「かっとなった」娘への暴行容疑(2026年5月26日)
mvHhkWfjBgo,25,7676,111010,R8 5/29 百田尚樹・有本香のニュース生放送　あさ8時！ 第848回
rz4WmIL8MGQ,25,935,67750,巨人・阿部慎之助前監督が“18歳長女への暴行”容疑で逮捕された経緯「阿部さんの家から男性の叫び声が聞こえた」
BHgiqERKHMU,25,3159,411352,【高橋洋一が斬る】VS今野忍とびっきり初共演「元朝日新聞らしからぬ人だね」皇室典範改正と男系男子を語る／国力研究会無力化⁉しれっとあの人も静岡は全員／消費税ゼロ法案提出明言／レア都市鉱山で静岡に希望
larfpYF8o20,25,1158,90101,これからどうなる辺野古沖事故「刑事告発」「教育基本法違反」【産経ニュースLive】
r7WyVqW7-Wc,25,6246,80353,【ニッポンジャーナル】上念司×井上和彦 最新ニュースを解説！
ypvZjLsKy4c,25,865,81447,隠れ失業2億人！中国経済ガチカウントダウン！輸出一本足打法の限界はすぐそこ！コロナ乗り越えた仏高級百貨店北京旗艦店を閉鎖で歴史に幕！消費冷え込みが止まらない！｜上念司チャンネル ニュースの虎側
m7C3BR1w-tE,25,1559,51264,衝撃ニュース！ついにロシア軍の“恒例5月攻勢”が停止へ！戦争5年目で初めて「いつもの前進」が消滅…ウクライナ軍が石油基地・製油所・補給線を同時破壊し、ロシア軍の後方システムそのものが崩壊開始へ！
aJ9rM9xVYTA,25,6631,56180,【21時から5月振り返り生配信！】最新ニュースと5月の注目トピックや必見の動画を今野忍さんと山本期日前さんが一気に紹介！面白かった動画をぜひコメントしてください！【今野忍×山本期日前】｜選挙ドットコム
BVbDZ2Wa3wY,25,58,159402,戦闘3カ月　覚書交渉中に駆け引き激化　米イランまた攻撃の応酬 　停戦は維持か　米財務省「ペルシャ湾海峡庁」に制裁
67obw3dvemY,25,7649,56132,5/29（金）朝刊チェック：【悲報】高市早苗さん、犯行をほぼ自白してしまう
-5qphr-L08s,25,543,118661,台湾の大手新聞「自由時報」、ちょっとおかしいww
EBjHE6ftbzo,25,60,22160,日本の首都って二つある #ニュースあさ8時 #虎ノ門ニュース #文化人放送局 #保守 #日本保守党 #北村晴男 #百田尚樹 #政治 @百田尚樹チャンネル @弁護士北村晴男ちゃんねる #時事
Ed27vo-6wC4,25,610,31676,【ランチdeライブ】5/29（金）知ってほしい今日のニュースを厳選！いさ進一が生解説する新聞情報 ・ ニュースチェック【 15分解説 / 政治ニュース / 生配信 】
pw24l9srMUo,25,578,136013,「私たち外国人のせいかな」トラブル相次ぐ「特区民泊」に外国人“駆け込み申請”殺到のワケは？　「ビザ取得目的も」「所有者が分からなくなる」専門家はリスクを警鐘｜newsランナー〈カンテレ〉
Q2mbYH7bdT4,25,1383,95703,【10年間の二重生活】夫に隠して交際した相手を女が殺害 なぜ被害者の母が加担？…法廷で明かされた真相｜ABEMA的ニュースショー
R4phlhiNHFA,25,2281,36322,20:00～ウ軍大逆転🚨ロシア軍の攻勢が止まった！補給線寸断「兵站封鎖」作戦が戦場を変えロシアを突き放す【ウクライナ戦況Live】英情報長官「ロシア軍50万人の兵を失った」
EJRa9973eVY,25,3675,29065,高市激高！政府専用機で何が？止まらぬ官邸リークと“麻生支配”の深層
s6Etx028pXc,25,5791,32215,＜高市 右傾まっしぐら＞ 国家情報局／教育基本法／日中険悪／イラン停戦【山田厚史の週ナカ生ニュース】
FJDtu5YctdA,25,1482,1650037,【徹底取材】｢あまりに異質すぎて唖然｣　新映像と新証言で浮き彫りになった安全対策の不備　沖縄・辺野古転覆事故から２ヵ月【ウラドリ】newsおかえり特集
P7vsoWL0u3Q,25,705,68023,辺野古事故報道は“遅い”のに...朝日、琉球新報、沖縄タイムスが文科省認定に“脊髄反射”の発狂！【5/23 SAKISIRU】
6g24D4XTkuc,25,4431,74476,高市首相と自民・維新・マスコミの大劣化／中傷動画、不問の新聞・テレビ／維新・藤田氏の記者脅迫／高市首相、外交孤立で内政さらに極右化(伊藤惇夫❎尾形聡彦)【5/23(土) 18:00~ ライブ】
LVgJHOj0PqE,25,159,18759,八代市の庁舎建設をめぐる汚職事件 成松市議をあっせん収賄の罪で起訴【熊本】 (26/05/28 19:00)
rQyVQ3eAk0o,25,327,32392,土石流や倒木 鹿児島で激しい雨…異例の暑さで“赤潮”の地域も 夜には“夜光虫”の青白い光（2026年05月27日）
SDFnP_MgmIU,25,3461,27760,闇バイト！ホスト問題！個人情報漏洩！！日本のヤバい犯罪・事故ニュースまとめ
OaiEudMcP3o,25,8180,24317,報道ヨミトキWEEKLY#​​249 高市陣営世論工作国会進出SP｜『初めての公共訴訟』から考える司法のあり方、森友国を再提訴へ、国家情報会議法が成立、高市陣営中傷動画投稿問題……｜青木理（5/28）
hx5dUlj1Sb4,25,9900,53201,【5月18日～22日の解説まとめ】“米中”直後に日韓・中露が首脳会談／日韓 共通の心配は自国の防衛／日韓会談で一致したエネルギー協力とナフサ問題／クマ被害を減らすカギは？／全国初か 市長が産休取得へ
JJiWucBHydI,25,1192,33375,【反乱の種】ロシア企業家同盟が重火器を要求　パニクるロシア軍　
dxAS-wfdL4g,25,2232,26825,【イラン戦況・ウクライナ戦況】26年5月26日。地中海で破壊されたロシアLNGタンカーが晒される！/トランプ大統領、突然停戦条件のハードルを上げる！
v7Qz7e91VTA,25,2586,124901,《東スポ競馬ニュース》【オークス2026】本日は豪華に抽選対象含む22頭の全頭診断！！桜の女王は注目データもアリでこれで距離の不安も解決…！？競馬記者が徹底解説します
IjpKSzpKOg8,25,63,19894,【速報】歩行者の30代男女がマイクロバスにはねられる いずれも意識なし 名古屋･南区
F4pUdvQnLcU,25,589,55446,巨人・阿部監督逮捕、あまりワイドショーでやり続けるのは…▼露反発、アルメニアとアメリカ連携深める▼電気ガス代補助はよくない政策 26/5/26(火)「辛坊治郎ズームそこまで言うか!」しゃべり残し
aHmVMa4e9sI,25,2713,32755,【スクープ独占】産経編集長 矢野将史 が辺野古転覆事故の最新ニュースをお届け！事件を呼ぶ記者 三枝玄太郎が銀座６丁目の事件に遭遇など。山岡×三枝×矢野×大槻【文化人デジタル瓦版】5/27水16:58～
FoZtgPzA_CM,25,135,3460452,State of emergency declared in Southern California
4kjpIozWxNs,25,3218,50574,【“共産党シンパ”だった！！】『NW9の偏向報道！！』
qYPS08HDxBo,25,167,491326,フリマサイトで購入したコンテナ…実は盗品？持ち込んだ若い男女は追加購入の提案も　大量盗難との関係は？
62klUtomDnc,25,1491,43719,高市総理「来春までの原油を確保」テレビは絶対に放送しないニュース／中道改革連合から離党者ドミノで絶賛崩壊中 頼みの連合組合員の支持率もわずか4.6％でお先真っ暗 260526
SNAudJ6k17I,25,1011,35591,合計しても５％。中道「クラファン」１万人で勝利宣言の「政治と金」。ナフサ専門家「完全敗北」。「７月」以降にゴールポストを動かした。２円が３円になって大騒ぎ「報道特集」｜【ライブ・切り取り】#1242
WC7dC2wFvMA,25,48,42562,英国防省発表　ロシア軍戦闘機、英偵察機の前方６メートルを横切る…４月、黒海上空の国際空域で
fgcYjB9F6d0,25,647,55939,紛失防止タグ悪用か　ストーカー容疑で自称シャボン玉師の男逮捕　【ぎゅっと】（2026年5月27日OA）
g-440pOexAk,25,808,22660,● 三峡ダム ●【速報】たった今！上流の烏江に「特大暴雨」警報が  2026-05-28  中国の最新情報 ライブ  今すぐ崩壊するわけではないが.. 3兆円をかけた巨大プロジェクトの行末
fwM2on7cLTs,25,407,59122,[Breaking News:これが中国] 河南省で食中毒発生！被害者70万人
d8eQ22mMCCI,25,2062,49063,（2026.5.21）【韓国ニュース解説】李在明ネタニヤフ逮捕ほのめかす、そんなバカな、そんなことできる？サムソン事態一旦収まるもさらなる深刻な事態へ、赴任予定の米国韓国大使は反共反李在明
CF9rB-B5UKQ,25,803,28993,【朗報】英国が日本の圧力に屈した！日英伊次期戦闘機にイギリスが1.2兆円拠出！日本外交に強さが戻ってきた！【光岡かつみの政経社会】
tFuyq24sZWo,26,55,3129588,暗金ウシジマくん外伝 暗金ウシジマさん — 闇金の女王、降臨 🔥
QqXwYmjBl5E,26,51,2732875,この隣人、本当にヒーローだった
o3hCrzIq3zw,26,18,1720016,筋トレマニアたちの真の義理
urEemNrnink,26,26,3149510,ニワトリ一羽分でジンバル買う方法
Q8g6943fwnA,26,39,2556941,客室乗務員のアナウンスで機内が涙に包まれた理由
qcK12wa--es,26,60,2964407,親友の家にビーズぶちまけまくってみた
inXPjn7Dpp8,26,27,874210,19歳の猫と暮らす飼い主。あの日、尻尾が動かなかった。
p9CrRt5tdbE,26,20,1374553,【DQN】シ。社会の厳しさを知ったバイカスについて#dqn #バイク #スカッと
c9iPfaKBrCA,26,26,4218727,道路で強い振動が起こる理由
-bjJk_b_sRk,26,16,2780084,自分の結末を悟った選手の最後の表情
CC2isV4jU60,26,56,1222957,未知の料理に挑戦するお母さん
9xpMeJEJTyc,26,25,3571027,こういう時どうすればいいの😱#すごい #日本 #車 #自転車
AyDmfqZcqXY,26,94,1536110,【保護猫詐欺】保護活動を装い、善意のお金を騙し取る女を直撃
iAbyg4VkesE,26,14,1402351,片想いが終わって恋が始まる瞬間
4SrktIIC-zM,26,26,1174823,川辺で遊んでいた子供を急いで追い出した理由
zkuSKzqLQPs,26,11,1297629,隣を見たら…🛀｜PECO
2_vGifyjQ1w,26,38,2543721,日本に旅行に来た、海外っ子の日本語が可愛いベスト4
tCYqE7tQGG4,26,38,2642974,想定外の中国の日常
r7V9xO5tPS4,26,41,3326138,スピードバク転の衝撃の裏側
CjKoit5aQF0,26,35,862436,【答えは明白】これはどっちが幸せ？【2ch面白いスレ】
MTMrPec7MVg,26,11,1078100,昔サッカーやってた船頭にボールが飛んできた
y9zCTcthc9w,26,34,1850007,空ぶかしでイキってたらおじさんにキレられる
Uj_IA3C73J4,26,51,1332909,上司のシャケ弁当でお寿司を作りました！！！
XfXaj3P2u1Y,26,13,3317297,100回に1回成功しそう　#youtube #shorts #youtubeshorts #おすすめ #おもしろ #面白い #アート #art #すごい #神業 #絵 #イラスト #バズれ #草
eaTVZwu13fI,26,25,995317,壁ギリギリで曲がります｜イタリアラリー
w4Dm2dT02VU,26,15,1015248,ドラマ撮影の裏側が凄すぎるw#すごい #感動 #映画 #shorts
yROdlbsBZKI,26,10,1060693,今日ついに写真集発売日です！！みんなのお陰でまた貴重経験をさせて頂きました。ありがとうございました！！
ae4CzCFs3F0,26,36,761213,【賛否】本上まなみ「通報は正しい」阿部慎之助の娘の児相通報に断言した理由が衝撃
PKRTiJpXQQo,26,25,2135621,桜島が爆発しました・・・
9lORCrm2dN8,26,19,2997951,氷鬼で引くほどガチで凍る人 #shorts
oi_GCo3J0A8,26,11,519574,私の爪じゃなかったの？大どんでん返しありｗｗ #ネイルアート #ネイル #サンダル
FN88YfbEoho,26,13,3471983,アイス屋バイトの裏ルール   #バイトあるある #アイスクリーム屋 #試食 #接客業 #バイトの本音
fEpEuI7PCW8,26,36,4575455,フランスのチーズ転がしチャレンジ
43GPeCOrhCY,26,39,652735,アジア人っぽい食生活の子供たちに悩むママ
pHXWAFhr6_k,26,21,982977,史上最強の全治3週間モーメントTOP5
JIJjMeZQOvU,26,29,752606,世界でバズった師範の青竹切り
kQR98fJelGg,26,34,1370148,史上最強の無害なシカモーメントTOP5
uZNbdBQQ7Nc,26,32,1112205,ママの手を握っていると勘違いした子
i2gHC09kqWg,26,113,1103606,【検証】『トンカツ』や『牛カツ』はあるのになぜ『牛肉や豚肉』の天ぷらはないのか？天ぷら職人に作ってもらったら驚きの結果に！#shorts
AXAMA85BsbI,26,30,1377887,葉っぱの上に魚が登る理由
eUbtyPhCGKU,26,32,542018,ジムでイケメンの連絡先を聞く方法
RVF_06Gpftk,26,25,597718,お洒落すぎる水中ゴーグル
jNWYIMspkaU,26,39,1050004,「このタオルは洗濯機では洗えないんです。」実はこれ、100%植物由来のこんにゃくで作った体を洗うタオル。普通のボディタオルには表現できない「ぷるぷる感」を選んだから。
3rhxdS-YWIM,26,36,1074000,子ども４人を育てる妊婦ママの朝
FP1A0Hw0PzM,26,14,738479,困っている人をさりげなく助ける方法
Nxpou-wp7PE,26,13,730345,猫が飼い主に子猫を任せた理由ｗ
qjY5uuhQlyk,26,22,1654259,物理学的に最も速い泳法
sM2ZnWyE9MI,26,24,3974904,ギネスビールの注ぎ方
LA9LVBZV2Xo,26,41,589968,たった30秒で覚えられるマジックだって!
0xRr_ytSkqI,26,15,1154607,アゼルバイジャン風目玉焼き
BQrXZnFvPZ8,28,22,1217535,世界でバズった平成21年の神機能携帯
KVBRzyCtFw8,28,50,392353,Switch 2でYouTubeを観る裏技が見つかるも即封じられる事件  #ゲーム雑学 #任天堂
DiWu_uydT0Q,28,42,243578,iPhone 復活してほしい伝説のアクセサリー 5選 #apple #iphone #アクセサリー #雑学
d2F4_i1zQWM,28,63,73313,初心者でも使える3Dプリンター？！モデリングも出来ないけどやってみた！#pr #Creality #SPARKX #SPARKXi7 #3dプリンター
co18MZypHm0,28,26,11388477,jbl go4 pvc pipe drop jumping
7wpe9VWPNT8,28,1110,91299,【SSD4枚とHDD12台で】「容量100TB超え」「壊れてもデータが消えない」最強ストレージを構築する。【500万円PC建造計画 #13】
-UhaP8iofaw,28,1502,110757,【iPhone 17eレビュー】レンタル1円なら買い。定価10万は無し
JYzEWtCzs54,28,33,147962,"5,000円切る全在宅ワーカーに捧げる宙に浮かせるモニターアームこれおすすめ | グリーンハウス モニターアーム"
p0iRD4ETIks,28,86,140432,TourBoxダイナミックカラーピッカー【イラスト商品紹介】
xd4p0rWlXUU,28,46,98054,iPhoneがキッズ携帯になる裏ワザ知ってる？📱✨子どもにスマホ触られても安心🥹神設定みつけた！
lRYfXY9W6gs,28,2083,121594,BOSEワイヤレスヘッドホンをUSB-C改造＆レストア ボーズQC35
Xj4mJxRAuI8,28,83,67132,Ankerから遂にハイエンドイヤホン登場！│Soundcore Liberty 5 Pro & 5 Pro Max レビュー
Q1OSdoTpyqc,28,83,431645,【爆速？】大量のOptaneSSDをつないで遊ぼう！！！  #自作pc  #ssd
9Rr1ovYIk_E,28,24,14231518,"Introducing the ""VitaWear SmartBand,"" a next-generation wearablegadget#shortsfeed #trending #vairal"
6D2UxPQ8Lrc,28,1828,77226,Amazonスマイルセール！セール動画のはずなのに...猫が飼いたくなる動画 [アマゾン] [超猫拳]
AFoEY-LTa9E,28,31,43637,Ternus頑張れ！#apple #iPhone #smartglasses
K2LBOL0IvlQ,28,19,163393,[スイッチ2]なぜ遊ぼうとすると電池がないのか [あるある]【Nintendo Switch 2】
6zBiet0mw1I,28,82,35478,ソニー WF-1000XM6がお買い得になったって本当！？ #shorts #sony #earphone #eイヤホン
Q-vBhNQxmNc,28,878,52721,【5480円】ドンキ激安TVの正体はREGZA！？55型4Kテレビの中身がヤバかった【秋葉原】【ジャンク】
c0oS39OnPDY,28,49,8291146,I SHATTERED the lens on my Insta360 X4 Air — let me show you how I fixed it. Use code: JACOB
6V7TC0yjkM0,28,11,5762807,Wireless Charging Stopped Working!#wutheringwaves #wuwa #wuwacreator
HK9PLTMZzy4,28,215,990483,Nintendo Switch 紹介映像
IH5USXeVodc,28,898,67048,【ついに来る?!】折りたたみiPhone最新情報まとめ！iPhone 18 Pro/Air 2 /WWDC26まで一気に解説
EPJRsyUXjvA,28,1113,54477,Amazonスマイルセールはじまったぞ！おすすめ商品32選／5月版
ZJJ6L8bUHtY,28,1017,42680,CIOの試作版 USB充電器を試験!! 発熱が想定より大きく、設計をやりなおす必要が出てきました【国産USB充電器プロジェクト02】
7xDh9k5N2Z8,28,161,32460,レトロゲームの画面黄ばみは何もせずに直せます！　#shorts
XVSgn0mICec,28,565,61844,【何が良い？】GoogleとSamsungがスマートグラスを発表した件
bnk_SC5yFTQ,28,59,75688,コスさんはカメラマンをクビになりました。 #PR #shorts #OsmoMobile8P #DJIOM8P
tm-iLJ_VZYM,28,65,28352,Ankerの新作ガジェットポーチが良すぎた
gtLhdwQBiBw,28,70,163298,iOS26にアップデートしたら…
V7lMng9DeL8,28,411,41024,たいじワールド全開！過去と未来を繋ぐ配信空間 | 配信部屋改造プロジェクト #4
2oJBjOoOBCw,28,119,570533,Getting Ready for the World Cup with a 100” TV ⚽📺 #Hisense
MMwhnIxXg8U,28,74,47834,【自作er】ところでRadeonとnvidiaのグラボって実際どっちが良いんですかね？【質問来てた】　#shorts
PZKpZmgop30,28,561,44773,一人暮らし始めたのでざっくり部屋紹介
UJCJEU9a2yY,28,67,796577,USING GULE TO CLEAN THE KEYBOARD PART2
yDsFknW25QE,28,935,34587,【新型】衝撃の高電圧とパワー！もはや安定化電源に近い高電圧モバイルバッテリー(電源)をご紹介します！
S7Hl5stmkA4,28,908,188335,【国産ミラー型ドラレコ】デカ過ぎ!?視認性最強モデルがついにアルパインから ALPINE DVR-DM1200A
GpgBt8rSXSM,28,1143,46858,【迷ったら見て】アップデートで変わるGeminiとNotebookLMの使い分け。それでもNotebookLMが際立つ3つの場面とは【Gemini NotebookLM Workspace】
IlW1x9SVSU8,28,389,25430,ALPHA DRIVE ONE OFFICIAL LIGHT STICK USER GUIDE
9GSDvO0LFFE,28,1062,2851727,"The Truth About the ""Whoop Killer"""
kOUeLKUZ2X8,28,1785,60569,9割のアマチュアが見落としてる、たった1つの事だけでスコアアップできます｜HUAWEI WATCH FIT 5 Pro
3axCQDMHxAU,28,67,115374,Anker新製品で使ってよかったガジェット3つをご紹介します！⚡️ #Anker #充電器 #イヤホン #ポーチ
KrURrTxOm-U,28,721,72424,【大騒ぎ】Chromeが勝手に4GBの謎ファイルを隠れて落としてる件！今すぐ容量を取り戻す完全脱出計画
qxsXOG5c_Bs,28,963,291675,業者に頼む時代、終わり。これ1台で一生モノ刻印｜レーザー彫刻機 LaserPecker 4
dEqSv9jtlFc,28,2648,44208,【レビュー】Xperia 1 VIIIキタァァーー！2026年ソニーの最強ハイエンドはコレ！1 VIIとも比較【感想】
WIfe9zF4Hx8,28,771,52431,【絶対買え】投げ売り状態のiPad miniがヤバすぎる…これは爆売れ確定だろ【コスパ最強】
H0N2pfrSdi4,28,510,31754,活動休止のお知らせ
U0CtUvVrI9c,28,29,12364309,iPhone 17 Pro Max Cosmic Orange 📱 🔥#noads #tiktok #usa
xgjSUB2vfy8,28,61,113411,【iPhone】実は無料でできること7選#iphone
7m4FJm-VPlg,28,1691,183740,史上首款2nm芯片有多强？三星Exynos 2600性能分析！
61XpbmGKknY,17,73,5651049,石川佳純が涙ながらに訴るも誤審を認めない審判
RCMDcA-BVPs,17,28,2574883,adidas厚底シューズ2026
-2RtxCvRjWU,17,25,1854928,【大爆笑】クセが強すぎる⁉︎愛おしい︎運動音痴の面白いハプニングTOP5
meQmMDt56Wk,17,29,1516521,みんなが拍手したスポーツマンシップ
gqTC6piVhLI,17,29,2304890,ケガをしたと見せかけるサッカー選手の名演技集 #サッカー
kgqpKcEvmv4,17,39,8271017,歴史的勝利 日本vsアルゼンチン #感動 #サッカー #サッカー日本代表 #ワールドカップ
fK9Ssihs7cw,17,39,1221597,有名人 あり得ない サッカーセンスTOP3 #サッカー #サッカー解説 #日本代表
4OBo4GQGd7k,17,52,1660249,スピードがバク宙で大恥をかく瞬間 TOP3
bSNeJW1wyw8,17,22,1278103,稲ちゃんが天才だと分かる瞬間w#すごい #お笑い #shorts
30LxZlBEQM4,17,20,580791,【強風vs夏央】マリンの強風がやばすぎる #shorts
LrvptEbfcIQ,17,33,1238913,224cmなのに守備IQまで高い選手
Lb0Ees6IAqo,17,16,3143395,正解を見せるロナウド
LPSaAJK1RtU,17,39,2661104,観客の一言でナダルになってしまった選手
8RuCzCj1ar0,17,26,899703,予選中に転倒した天才レーサー。ピットへ戻るために魅せた『前代未聞の緊急ダッシュ』に会場全体がひっくり返った理由【バイク・衝撃】
rNzMyG8WJFA,17,47,4068269,現実に飛び出してきたハイキューのラリー
KTiugxYgNJU,17,60,1180222,【シダこたの幼少期と現在を比べてみた】#shorts #体操
sdpwE86J_Ps,17,60,4612861,【リレー】全員が全国大会出場者の部活対抗リレーがレベチすぎるww#shorts#tiktok#おすすめ#運動会#体育祭#リレー
5IJxVmZ6Ui0,17,656,3288032,【ジョッキーカメラ】ジュウリョクピエロ騎乗の今村聖奈騎手ジョッキーカメラ映像｜2026年オークス｜JRA公式
sTPNEeILDTA,17,25,1928953,選手がファンの応援ボードを奪った理由
AmUcLwEPWQk,17,14,551491,【ノーサイド】吉田麻也とバレンシア、最高のリスペクト。
toa9-lAH6TA,17,36,681878,【物議】立川志らく「阿部監督を辞めさせちゃダメ」暴行逮捕に異論を唱えた理由が衝撃
IcbXwFYzOhI,17,28,591001,三塁コーチが腕を振り回した理由
6XQkIFl4NjE,17,60,1712969,ついに反撃に成功したスピード
Zc_mWADAuBM,17,37,3021156,イチローの野球脳が大谷より優れている理由
91b-WAfzPEo,17,79,1934802,ダルビッシュの肩を叩いた新庄彼が放った意外な一言が悪ガキだったダルビッシュを救った#新庄剛志 #ダルビッシュ有 #日本ハム #プロ野球#野球#野球雑学
RCFR5pY6Eh8,17,32,3349960,ガチバグったレジェンドスケボーパート2
rqXS-ei03hs,17,30,9636771,0% respect😠#ufc #mma
SgTyzn9xsQ4,17,41,669846,信じられないフェアプレーの瞬間 👏
XKLEKTkultY,17,19,2423602,隠れサッカー選手がバスケ選手に出会ったとき 😮🏀
SV4SlRLYH6A,17,33,3809905,史上最高の歴代級の完璧なエイムTOP6
E8VHRIcRKjI,17,755,1707464,【大谷が9号先頭打者弾＆6回ノーヒッターで5勝目｜試合ハイライト】ロッキーズvsドジャース MLB2026シーズン 5.28
Un2SBAPBePM,17,51,679205,えんどれす【初心者が言ってしまいがちなこと】#スポーツあるある #スポーツやろうよ #野球 #あるある #endless1
MBSSUZ0y52s,17,39,42283367,Ranking The Best How Did They Do That? Moments
3vNlyf0UxZ8,17,12,714683,子どもたちから大人気の長友佑都に吉田麻也からは厳しめのひとこと👀
raVj3d9ozMU,17,15,730207,マットの外に出たのに世界１位じゃない理由
tYV9_dQjXJU,17,80,535494,シェーン・マック‼落合博満が「最高の外国人」と絶賛した最強助っ人をコスパで解雇した巨人の末路 #プロ野球 #読売ジャイアンツ #メジャーリーグ #野球 ##落合博満
X4M8YXHPZi8,17,23,694667,【バスケ】トリックショットの簡単な方法🏀
H9mTu48HUL0,17,55,1337911,ユニを引っ張る相手にレオザが猛抗議！
FYkMtuZWPNs,17,145,4158379,ジェームズがいつもチームの残り物を持ち帰る理由？その真相がついに明らかに#lebronjames
jPzMWaXhJ1I,17,678,1936870,【快挙！JRA女性騎手初のＧⅠ制覇】2026年オークス(ＧⅠ) ジュウリョクピエロ×今村聖奈   レース後の引き上げ・ガッツポーズまでたっぷりお届け！【カンテレ公式】
fz49EKlb3Ac,17,29,816050,国ごとのエリートボクシングスタイルの違い #boxing
YtlGx9q-6EU,17,38,878202,世界がビビった相撲取りvsボクサー対決
H0sRPSL2Nhs,17,16,376116,㊗️70万再生！村上宗隆がメジャー初盗塁！完全にモーションを盗んでスライディングなし！
Cj0J7SHJnMA,17,32,689709,笑われ続けた女性…次の動画で全員が黙った
7L5tuv0ydkc,17,57,453579,『阿部監督が続ける事は許されないと話した』山口オーナーが…
OxPLknnTtPE,17,28,592414,未来すぎたバスケゴール
fq9GZgPQsGk,17,27,772432,【驚愕】ファーストがこのレベルではいけない瞬間‼
dPVTg6SWP1Y,17,32,478858,これが爆発的加速の正体です
fMQsHirZdZM,17,60,681920,本当は怖い篠塚さん　#Shorts
O5qd6Bw-Itc,17,60,609844,もしも日本に英語がなかったら
